t,nu,eta,a,w1,w2,ref,err,err_core,err_grad,self_check
0.36024295408602547,1.0253557750902242,0.46726305938589957,0.33108928768810242,0.004063937166371454,0.022227186403266298,8.6141493745017522e-08,3.8780291187097439e-14,3.8165726046631022e-14,5.5679702630562414e-14,1.849389698126285e-51
1.7949160443405889,-2.9527280500818538,0.19723639556541273,0.61861271959613751,0.25356306482733931,0.46530533762677628,7.8099773358016537e-13,5.6257892783527783e-15,5.6257892783527783e-15,nan,nan
0.015487098759959276,5.7939890136025838,0.03863364275609428,1.1053774070089812,1.081208641041104e-05,0.021380023337342405,1.7080881509393748,1.0197147325239658e-14,3.4524313011949418e-15,nan,nan
0.74027001122627289,-1.2500712496497108,0.31257177342455444,0.6091755732517955,0.15060939663999773,0.99999914990369976,0.00026399272255587516,7.6789934975655509e-16,5.6255236859952183e-16,nan,nan
0.19642687659076827,5.8657213703447741,2.9969498102309564,0.35502234660039556,1.1440668598773856e-05,0.92852922255664239,0.0010061818642585136,3.0998074516995848e-16,3.0998074516995848e-16,nan,nan
0.57879019055750491,-2.3920765156360275,1.1293258229168066,1.9280676833715222,0.00015425321311917159,0.00072827416764582507,0.00022577776162030819,1.0465645977125756e-16,2.2470838214667887e-16,2.5998334671329241e-16,nan
0.013015011040555226,-1.0820517389431394,0.00016125143827864876,0.35603376410257009,0.23227407644640033,0.94085126068108771,12.385414284508371,1.3088991566874003e-16,1.2533372288781978e-17,nan,nan
0.019633820015026525,6.1736772378999341,0.00046950260399484823,1.0433656040148762,0.22749407299763255,0.22876219483206425,1.2905023396089448,1.5622959717032731e-16,1.5622959717032731e-16,nan,nan
1.1007457842753692,9.3046890121516199,0.17589947214827445,1.1672315315383035,1.6888775850856672e-05,0.99994043727445003,1.0699162996948882e-23,2.3271370594351864e-12,4.1614422428942522e-14,nan,nan
0.34068139949535026,-0.2567414865601787,0.0092559664473047011,2.0467238487154411,0.026650799548792084,0.99998784070461011,0.40743332409613037,1.2016478541901017e-16,1.2016478541901017e-16,nan,nan
0.044842474294493929,5.8081965969328095,0.10083446635023804,0.37225316030359606,1.0757851892957163e-05,0.004035291276630183,0.014070973182554104,1.971897314622134e-16,3.2047356218741185e-16,2.5520024532143538e-15,0
6.9932554852014563,4.6095808950499784,0.045126594875025218,1.4875557019265577,0.48236954234079893,0.55666990650577342,1.096804534994763e-40,1.1348407293363023e-14,1.1162489239490345e-14,nan,nan
52.277243421419421,-6.5578296665105036,0.0015867600374460885,4.6139783182271321,3.6106801698618568e-06,0.99999437284057302,0,1,1,nan,nan
0.050652182075419779,0.52556553509448278,0.0026125033021485661,1.8507584139418605,0.0037934289568061978,0.99975101930924459,0.8253509072316626,2.8291342429243961e-16,1.3882878642712719e-17,nan,nan
0.0019534388732704235,9.4159086096816615,0,0.42702018313070528,0.00087534575987799226,0.99995445139631489,11.927530035950578,2.5846407300370822e-16,5.5632236119014104e-16,nan,nan
2.3667797905647552,7.4755104823023366,0.092656398977624815,1.2632528036729349,0.19646323360753365,0.99999761183702252,1.5374406569642509e-33,4.7346338877558614e-15,4.9571555710104988e-15,4.7079805413674205e-15,nan
0.0020988380491591013,6.1312683910356895,0.017477078748075459,0.42921542461752932,0.27676473239189381,0.27719227556954745,7.8910394737097187,3.3821658750784539e-16,2.2566127427449559e-16,nan,nan
4.4868000582820278,-2.5810011697406754,0.030848398692589471,1.8723426731902426,0.088180970965217112,0.15645028834834984,3.8250193054944768e-10,2.07904309960187e-15,1.9438835509682168e-15,nan,nan
10.760448304538224,0.80945311169039869,0.0066264725905598159,2.1844946567353865,0.30677273645889352,0.58383459031506413,1.2443680555171615e-07,2.6013161246684374e-16,4.7414968991967634e-17,nan,nan
0.451294276426981,8.5637378597216767,0.126575429984539,0.35667852781507386,0.37486838754070229,0.99999855219962985,5.4239303762055527e-15,1.3722190174565596e-15,9.358965443575155e-16,nan,nan
0.42729136294401127,-3.767626764039953,0,2.0691086949015949,0.12831863974434837,0.94406719044547183,1.1874028808581305,6.8088634310138099e-16,4.9388611891078379e-16,1.3492013867093942e-15,0
0.19478060416326609,-9.1811085381393767,0.0070213514247765294,0.9596428753368319,0.017389654551042869,0.024157387015186015,3.0169112336494228e-05,2.0404514524619718e-15,1.9281467962550759e-15,nan,nan
0.0035403031808002618,9.2680882684253483,0,0.39151671510155217,0.10142716804619288,0.99988615750108378,6.1322949242759073,2.3740966154143461e-16,9.2573441061546334e-17,nan,nan
0.016300158695689741,0.57784283767787592,0.019488044452320955,0.24032834614910545,0.33059655921796693,0.99999926145551077,8.7687386492971626,1.5428365749795155e-16,3.5686203398344872e-16,nan,nan
0.12485465185479556,-5.9860930202955327,0.078655319494254014,2.3755471813152167,0.41357565810329677,0.43903479105846183,6.8988719760537016,5.6562399515448599e-17,3.1463837712980803e-15,nan,nan
0.0011149453133229444,6.5876761963559893,0.003822383413825378,0.31133897313804093,0.44713884259752695,0.97921697283690845,0.0045035320521426628,3.0737951074668472e-16,1.6185793321036411e-15,3.3134779705348442e-16,nan
2.4931746914031128,8.7595587660187988,0.11885078712891617,1.3335170534637109,0.00052940893682260103,0.92333574354812109,3.1805051598423393e-45,1.1280199150334828e-14,1.14758603728486e-14,nan,nan
1.9746555120496596,-2.4700092424553493,0.15442845904908814,5.5751511635048434,0.34350177270702709,0.34435224708990675,0.032379173099849494,3.3930639914458063e-16,5.5360754520873021e-16,nan,nan
0.059173683688399363,1.1867352606691135,0.00064692044971165858,0.6179482906253887,0.0003533644544298702,0.99393199602499804,1.7165586703019642,4.4945805804099596e-17,4.4945805804099596e-17,nan,nan
0.05309571110562112,8.7800484912406667,0.028479939388124507,2.128840614549278,0.0083085056045292,0.0097898305783591395,0.068259595965961622,1.6602906097806234e-16,1.6602906097806234e-16,nan,nan
0.21022351962578431,3.9310804847439975,0.13771113565520335,0.6085063803043621,0.38448592840678192,0.99925657217749286,0.017375798839132345,4.8834688712000348e-15,2.4874142317045465e-15,4.6149913918127221e-15,0
0.0065903513543883671,-7.5141249128478682,0,0.21717232143345933,0.35346121286107368,0.35430775623000038,54.125502342799088,6.3923044371569064e-17,6.3923044371569064e-17,nan,nan
0.20966946812621007,8.1712999003917552,0.0031692802914520652,0.4126173637654153,0.22154261510292481,0.94666910231624279,5.6936581827444187e-06,4.8494863803552766e-16,4.8494863803552766e-16,nan,nan
0.15336261070725579,-8.4840427738009794,0.028284353070966873,0.55645662097537285,0.1152453275901125,0.11925035356176936,0.0022174421663847524,4.0317651834360579e-16,2.0759943607802348e-16,nan,nan
0.14647372303256523,0.83669409026236252,0.00056097905502105333,3.2128595303226808,0.24233254575297303,0.99991876757258924,0.023595271101096361,1.0246493477133965e-15,5.9278985474257609e-16,nan,nan
0.75336931086741699,-1.0002689793173776,0.88242823826647865,0.99319900016552609,0.0011205481013376376,0.92238383198558271,0.046528516178867059,2.0365218814020723e-15,8.4346532619495341e-16,1.000985243594282e-14,nan
0.0080178015878297326,3.4180998492111208,0.00093072644412980823,0.21019228168153314,0.00013995437822423616,0.9967355651950901,12.825865814053248,2.8008666304794475e-16,2.8008666304794475e-16,nan,nan
0.0085130193924713229,9.9949666636938268,0.00094966134771132867,0.56403634895859955,0.0033718049882200674,0.10090161507436006,6.1822399941496231,1.2013179466605192e-15,2.206980771750516e-15,nan,nan
6.5946906904484557,-5.3250606825971154,0.00015994190842826884,3.3871821444214327,1.6536939865697739e-05,0.00017994054200617238,1.2291495566361991e-46,3.775944576420226e-13,3.775944576420226e-13,nan,nan
2.4905458778800798,-2.308741801404115,0.0022785074127459775,1.3392440564671544,0.039978717450803523,0.99983455179440917,9.3982728580749919e-06,1.759728794185832e-15,1.9399816895944877e-15,nan,nan
0.0033499241442955957,-5.977921718215919,0.035341531963341243,0.26570332964015458,0.19103686009968682,0.9993367657879535,36.152501732071997,2.1307759616025866e-16,1.8000321524580559e-16,3.7149720021496133e-16,0
0.079183384474360102,-9.4233192474804746,0.010877746750702119,0.24400892456147069,0.090795601516940924,0.10006950999883048,0.000814661639360255,1.9663436636956235e-17,1.9663436636956235e-17,nan,nan
0.021167895960982688,1.508032056746595,0.58868021900122613,0.7345314563840124,0.34739968963433981,0.35256947548485473,4.6810967110743267,1.651109301607319e-16,2.4626320428198025e-17,nan,nan
0.046982855599732885,8.6333636836235712,0.00019228914377860315,1.2173471944628493,0.23889205002503061,0.48287970609044473,0.016325419229463154,4.5978549315429282e-16,6.0280496874703491e-16,nan,nan
6.0415246157222668,0.57596036875092693,0,3.1491055289771031,0.48709694713686452,0.96513706149711276,0.0011975677826446987,6.9370648647061594e-15,2.048246197179657e-15,nan,nan
0.70606425210130042,5.7706508197530244,0.0001152673488462424,1.8808143522418959,0.00017762058160857746,0.001843606176330365,9.8714917028167757e-09,3.5108999282043456e-16,3.5108999282043456e-16,4.7069834160226982e-16,nan
0.013488480151391048,8.8014164631863743,0.0093600305069349975,0.8174654517997878,0.4418052289816522,0.99998894437396679,0.001130154881157866,1.0469369600762276e-16,4.8842947968170392e-16,nan,nan
93.867277477262917,-3.5070517621613657,0.025095829144009176,5.0355448186249729,0.25838284551109347,0.31293434738074277,2.641712846170721e-244,3.927399206370048e-14,3.9027792020262434e-14,nan,nan
0.070114542176126379,-9.0134182056920249,0.037455454152328455,0.53565476144154789,0.42681628189011617,0.43766512939152291,1.530722138411724,1.8093134661603457e-14,1.6932664844891067e-14,nan,nan
0.094358087282518738,6.9936498055915202,0.11927366806932105,1.0031108343868222,0.010889951833447358,0.99999297162004053,0.018562618690311984,5.0598236045309011e-15,2.6300581103478746e-15,nan,nan
0.43263945845854979,-0.87234907342273083,2.8103782627232907,1.8203388194822976,1.1492079203193308e-05,0.99394949879647909,0.43749246049438328,5.2232330996615843e-16,1.478403791993309e-17,4.7662973815077483e-14,0
3.1354083968752482,-0.37087613612172277,0,1.1369081484828245,0.00054851126584182285,0.99993592373093121,9.7915497347641122e-06,1.0708049365868807e-15,8.9779188549712771e-16,nan,nan
2.1477456963907322,8.4107410128346061,0.037101336278800356,2.142851925099444,0.15500860501058294,0.25784575428518763,1.37765460998478e-36,1.1870893205207138e-13,2.3039336996153696e-15,nan,nan
0.037714993244862653,4.782657476836814,0.97097431420827529,1.2727139202697395,0.033599753817593322,0.75552131976808434,0.5290614879352753,1.8168975672336205e-16,1.8168975672336205e-16,nan,nan
0.037345474952176667,6.0978882532011411,0.043808066367170717,0.57579310010075024,0.35414994879713763,0.35426759520444739,0.93023824901154473,1.7986214273076064e-16,4.1855863275465736e-16,nan,nan
0.0017398014957172741,1.5154835978882168,0.29185264554389651,0.29535581877587447,0.00081688923263187622,0.99697836596851386,29.998981311285977,1.0836602490408503e-16,1.0836602490408503e-16,2.5172621051160326e-16,nan
0.38005629455356688,5.2160518177461022,1.6330115196977932,1.2903667443813456,0.28803362029971374,0.2887422117602727,0.01179532162334255,9.5774449433826789e-17,5.1294323370455792e-17,nan,nan
0.11753934232368375,-5.4210617879808032,0,1.6129250941623492,0.092817029980392277,0.98761550789150021,3.7248935051103969,7.8750666225829259e-16,7.8750666225829259e-16,nan,nan
0.91816479499512182,8.9136429020815982,0,1.3069487681065721,3.8145829841701481e-05,0.00023096316659724651,7.8954095879797504e-21,9.5849720062288478e-13,9.5868777120092581e-13,nan,nan
0.98650152896237753,2.1693168387196682,0,0.60988337016048821,0.25036333274775074,0.92832781360052496,6.7000853039654659e-07,2.4500858777150106e-15,2.4500858777150106e-15,nan,nan
0.03840573376821161,-3.8872475129009665,0.0011119810495728371,0.30151077716878777,0.0039170531758576672,0.99828099372597523,3.8152688248975566,7.1381157999521622e-16,1.5424288983836227e-17,6.1499762916705623e-16,0
2.634538235987486,8.8805191067642255,1.4425463756332844,5.9849094107563481,0.25972760500016018,0.9999621948662869,1.4730986766143829e-10,5.001288335272121e-14,1.0549888125402451e-15,nan,nan
1.4992738618408203,8.9627024524453915,0.00014232552113720056,5.5255675214731337,0.00013892273815466799,0.0096175265313275596,3.0192049717277923e-29,8.8798658406161126e-15,8.8798658406161126e-15,nan,nan
0.17540264056038632,8.5504824520119769,0.050356522236445274,0.45161492723246882,0.23719151317706683,0.99999893961286168,3.9260872016729455e-05,1.5177342280393784e-13,1.4041934492438263e-14,nan,nan
0.94529267458571509,2.939106666289554,0.073470121370675018,0.51876841878112911,3.8881577779249401e-05,0.95403667959815863,1.9564761420733621e-09,1.4073810133812241e-15,1.1959854857883272e-15,nan,nan
0.012381503689646299,1.9291863783631502,0.0033369953067220641,0.21743517292926204,4.6265999259682817e-05,0.99999811596459987,9.2840055932380956,1.7086347245123439e-16,2.1180687852185004e-16,3.0601078774329448e-15,nan
0.98993578923946834,2.5113658401684074,0,1.3119758619212218,1.6868847098712131e-05,0.38636064466338471,0.0011592624639380495,1.6353625556383592e-14,1.5766489370609016e-15,nan,nan
0.032847946700884131,1.7623994389952138,0.00089159894437666602,1.1772887142105957,0.22511982782762666,0.46070374160568872,1.35521397867326,1.8709850741272741e-17,1.4513483240050728e-16,nan,nan
0.32268392425843889,-7.2917665253665724,0.25648229946083484,0.81684108734591709,0.010504661372353747,0.84996218419327096,0.0020508475269430827,1.922563902794038e-14,1.9207827950720032e-15,nan,nan
5.9922166006801012,3.5759980200050911,0.052341652806583185,2.8308433215126274,0.065436798648079969,0.89163837416483915,1.2229425067525551e-20,1.7403050631796673e-12,4.7236793771541324e-14,nan,nan
0.0089696394855994233,2.968612658096621,0.038582110296868879,0.67132482238908475,0.41279426233876937,0.41345315721568987,0.75501495129148133,8.8876430751436879e-16,8.8876430751436879e-16,9.6499851503543482e-16,0
0.011964928078507393,8.2497528529442405,0.072604447893650614,0.66851158375023145,0.46272892963752038,0.46350834735530838,0.088995940340284671,4.566942166219607e-16,3.0075690358553029e-16,nan,nan
0.019541754224421892,-9.0909436594546129,0.0009335967044463388,0.31553407665754973,0.0005124893051256824,0.032496894908263033,0.35998891667544902,1.4552340894849638e-13,1.0774382346220328e-13,nan,nan
0.0029182736063806912,7.7704914541898447,0.0055527148162974214,0.35522964603287221,0.0029118277099308711,0.96747763921339147,12.081734060181091,4.484272637677667e-16,3.01398962155438e-16,nan,nan
0.35782154263316118,3.5816403524216547,0.00042259913940575697,1.9008262662721447,0.44767640798187686,0.51193038135295166,0.002069858400062425,3.6758772973384186e-15,1.9812166673938092e-15,nan,nan
0.038514591947210824,-4.7439797931053818,0,0.24040112568814812,0.35347276052724091,0.37377128237242258,1.8103178933282764,2.560121475884639e-14,1.5978842173141226e-14,9.8889604167137135e-13,nan
2.1398945027319254,-5.4016256282105228,2.2648905920627995,1.8422647283524689,2.4021981415400373e-06,0.060658401661786952,8.6510195006573765e-05,4.5390534631624098e-12,5.7520852068125487e-13,nan,nan
0.08850411884162801,0.4858674810529191,0.00075725637539641999,2.4540985379571723,0.034870438598818387,0.99781950743866965,0.44843465132748567,1.8020178214768296e-16,6.7375656691755873e-17,nan,nan
0.087980580649933596,-8.0572057717132672,0.021752508786982261,0.24593586415735907,0.29991355436318418,0.99998483409013816,0.0054831610460388987,3.7627519886864621e-16,3.7627519886864621e-16,nan,nan
0.15243628190711975,-8.2588038798187196,0.019145525930185023,0.21257407027878711,0.0069827419211080195,0.10190098294995935,4.3293379324534664e-09,1.8765449735741759e-15,1.4944169782738606e-15,nan,nan
0.18961986242436865,-2.3309751661226574,0.02970418944339713,3.8111357362930547,8.5347027565938188e-05,0.50090512872423965,1.3165611247183824,1.893761146220132e-16,1.893761146220132e-16,6.8794707518295055e-16,0
0.021216500967648877,-0.45407590996510194,0.23491201057945324,0.21560706678767808,0.09530764509232309,0.99999209394402799,5.1279337619143668,8.8619897849059371e-16,8.8619897849059371e-16,nan,nan
5.1860996250073716,2.1846353982999922,0.00036024153755006725,3.7839693335126179,0.0055786776139537192,0.012082452885500337,4.0587035385369509e-09,1.2846028790161189e-16,1.2846028790161189e-16,nan,nan
4.8657198577856153,6.3341384027250776,0.0092232855458385631,5.6721813957910197,0.35117967966006358,0.99725593291890091,2.9990827649235522e-51,3.892792070547738e-14,6.6726933601947675e-15,nan,nan
2.1612959387042796,2.2777873430962874,0.00073220320702034386,1.7834177937495084,0.064214766766964623,0.82058142574541926,1.9180723806202626e-05,2.6691405864493933e-14,1.7480432169515832e-15,nan,nan
0.052376019295706719,9.8719737825094498,1.9963772475910966,1.2241511646929875,0.0030675314768172672,0.015887479313844943,0.038085521654487434,1.890196651926555e-13,1.1468515197585733e-13,3.1192859538605583e-13,nan
0.32373462469250169,1.5777304227383055,0.0023467247563019726,2.9036974461947631,0.378818514468375,0.54250278482894976,0.017755053861768302,2.3377975978275261e-18,2.3377975978275261e-18,nan,nan
0.18872144621442621,6.2016053663265893,0.10997707036228199,0.28689373382816202,6.8570042007922859e-05,0.11754510199254165,1.9797852006197306e-06,1.6151608431601837e-15,1.4012404272006255e-15,nan,nan
0.11361620817111445,-5.8266007556120485,0.00011741398125868971,2.6954811552455067,0.21600460908631378,0.2514498782316219,6.5140019571637167,2.3898809093366606e-15,7.1945908058821325e-17,nan,nan
0.66658400800222462,-2.9270821975452481,0.0010638770678849708,0.45366904324783636,0.00064704688122914019,0.8948719508439924,1.3828674272846693e-07,7.2093796231962933e-16,7.2093796231962933e-16,nan,nan
1.2085314108778848,-8.3809879901247299,0.0032137019214761968,0.72709253086054382,0.21066791996591872,0.21092182470349469,6.1415496000476297e-23,1.2536316142982908e-15,1.2536316142982908e-15,1.3085542265458678e-15,0
3.0544343838014205,9.4067271212399675,0.085506095179861449,1.397669520353948,0.026400245329235603,0.033798295697171195,1.7744909068014072e-62,9.110203244617523e-15,9.2318743183039687e-15,nan,nan
0.0037556421519280791,-0.53062956280159845,0.0024555491135719223,0.52930661363730569,0.26349461458331469,0.99990771148679303,1.3658095986434313,5.3553220975587402e-16,5.3553220975587402e-16,nan,nan
0.35910484834200462,0.04617995971408817,0,0.54008384263609799,0.00087354513006534596,0.4011688483208779,0.013579924522626324,6.2482804446020506e-16,7.5256980569654195e-16,nan,nan
6.3322342237973324,0.032220962783853224,0.00015885675921959683,1.1318477498820498,0.29470973473977308,0.64034188351444699,5.8008041368212666e-11,4.7850082347873455e-15,4.3393908077447717e-15,nan,nan
0.09446870848973718,-1.0273351187064357,0.15299496901838383,0.87747500228517505,0.10679030543861005,0.23646859112467883,2.0164662274878684,1.6528079406957644e-15,1.0904337641084684e-16,4.81727781742346e-15,nan
0.63709213922001429,-6.6920265561776411,0.36809587269407518,4.1589246851957222,0.025936977928018086,0.99998649592825772,0.55719758685944298,1.6366000136957416e-16,1.6296010351587414e-15,nan,nan
0.078274830427428985,8.5333785454706721,0.0044012168533081545,0.46332500728019466,0.121233301903668,0.12177798653412066,0.032806786942052975,3.0843907244137517e-16,9.6931194020867815e-17,nan,nan
4.1558100596055239,-4.1266792660221485,0.0015018228466977743,1.0972575498311476,0.00037943511908104788,0.0014087931230981634,1.2640057812647429e-25,2.4183849449893756e-15,2.4183849449893756e-15,nan,nan
27.994343345705467,-6.8649037116920901,0.14769056346078024,5.4075088838330982,2.7250529950275085e-05,0.0049136605592801806,8.519697726568081e-184,5.2093685365139934e-12,5.2767159659640691e-12,nan,nan
95.520189885058883,4.2745250035597309,0.0050009522668671477,5.9670458057996028,0.42728558657121191,0.52246387185720833,0,1,1,1,0
0.38881673995195698,-4.3249621053115561,0.0040133508987948794,4.696742297887333,0.00019719326875598827,0.0033488363238381525,0.00037779600198532197,1.0683098098456902e-15,1.0683098098456902e-15,nan,nan
2.9868281583506864,-8.1897370224294797,1.9445903401709872,1.4629600312945681,0.012571332241828746,0.012831113720918408,4.9995477779270194e-09,1.1129568200508273e-15,1.1129568200508273e-15,nan,nan
0.025517479992953316,-9.1173947759937484,0,0.66349220724305324,0.04020798430332112,0.9956571215237664,14.447279687886148,1.5153370470657389e-16,1.5153370470657389e-16,nan,nan
5.7545108419462689,6.9999887149645765,0.65894928835880606,3.6563546438001349,0.45426230974237453,0.99999809326335498,5.0262130763620385e-22,1.7136347635388509e-13,1.1805673377104415e-14,nan,nan
0.94452067748727109,-7.4322697805626721,0,4.0331451421330158,1.2466046678103957e-06,0.071366798691550812,1.3297419133679734e-12,4.2992076907815946e-13,1.5314668527054457e-14,4.2823918153357718e-13,nan
0.17741499772852107,-2.5387452043157133,0.0033878193130435657,2.5962736548601248,1.4907671250122854e-06,0.98925260022034656,1.0558364342445881,9.6530673689450305e-18,9.6530673689450305e-18,nan,nan
3.5024039071134236,-7.3853051955203552,0.0060754153719594188,0.85213383794431818,0.36996596942452531,0.99888623702274848,3.5271829163236517e-50,2.0789787276531927e-14,2.1058998371363861e-14,nan,nan
0.0082250907347792366,4.8270133736614333,0.017848901896498567,0.32877271395501101,0.01172003147182077,0.99995509615131195,7.3694815630401864,1.9320787678128611e-16,3.1372903042044634e-16,nan,nan
0.19555034551320893,-1.7984663151460349,0.033618407866542022,1.4695573260481509,0.32673881155055801,0.99482383169057909,1.5085466439499926,2.3555701942717977e-16,2.3555701942717977e-16,nan,nan
23.00137453363439,-1.1246738947405071,0.0019940330132633016,3.3847491866463515,0.00094863733669479054,0.0027408670437106325,3.8411315581013078e-14,6.8049371863573139e-16,6.8049371863573139e-16,8.0060521800342932e-16,0
0.051725210365604866,-3.0068488812763583,0.063316040469023088,1.4343706989202514,0.098041000161115305,0.97020706828081205,2.6638494845732472,4.6903082229899134e-16,1.3561167649375722e-16,nan,nan
4.4910440887824024,9.826800752079226,0.049004782126623583,5.949249826092128,0.043379158761520209,0.99995089679557103,1.4751927582264453e-98,4.5884580154512624e-13,5.6475419788241522e-15,nan,nan
2.0315935022877238,-8.7579260099882266,0.0035750579595924506,2.3939017082676481,0.1849303580138543,0.72083236226655212,3.7852447646254068e-30,1.1285080943625984e-13,7.464263755746733e-15,nan,nan
0.38709703727458872,-6.8286395960295065,0.0059882592277352405,0.46736392975902885,0.4227807329516356,0.99970300164271098,1.6047433914300776e-06,3.4827726184497936e-15,3.2188572311742424e-15,nan,nan
1.4791543353081262,-5.6224301500587099,0.00036631151589133125,0.6096359653822101,0.081571305864158991,0.79927288255458351,8.3007060117829544e-18,8.3115113184333562e-16,8.3115113184333562e-16,1.1730227359773764e-15,nan
6.559568474212818,2.5325592464676703,0.054014110581782522,2.0729837178102364,0.35086308276590411,0.99998917432563506,1.792795269252828e-14,1.6078055404404047e-15,1.6078055404404047e-15,nan,nan
0.80216898030567074,4.3556565949327748,0.00026856237497667625,3.3190466889626045,0.37361225822298494,0.99967591235152864,5.2576247064667587e-08,4.1454354666749463e-15,2.5979663804283621e-16,nan,nan
0.12717445217599854,3.0231254686097948,0.0097852799821315627,2.365326390962966,0.2920907545675665,0.99997470640695552,0.0047690447730595635,1.726724138438132e-15,6.3762829069944587e-16,nan,nan
5.3503345352911129,2.7656000081103187,0.051711988055844947,2.9417875322717317,0.0012739403414841308,0.0089564932455366824,4.5299963007373764e-13,1.6309542092275675e-14,1.6420992730603851e-14,nan,nan
46.321814957585936,-1.7601927341141028,0.0032793862949829717,5.1253608126839394,0.0004699941748802277,0.99922646841986151,4.0128058581272647e-34,1.1606819864307432e-15,1.3738208068641481e-15,5.8143999781735345e-15,0
51.714384890180369,3.3642639546949447,0.00022848686907800712,5.2845961638239318,7.1687688295861312e-05,0.59948768047920364,1.5451416169108271e-134,2.8430816780886692e-14,2.6532777871791104e-14,nan,nan
7.2558300004232352,-8.6793454403748242,0.10957154962283915,1.4525601644981356,6.5932297989212133e-06,0.9171155510423995,7.681504733620157e-114,1.4729430204246302e-14,1.4541621570514054e-14,nan,nan
0.54010639578250819,-5.7334972260423971,0.041942754446947179,0.61683838947779634,0.38616110786309593,0.48660820747244421,4.8397073836856687e-06,9.6238663619561599e-16,9.6238663619561599e-16,nan,nan
1.3279821399275975,-3.2146230934539233,0.05125914131757249,5.5459348786342071,0.010072006010685895,0.12751783065576233,0.00048913307512829746,1.0826240647126427e-14,1.8666076068061706e-16,nan,nan
0.11123904049534593,8.612115533865623,0.00021716356932813881,0.28469091791637685,0.095159475666626567,0.096112475242669179,0.00016778725243725331,2.5210369244770263e-16,9.0559511239574366e-17,2.3419723299045168e-16,nan
1.4470995604821126,9.9934113337921175,0,3.4984762382050647,2.1374330831992276e-05,0.99994179606728151,2.6675267986661648e-35,6.6705489749125356e-13,6.1267714948322178e-14,nan,nan
62.682653979915735,3.2995173500987818,0.0022731664548034684,5.828463004575835,0.001015541273405993,0.96870451891683051,6.4147754323491566e-156,7.2900856751199298e-15,7.2900856751199298e-15,nan,nan
0.216605702932233,-7.7277299610285048,0.00088571372520620194,0.98044444888896454,0.012705579962389808,0.8933138289314817,0.12228010705149507,3.7389620931516499e-15,1.1286510026869164e-15,nan,nan
0.47200429426619289,-9.411261024218998,0,2.3669544729493057,0.042059733023974921,0.29532820449645703,5.2143537144157842e-08,9.2579554427502502e-15,3.5470843199143921e-15,nan,nan
1.3274714385489457,6.5092931360746888,0.0043081434635960144,1.1511752139984155,0.02049801449793465,0.97967129130162667,5.0699957716500463e-16,1.6226404404308904e-15,1.6226404404308904e-15,1.8481419117703945e-15,0
0.0047000975154675743,3.799680274945187,0.08009244934943463,0.60845223301620599,0.07911889893117284,0.079288492117781106,37.511383598926272,3.4701401921452244e-18,1.8595042167175755e-16,nan,nan
0.21107173984242589,8.1100793745241866,0,0.8271736366689838,0.0038905004623164944,0.0045049335537193525,1.293559950897941e-05,1.2943835678830418e-16,1.3248470187359137e-16,nan,nan
9.7003524106516892,7.2693115945272453,0.987775000833923,2.3266311831055106,0.0041557925435054448,0.99997206447922182,1.9201015132923012e-16,6.28498908305012e-16,1.0136645328956709e-15,nan,nan
0.076571170490834548,-6.8513972621929087,0.14638877426801036,0.40336462756532093,8.1076858702634682e-05,0.00019928330322424538,0.00013906080318370467,4.3762694784848483e-14,4.3567779656418436e-14,nan,nan
0.040263717553450346,4.7197869864501953,0.10688266563459017,0.26786844483191502,0.023697883936449376,0.99597938033366618,0.63236754209693269,8.9602146540063942e-16,1.0715875643410838e-15,1.5229705867323909e-15,nan
0.0049997306820689378,-9.4543690145441506,0.6639799576546821,0.42946722789496911,0.052157603219676413,0.15251803339438336,48.848069636915888,1.0177967112021699e-15,2.9049802668760027e-16,nan,nan
15.341689537423445,-8.1568977415662616,0,2.4793289090216488,3.8038347563164932e-05,0.067074179771384704,1.3778584021509781e-228,4.7942485063314477e-14,4.8155068252927238e-14,nan,nan
0.011696874690332244,-7.1806371261431323,0.0016380178343861815,0.20934041709454718,0.23896870309449053,0.2395882009781744,14.682123095827214,1.004198806156146e-16,2.2140761704898551e-16,nan,nan
0.048718585789631175,-8.2144016558975164,0.0001433780706264423,0.30292801487836829,0.10883785373166853,0.99999075243909652,1.3663901833418246,2.4459259819136719e-15,9.6666930768462039e-16,nan,nan
0.83290907872839015,5.2061887134771787,0.31964879784603706,1.158982616889541,1.2419240724609168e-06,0.99999733697877691,2.488186084690211e-07,6.5031579362197458e-14,1.2904481294102959e-14,1.4215900308853085e-13,0
0.8450148219800192,-5.2296621123352249,0,2.6821904936241165,1.1648071303760569e-06,0.9999537787036149,0.019675469018295647,4.3731592142236499e-17,8.3793657768067251e-16,nan,nan
0.022646092172805159,-3.9108704308552023,0.0025803901487303498,0.22891545054933582,0.10894905398213287,0.11592218666880666,2.3004572291899881,2.5746552375971984e-16,2.5746552375971984e-16,nan,nan
12.510852995253705,-1.8994442763677561,0.00056012648264996924,2.4288947978317035,4.0899039239565633e-05,0.99974391837721954,2.4638556496298445e-14,5.5422243694629643e-17,5.5422243694629643e-17,nan,nan
0.053695942175667401,3.695644690952701,0,0.9393470207299266,0.45939305419063003,0.45954398243841088,0.34339841609587751,4.0822933842648187e-17,4.0822933842648187e-17,nan,nan
7.8944200043655313,-6.4395053070933201,0,1.5988602267159973,0.19349366439732907,0.19456066848740602,1.0261868858089735e-77,1.0897502787519404e-14,1.0897502787519404e-14,1.1025571459682455e-14,nan
0.16659107371626883,2.3015004510101988,1.9550942259061179,0.31384417948394877,0.17077575483445129,0.79263784709113172,0.0031857050609609048,9.3038715379134266e-16,5.2198694658880529e-16,nan,nan
0.34295841405115257,9.0088002750863687,0.00016983530729233423,2.4778298050838643,0.34435952017565347,0.99648318900638444,1.406631417876771e-11,2.799100952430838e-14,2.4931897567432961e-15,nan,nan
1.8416268725134413,-4.5262415976893022,0.01762424937346781,1.741995613815758,0.00050767212909364476,0.00085780441461440204,7.2475114272302687e-13,1.9895331232379591e-13,1.9895331232379591e-13,nan,nan
0.31721433137231964,1.7995434290578967,0.0013019904685109291,0.44979011717249012,0.42552806729163933,0.99917120232688028,0.0016594518619217704,1.4116315198727443e-15,1.0196217735111054e-15,nan,nan
0.37330587199950427,-9.3990120079148038,0.00032458866524075452,3.4025157269464383,2.7228657586356614e-05,0.99533081115542776,0.908581622311605,5.9063808731897084e-16,2.032684822558566e-17,2.8466725855313027e-14,0
0.0062962772642797043,5.9680016909321658,0.00044440661540036793,0.50073906516763,0.49456820310681482,0.67587726820015082,0.075269496251222145,1.2516961034816422e-16,5.9205050025481165e-17,nan,nan
0.035608768117029593,-3.4966849141597951,0.050896434137688212,1.2577180967822978,0.20421508495427862,0.98032207128645366,2.5591959485833597,6.249359568663595e-16,6.249359568663595e-16,nan,nan
0.05543173099171405,8.4623230318513443,0.52843202879552642,0.27944354750640538,0.0070894911159933207,0.01122226325267698,0.0047916140418666929,7.0760449964099551e-15,5.9899453267664863e-15,nan,nan
1.0598010992576847,3.5048867217217978,0.0001400843550241857,3.4199776284421755,0.12105476740803381,0.9999101857617011,6.1463228957182141e-06,1.21541135641855e-14,3.2807556579587594e-15,nan,nan
6.526455829657321,1.7651495092086087,0.0013010136199358912,3.0045334236875902,0.28132655458013539,0.40880655404721095,5.3490306815568164e-08,2.0013774337358224e-13,1.159917202047656e-14,9.1973292213930696e-13,nan
2.8649399084423628,-3.6777192720666037,0.002547908667146102,2.6716394117806859,0.018788444112371905,0.99999603493900735,1.2912392295248576e-07,1.7942742591443986e-13,4.9765424067187628e-15,nan,nan
2.183430214977288,5.948540655399615,0.0078176015405821801,1.1542410025028935,0.34158753266632907,0.66563642838667936,4.4574996401625481e-22,7.9844462901214598e-15,7.7734770121467035e-15,nan,nan
0.071187124669880794,6.6119331197197155,0.29928608643762272,0.68514848134575368,6.1723420765111113e-05,0.00032863537443480919,0.00059587392069966713,2.5554925330403772e-16,4.3750085998157926e-16,nan,nan
0.0082959849984509532,-8.0362233913759535,0.044897274097784594,0.41062918326842629,3.9371854901419329e-05,0.0041080596119778953,0.34702146936384409,9.7972556502286322e-17,9.7972556502286322e-17,nan,nan
0.20990722165833994,-8.2913295505259512,0.48811414568299499,1.8947616694383953,0.1618154082495305,0.99999744613548336,2.4825705015109336,3.7274639703333577e-15,2.0795804920454292e-16,3.6926004150896861e-14,0
0.014364055390187459,-6.036165794867367,0.29788855314166052,0.90333678023661501,0.0031522360114694769,0.22343346085031601,20.425491051645643,2.5580740005841627e-16,2.5580740005841627e-16,nan,nan
0.0083484081981181259,-3.0179768174096733,0.00013136179884065205,0.27696992084879274,0.13950836264231892,0.14020451422171351,20.03778107151042,3.1441889106004229e-17,1.4585886421202284e-16,nan,nan
1.0154989559843517,8.9427253715192094,0.23700017489663325,0.93534789454832423,0.49142041500223049,0.99370412064493663,1.0754208798388818e-21,3.7902595245934345e-16,1.25347008711174e-15,nan,nan
0.08753352628135723,3.9444392142748015,1.0809982305235057,1.2072317014391589,0.0009935754101671444,0.0018463539524621933,0.013474980521780274,1.076748791249881e-16,2.1061743029892798e-17,nan,nan
4.7053678503787744,-5.6059342064654789,0.44664745328200411,4.5010257179787878,0.088466633280349857,0.096045110881027781,1.0440646651568997e-18,8.523684352783512e-15,8.523684352783512e-15,9.0955268646308339e-15,nan
1.9972349278967831,-4.3665134956484248,0,4.2667285712925995,0.17579764679398577,0.92495838226681437,0.00017823574547869194,1.2978175872695336e-14,3.5495768964398303e-15,nan,nan
0.15683172524426597,-4.2232134746631385,0.006819592492842314,0.76730567971846386,0.14405934672950474,0.16630093443953461,0.29317427460422085,3.0629604178787259e-14,2.1541033011697503e-14,nan,nan
0.30092315136814113,-5.6921904769850684,0.23093188043440219,0.54024771959867601,0.00014057438047145843,0.70554624082023065,0.0016056986706725618,6.0852763710796688e-16,8.7861621407150791e-16,nan,nan
8.23868730113848,-4.0644932707123953,0.023241503438517767,1.9698497256896332,0.24115510000503815,0.25270136934367593,4.3016342057058395e-34,2.1218663245701872e-14,2.1019835389512933e-14,nan,nan
0.2089188664806641,5.8524940500888221,0.032553592855219034,0.48177984684300762,0.087564048628641741,0.096108592974771243,0.00097832438255030527,5.8316187607996384e-15,3.3935268334061585e-15,6.6041067138418573e-15,0
0.046545517040157372,1.5700906949526416,0.0010404022309890289,0.2687021324638903,0.0029244235890122736,0.0035193397905236359,0.01725251466590836,5.2036359240917034e-15,5.2036359240917034e-15,nan,nan
0.018341810554054139,2.4239604265790398,0.079228649628483416,0.33497960839945945,0.30028146986803855,0.75347413390794027,7.0440753049662295,1.5054154200120347e-16,5.2880769387238223e-16,nan,nan
1.7648269658424449,-0.8013410052216372,0.05552572935275036,1.605908831604506,2.3597921670864332e-05,0.99999852548068724,0.029672306277752029,1.1488459498487025e-14,6.1439519383228407e-16,nan,nan
0.016460755560565372,-2.4653040732452265,0.0016637917883763438,0.47914317530826689,0.01071641011036086,0.014433197435706447,1.0977070331832437,2.4874794232857947e-16,2.4874794232857947e-16,nan,nan
0.20800229138254545,-4.9321499464611502,0.020231161152430746,0.81640513692564753,0.29852598530286861,0.99261475221147133,0.74694563778703649,1.7265769214393646e-16,1.4623278614310675e-15,3.4820751772701201e-15,nan
1.5000196464205493,-2.8145877571166578,0.00044745166515614216,2.6532063505529804,0.092346210121687006,0.092496908444867507,0.00027260542655406712,1.4811832400663057e-15,1.6800424825602312e-15,nan,nan
1.3163637525785732,2.2913734152111722,0,2.8037786314765913,0.10751111388986941,0.52555170065311541,0.00073643170509043445,6.416365505367265e-15,1.5579826513009814e-15,nan,nan
0.045492816954867531,-7.2570964208223128,0.0019894304622166026,0.65353278000054493,0.046897046699436215,0.096945381302031924,0.81070802183141966,9.4514499143281704e-16,6.9707191522944966e-15,nan,nan
0.0016859761369093541,-6.3615234362853474,0.009915885797364174,0.24353489023549013,0.00037497612692752351,0.99996462987238433,54.331771909869026,3.6228331328834891e-18,3.6228331328834891e-18,nan,nan
0.033168866315539697,-0.96539391730066271,0.005457570287919827,0.32045486226819486,2.6592447245592224e-05,0.71184350917279637,5.0854211155874447,8.3919884169231549e-17,2.5857177621761051e-16,6.3017133943566626e-16,0
0.0083089309659033148,4.4264976675193282,0.041860389504168628,0.2942578533849598,0.14975205947562276,0.21950242961157887,17.24268723588424,2.5032084833443657e-15,1.4729996678046251e-15,nan,nan
0.0091389569407618505,-0.038031098815601183,0.00052291519264274604,0.49696469588375186,0.37067085128455191,0.37192779151301236,13.17177413464216,1.814602183803601e-16,8.8261509496582278e-17,nan,nan
1.4130712100837963,8.9380778740677549,0.079620618581914451,0.59913599729528699,3.6022780114720234e-05,0.99742450855133313,1.3424010145035572e-33,2.5143953071563253e-15,2.2595430840161925e-15,nan,nan
0.00097557007460270296,-1.719023623460334,2.983587417700309,0.26686093882490436,1.9838276125416449e-05,0.61873171469479704,83.010145631734858,2.6489436701818653e-17,2.6489436701818653e-17,nan,nan
3.7436823876345326,0.31923767428549787,0.052566687294729672,2.3130941688265869,0.29350832217037248,0.29366938625039513,0.0098524708783862842,1.545753490995074e-16,2.1494542137860445e-17,5.3628919237263272e-16,nan
0.040428236405410004,-8.0984637065030523,0,0.44670747377433334,0.11057264438644529,0.14217832554950255,1.1171521115359118,2.7699400487636207e-14,2.909071704911885e-14,nan,nan
0.42654561420662734,8.4070735523961595,0.12146509119413816,1.3193666013421832,0.0052570816958376404,0.0054163599233332943,2.9328237031616375e-09,4.6988028525358772e-16,4.6988028525358772e-16,nan,nan
0.29251873365118064,4.6782418417796361,0.0093557015931649366,1.7864611369905545,0.1744810832915151,0.99999892169579052,0.001011112572043525,8.9522753959619098e-16,1.3241420650260392e-15,nan,nan
0.090394625178923077,1.947787547592867,0.0024928010438234759,1.5886803333762824,0.034757186840963586,0.99999812775894759,0.36312777354696685,4.7874929334277436e-17,4.7874929334277436e-17,nan,nan
0.59789137636918765,2.2590771476995783,0.00011591234237029377,0.94944448583974417,0.15538667436980566,0.41947097901074826,0.011610665465729199,2.2290537494284911e-15,4.3616067424984914e-16,1.1575911284452073e-14,0
58.266043830093956,-5.1749044460005305,0.0023481731879003045,4.0378199770263281,0.0012028347994379289,0.34224966852802785,0,1,1,nan,nan
1.1056937365623367,0.27870084393477335,0.00011709882870011901,5.0636056443625366,0.1397344911846698,0.99999872118468769,0.043937371639862235,1.2748023898252687e-16,3.0446683929081896e-17,nan,nan
0.0076562253446925427,1.5471470629617272,0,0.63403547113513592,0.063076221061740781,0.99989759995478966,5.7195492147152267,5.7954377241679643e-17,9.73338083053604e-17,nan,nan
2.0222627879562025,7.5413900864657606,0.0014789360727431994,1.422204619722732,1.2490339452559126e-05,0.4908371674581094,5.9714064172092295e-29,2.811975986562035e-11,5.8305670552821086e-13,nan,nan
0.75975892025688208,7.2100468339883719,0.0003668447312169241,4.8557971300722631,0.27576218113762019,0.52701549188821928,4.0968900178818077e-15,5.4187898460025992e-14,5.4724562221831817e-15,5.4120040011534099e-14,nan
0.12128072581360221,-3.0133398778123581,0.0013974334999779872,2.4387061631155063,0.058979885112536864,0.67889208932899336,2.0883274859559071,2.7090060011552268e-16,2.7090060011552268e-16,nan,nan
1.0003260108515146,0.76277063577863835,0.90567881750120738,0.4859029528713813,0.14065735489197106,0.99867869779107687,4.5153283885601656e-09,5.2869999342091207e-16,5.2869999342091207e-16,nan,nan
0.12887429326514285,1.4875948077830436,0.00022398041314181997,0.45883080236924279,0.29708218886878118,0.56219461824960637,0.44531897182325059,1.2735749718922024e-15,1.1489201632188129e-15,nan,nan
0.14687888726428069,8.840335082935276,0.00023276010258666943,3.1859429448582066,0.20821851840014355,0.97915225644031467,3.1227839602765149e-07,3.5310767922819999e-16,2.52884803050333e-15,nan,nan
0.021408497705480659,-3.0619833947045532,2.8928873821828018,0.8583069924470883,0.0037284537775716937,0.0041481297537978258,0.36723836939055704,4.2778830506399713e-16,1.2547157643141864e-16,3.6632960134112236e-16,0
0.04004296404134166,-8.325658799610828,0.041479268429580614,1.5978709832802187,1.4003219136513761e-06,0.99998228181964377,5.2726846033354224,6.6789176281140745e-16,6.6789176281140745e-16,nan,nan
8.7977202370525269,-7.8616753195925888,0.08283695727684641,2.5290029945044648,4.4711285257809303e-05,0.005572785535016128,2.2632593581012544e-117,6.0806875432146545e-14,6.065125465381741e-14,nan,nan
0.0063942350455865361,-7.9304332157522079,0.33409742059421899,0.30675562527698264,0.13966855973859815,0.17335890212159435,37.402667538100978,1.4222764426607294e-15,8.5737722654227548e-16,nan,nan
1.1374542375423864,1.3719701287828769,0.0097444284459298879,2.6403884435622733,0.2202658820767732,0.93520285121628555,0.0099320737258463895,2.5620982337594392e-15,4.0710033500094539e-16,nan,nan
1.1800222758390824,-3.244617935242764,0.0022590932446661651,2.8149684060125364,0.14756647221198635,0.14788525754661011,0.00093013964980665658,1.3133092716056897e-16,2.183591992771779e-16,2.0338641044682178e-16,nan
0.0019881407933593038,3.1807177822244626,0.00016089968845067247,0.33271973359500034,0.35518067060143238,0.99977847617367355,0.80719751423329122,1.1682643007036937e-16,1.4922308447874923e-15,nan,nan
0.44424393767458392,-6.0599016769803393,0.051771821933045713,0.37707208412312404,0.12971406513142786,0.13084211105981705,6.8954814114870008e-10,6.3995279588880984e-16,6.3995279588880984e-16,nan,nan
0.076880363165254997,-2.410508019143891,0.0043547146215340655,2.5173476628174538,0.34215597897898847,0.34245784961584463,0.82291945980719894,5.447531442504614e-16,5.447531442504614e-16,nan,nan
0.020393635112177788,-7.1423112663701875,1.1243650527242541,0.8087252750155639,5.1304424062112772e-05,0.0015224596310469205,0.052131666492638853,1.2319583425867785e-16,1.2319583425867785e-16,nan,nan
0.24741608096497955,-6.1672748545737459,0.0004481044848769847,4.2023010747844634,0.16002637732945438,0.99919925825129619,1.7256659050716276,1.0287391592909355e-15,1.1574109979547555e-15,1.071317866818536e-15,0
0.39934040212180655,9.1019187130037302,0.2809637946344315,4.048150184445257,0.013031239966022302,0.019638319177811444,6.1645123409590062e-09,8.66341707551562e-16,1.0005259814732757e-15,nan,nan
0.44775591379533958,-2.3430021016053875,0.0022889948367365584,3.2565529111391087,2.1922699925218296e-05,0.99190020071006113,0.73517238645323324,4.897260452499131e-17,4.897260452499131e-17,nan,nan
0.13383306310644294,1.8550505734491871,0.031487362497085732,0.32889718911977917,0.41627456834114618,0.41633862597730059,0.038547339913183438,3.9523670472472934e-16,3.9523670472472934e-16,nan,nan
4.6589899359202569,-2.4254212781150519,0.0084051379980712194,3.5783757610760953,0.014552404217875127,0.022778427098355883,3.219719102691445e-09,2.0360953909692325e-15,2.0360953909692325e-15,nan,nan
0.02083838838810724,9.3727805737650236,0.068562886229675643,0.28935567492124747,0.34325874761366226,0.99867685101496029,0.67016803912929224,2.7992070010118442e-16,1.1425732020207729e-16,7.7623166549906416e-16,nan
34.29715858603327,7.9710711895379447,0.21250448223316623,3.9851787055856693,1.0126433685212519e-05,0.99996878865406147,1.2283523046965105e-193,3.472587758646394e-14,3.4527775039209879e-14,nan,nan
0.058654750787915245,9.85051841518343,0.30454234941092695,0.48728813764759438,0.29374640046393008,0.95033920804801708,0.015550105984655588,4.5442144720423843e-15,5.2816177138625882e-16,nan,nan
0.083793455208904827,-9.81703508264847,0.00022239637263965129,0.58019260526259819,0.0003865180661379846,0.99996153290015954,1.0063484330854133,1.9169203242738132e-15,1.0343448757514609e-15,nan,nan
65.162613570903858,-0.53841710951252786,0.00064963813490309804,4.8435055181318143,0.00088093070351815859,0.090426593447383657,1.9705245776174985e-12,2.0272787878525529e-15,2.0272787878525529e-15,nan,nan
0.62384406448614893,1.6755206311466004,0.17967566121566322,3.36410466648453,0.34418484578031627,0.99998709303274014,0.0029201517948596748,1.1498368463813465e-15,2.5875809542543888e-16,1.2487400442715767e-15,0
0.26121240412176394,-4.330311273897185,1.7586872244876202,0.57011520319947151,1.5258316147957328e-06,0.99995329568863256,0.051323168730010388,2.3526539373939579e-14,6.7426582835336229e-16,nan,nan
0.57053386679959395,4.716981238586925,0,0.72314545122601126,0.32860080918471041,0.33380786572662707,1.3462753407303578e-05,6.1724053164535761e-16,6.1724053164535761e-16,nan,nan
95.622157970138929,-3.4449563261769978,2.6415622103428604,4.4853558135275007,0.30074367687342007,0.99999335599273376,1.2793800410099827e-13,4.3120553702062985e-17,1.5419023869660795e-16,nan,nan
0.28665146894496851,4.7901487117910548,0.00011703420016487704,1.7774981160032275,0.082896010405441103,0.087840662578869355,0.0068319875769630037,7.7311130029679809e-16,7.7311130029679809e-16,nan,nan
31.787621521729847,7.9515689225169197,0.23391479842171442,3.0691523282539386,0.29113642969623738,0.4278551482644764,2.1541095909173748e-169,6.1532141716560103e-14,6.1532141716560103e-14,6.186090690271729e-14,nan
0.02030445570384987,2.8524525338205642,0.0023434029336546363,0.3354301838867535,5.1909573303394281e-05,0.26314841546952278,4.3281629827233665,1.521785572053485e-15,1.3165764745113066e-15,nan,nan
6.1943964628099586,-1.1758764566950113,0.080560157468501009,1.2554052136090217,0.020780720348837763,0.087654004033538777,2.2174420128867865e-11,3.1935583214810754e-15,2.9021257384410575e-15,nan,nan
0.19848663959225299,7.1983608581613296,0,3.7946434336926749,0.066072321148397728,0.24357956475592366,0.00021721604820493383,1.220602361774782e-14,5.2192886405798233e-16,nan,nan
0.064831033709255456,5.7045788244818709,0.048682823228789002,0.91972396034822179,0.00020076351952794688,0.00035899806248329287,0.0021633308640033322,2.3716754397094832e-16,2.3716754397094832e-16,nan,nan
10.210003308442179,8.3178898038658602,1.9331346180880722,2.2140909349895539,1.3734552259770837e-05,0.00021438524726716184,1.5253724522537681e-13,8.9209780856027268e-16,1.0575888591543392e-15,1.2224102738116389e-15,0
0.66226727848424494,-6.0225766839230417,0.0011507017308802227,0.43034802320823023,0.059003943608812059,0.83840551542509023,6.6115778906920047e-12,1.4866747608021916e-15,1.4866747608021916e-15,nan,nan
0.15423320192626921,-6.2010005027112713,0.0003730231378723618,0.80315999797916959,3.7696745853296442e-05,0.00051401806045585493,7.4792696235472132e-05,4.3050896754361346e-16,2.4930775621943589e-16,nan,nan
0.0020589005981337832,-2.5865498988534785,2.6773222787606885,0.30370423323088142,0.43433652280262003,0.44985602862430957,10.671638904714618,1.8355094294252141e-15,1.7095082201630444e-16,nan,nan
0.0057472204852283392,8.7380984353218167,0.0036146424282544215,0.52434768610761207,0.072747262078965619,0.53457912848307831,6.6172431684159569,8.8408291963906569e-16,7.8752001223318599e-17,nan,nan
2.7705693286935951,9.3295729068403794,0.001973921054231084,4.8671868380754804,1.8596703614583335e-05,0.99999853513535497,8.7019024024379337e-57,3.0713576705276081e-13,8.1028583705303868e-14,2.4330446950979796e-12,nan
0.27895564202269785,-3.4014044069121985,0.81775382831378896,2.300571898132318,0.022936208889192559,0.99990220335569702,1.4813441721613603,2.4775119388365711e-16,2.4775119388365711e-16,nan,nan
0.0016994118370114498,0.0029410382150558689,0.076674908452764021,0.2052097047657489,0.082300387326735891,0.084226610622966228,89.285691817758774,1.9155066305718859e-16,1.9155066305718859e-16,nan,nan
0.46704300742923971,9.2530903892576291,1.399252510447109,1.5538624685916711,0.31249399229150354,0.93431840990084403,2.6243913015899315e-07,3.7657967067621883e-14,5.4125018350803263e-16,nan,nan
0.8174582796020996,-0.84874103331894091,0.20299897066598768,4.0762789747350601,0.094394201793634891,0.99597803180745348,0.26095083536107955,1.8662428754056668e-16,2.6102186986509075e-17,nan,nan
2.7880792520224364,6.3044932127121136,0.0010535420215808352,1.0308571617620359,0.014902716359981446,0.10162817231539754,7.1354408298936034e-31,3.8643931418542971e-15,4.6008394759340398e-15,5.9355633887596258e-15,0
0.10432393223587487,-7.0344106727356088,0.00026545041713504572,0.79102910460411902,1.1499479212475789e-05,0.0062630552202982649,0.0022754441453448266,4.7860739341029586e-16,4.7860739341029586e-16,nan,nan
0.054285867342433326,6.614582513263251,0.23512768620590579,0.98588403218565923,3.1151948582115584e-06,0.99996538147663094,0.11688332429069549,7.3828701701317762e-16,5.0082306923394433e-16,nan,nan
12.710564438526445,-9.5329372314593623,0.0019193755741914002,5.8395448622971102,0.26412488689706454,0.32534657721804255,3.8905117512342368e-246,1.4043186364458153e-11,4.0460642788971721e-14,nan,nan
0.24472980432584285,9.7443154814838842,0.00016768485146113701,0.25689735537179537,0.15127428735087556,0.15192628749881731,1.5164333302845418e-12,4.4899472880609941e-16,4.4899472880609941e-16,nan,nan
0.2657306222310159,4.9227903849188515,0.0065167759420355284,4.5636645152443851,1.1410634316902253e-06,0.82482180834779295,0.00091859886302581538,1.3300667400723757e-14,4.6395605759317456e-15,1.9872072680303993e-14,nan
0.053549024188178015,-4.5556606728681377,0.3567472808232805,0.76193004602432901,0.33759441475659557,0.9700656607208088,7.4220864879186816,7.048852230019005e-16,8.2455216856307927e-16,nan,nan
0.036511060705692933,-6.2644489320743784,0,1.4511914318674162,0.170215691701253,0.99999466646175472,4.1286731136631527,1.745579972788943e-16,4.0566425325754979e-17,nan,nan
0.59569309017685301,6.3266099040056361,0.00011555528250838683,0.37877806675132764,0.34928852934561688,0.99881287415067632,3.3184140989081972e-14,7.7114336868108613e-16,1.1514989875801537e-15,nan,nan
1.4103042350521602,-5.496096381489588,0,0.54987292360526863,0.094543085230562735,0.99996302431732587,2.3019627130191247e-18,3.0258927805757476e-15,3.0258927805757476e-15,nan,nan
0.0062187686808350727,9.3212284044238167,0.00021957587108765232,0.54245813051397929,0.04417863802974463,0.99629203404202804,3.0130874651456963,5.7293427360259034e-16,6.0615983498104861e-16,6.38023707354763e-16,0
1.5477808189373559,2.2880868023182348,0,4.7484707692711909,0.45871835287639523,0.87804858044317557,1.684207894003462e-06,3.7454649711006264e-15,4.036794663102659e-16,nan,nan
23.570665233194873,4.4838958657698118,0.07074338046194574,5.6601125893193629,0.22764122527280189,0.22778368429026111,8.2574934020944145e-98,1.4581026798990656e-14,2.056083132106137e-14,nan,nan
0.41681506108041394,-7.4098545713743107,0.40765550909962228,0.49680159334548685,6.4975896927200319e-06,0.0020113013617676402,2.1196491889486874e-10,1.8416095223620744e-15,1.8416095223620744e-15,nan,nan
0.0081830508302498106,-7.2106024754083986,0.03934159629451571,0.63997815667963287,0.27251889976712695,0.27278420197439823,41.629011597958524,3.1814056070624188e-17,1.3887045179670769e-16,nan,nan
0.0019472482188218371,8.9418051028019754,0.23871177829456369,0.35277187668297899,1.1942488215445941e-05,0.99997759377550743,14.925177435428997,2.1345193092389717e-16,2.1345193092389717e-16,3.204067709993996e-16,nan
0.95226875943000333,9.8959683536832159,0.09817282851584859,1.8705122083794996,0.1174920277897448,0.11770689043413718,8.9281800951548842e-23,4.2232908213102608e-15,4.0916296833970369e-15,nan,nan
0.3368931153586936,-2.2423433354936613,0.00071880976512262058,0.48349343982731674,0.082023706150727071,0.08252873241440721,0.0013128908785567561,1.2398676518143962e-16,1.2398676518143962e-16,nan,nan
0.033669812566467484,0.4841518782813985,0.015800682914512476,0.70053290179271399,0.49100912228909915,0.49426461794935911,3.2034773225675526,9.6867145937785881e-18,9.6867145937785881e-18,nan,nan
1.0112258785032353,-1.998858163631585,0.003962374385983433,0.95663754999585127,0.38723103483343418,0.99657167562244664,0.0046825394242697889,5.6843675726128479e-16,5.6843675726128479e-16,nan,nan
8.0579319284237432,-8.9802962106427522,0.00053002497097524273,4.4271510803298542,0.19062467433068661,0.69465373175121292,6.8823538195100589e-133,2.6379012527916058e-13,8.1340600868269619e-15,1.7467308781222676e-12,0
0.021362735131535505,-4.0070556801565278,0.54570010852476647,0.91702883231010235,0.21483992846013594,0.29249214725227257,17.701588736395145,4.611518142826079e-16,1.4094900249255279e-16,nan,nan
0.010923225064088575,1.3645492872025216,0.0051218526667828022,0.25724750045500389,0.029396996827685106,0.032032917999716748,2.6954223197774847,1.7535887519718477e-16,1.0602055239292767e-17,nan,nan
0.17494225378285694,-5.127306060470314,0.0073109616336904755,0.4003337618956509,9.6416796626411579e-06,0.93153940014271641,0.018437929213123636,5.4148258367474612e-16,5.4148258367474612e-16,nan,nan
40.240308878824088,7.7630897094506608,0.00051486726723460826,3.0445980569389937,0.30409903442712383,0.67251209815885082,0,1,1,nan,nan
0.56360457044625689,-6.2598980654920151,0.00037668499767995104,1.5917702450602824,1.6667705033375639e-06,0.999617303284561,0.0035809622807485399,2.7506950754135924e-14,2.1955136281236523e-15,5.0784172737367756e-14,nan
0.27903774626454897,5.1190023309183026,0.23126530578567012,5.1448057132484006,0.00068886917472348302,0.028499160362794013,0.0033532677740231043,2.2209240681343915e-14,5.2669033355614606e-15,nan,nan
0.36400895886421913,3.8543547646110117,0.00075774707082242195,1.3798531090583785,0.050453744286136304,0.9300002550643327,0.0043792436582689512,1.9993895077649662e-15,8.1101753442116016e-16,nan,nan
0.98850311995122642,3.0312145202084579,0.096507490102243909,2.5161411715167947,0.2343393631728134,0.49159994367838217,0.00018992818539975679,4.0618312181983424e-15,9.2216454043840664e-16,nan,nan
0.056543516496930062,-9.475983768892009,0.0035187849574493013,1.5267091704482625,0.29007425350883093,0.9999115122645178,7.1352313193896828,1.6371514476168616e-15,1.5126735743786753e-15,nan,nan
3.6557472750470992,-2.6566724651256006,0.00019156554876635339,2.1552344423985859,0.00025069678076145209,0.0031423264939563042,1.8732367073741613e-10,9.0250636624430933e-14,9.2458527942428166e-14,4.3692202018805781e-13,0
1.2843766927571938,3.964451403240485,0.00056611743218954239,4.7128464347462771,1.7865180050496668e-06,0.98550764183165807,1.3653082552389371e-07,1.4487251048518786e-13,1.0517816637931292e-14,nan,nan
4.2944444550429948,-9.787644362576625,0.00014149460641031829,1.1933384649549299,7.0214886180195417e-05,0.00050731921247300653,3.2055004734022018e-99,1.1816193521503067e-14,1.1689514178498784e-14,nan,nan
1.8181044251435774,-8.223912571993452,0.0014809850378109904,2.749666173262109,0.2552070232204619,0.27370936228288084,8.010541837022679e-26,8.1712772590542751e-13,2.2792951865747055e-14,nan,nan
0.21891995820307272,8.0249715008944236,0.0068357368439613602,1.788459757171615,0.45828734301544066,0.78437510201249661,1.2887523319763329e-07,5.6258990475054234e-15,2.5897305796720002e-15,nan,nan
0.080577745676351592,-5.7102120263917788,0.00053312023132549618,1.8426541789211921,0.31737060608251605,0.36621264833446865,9.1422006685114283,3.1931068332370788e-16,1.0965226058397269e-15,1.2634157190404722e-14,nan
0.072830897614466178,4.5795063654967922,1.8658880332403438,0.37322143734810292,0.00025260616203092324,0.083750861557864723,0.10117516100266373,5.1518802019267289e-14,4.7129491387595838e-14,nan,nan
3.0248140826327998,3.2712582978338993,0.00017142410640134299,2.8234752973145492,0.23901018069903329,0.24691799733985273,4.1996271159248335e-10,3.5148620587409059e-15,3.2686554939317385e-15,nan,nan
0.16707599420130037,8.4615146190210631,0.0046479378225729095,0.31052877381127164,0.11511845919403629,0.9999452576759027,3.3105219500445795e-06,1.5161455648380869e-15,1.3882151417755099e-15,nan,nan
2.7226881441032069,2.2512000997598243,0.0012823010247755599,1.5598252556658263,0.44041344027716839,0.44104630836921987,1.0883623776889862e-06,3.5953807028444478e-16,3.5953807028444478e-16,nan,nan
0.709551851357339,-4.2715546501965029,0.5185049546842605,2.671316405993986,0.00012086505392368313,0.00031335995731629485,1.5486387415808574e-06,8.133727693258188e-16,6.7663446417570267e-16,8.6378726416636333e-16,0
3.993308656866339,9.2522992343155366,0.00039444580817687069,5.5295759361029599,1.5765906810874412e-06,0.0004211288187753844,3.3822730508974369e-79,2.1104316034126923e-14,2.0927140931944799e-14,nan,nan
1.6841099013171985,-0.41229183500414024,0.015072478357695811,1.0344740193476401,0.00082991877061461934,0.58275791496636242,0.00086740282271415003,4.6758851954287822e-16,4.6758851954287822e-16,nan,nan
0.0020575071118964978,-1.2175090501822901,0.27809733924596514,0.31952299721618976,0.0063857974196001813,0.73443684140771248,40.44645854410247,5.429817759282502e-17,5.429817759282502e-17,nan,nan
0.011615216181621099,8.9988126983758292,0.1661819876671751,0.21094994537624789,0.00023882454674109389,0.99999707762362455,3.3272472564238953,1.3074486001462703e-16,1.3619605277306099e-16,nan,nan
1.578464554783533,-6.6542396472006544,0.0040102853563005227,0.74625998008293859,0.21883659764116994,0.99987956569079905,5.2610756936248408e-20,6.8652974869493173e-15,6.8652974869493173e-15,6.9660492130047221e-15,nan
0.021063963889234118,7.9715135715232037,0,1.2995390566820266,1.7748660999476288e-05,0.9878569845290176,0.32869490149600383,4.592188139206817e-16,4.7431739330440584e-17,nan,nan
6.0673288169787245,-4.5061806554226109,0.0098504292880877246,1.4326382098698922,0.0007446743680050229,0.0037806222841672288,9.3604117555140376e-36,2.7456971724932321e-15,2.7456971724932321e-15,nan,nan
0.16848882050061559,-1.9054345935881329,0.049385619715227654,0.23041334904395019,0.2587205185762031,0.99999287871058673,6.3982065131855682e-06,3.3355796353071611e-16,5.9832995721635777e-16,nan,nan
1.320707119188504,-1.9833397276060829,0.00058451519454813408,0.89791059077016067,0.34178177231819068,0.99999906122633997,0.00019313152813289471,1.0251232163582278e-15,1.0251232163582278e-15,nan,nan
0.0064134369204325095,-9.7521434239346849,0.0014018286177288324,0.28514111085841887,0.22426817235329724,0.22586354519014018,49.837082731839935,1.6180103333690889e-16,3.0437413288676445e-16,2.7488318009567799e-16,0
0.014109357731584503,6.8945328487041664,2.7370550227420458,0.57160811010790569,0.065778782136880307,0.97529099670098096,1.933875275735367,9.005869178704454e-17,2.5439672533999471e-16,nan,nan
2.0928668178448144,-3.8257508236160254,0.13787282811164911,1.2508156289742023,0.00032869436653166665,0.99984039926262191,1.1010698369116042e-08,7.4521135939891795e-17,7.4521135939891795e-17,nan,nan
0.48306843807144562,-0.90080668749279269,0.012317821332820214,1.2357592674477811,0.13498710509225154,0.99992710954205699,0.4537312136588586,1.9700781677177114e-16,5.6403888864989631e-16,nan,nan
54.322543406483049,-1.0371830841318985,0.00053704665840752209,3.628945234353202,2.9362986411725848e-05,0.99999571299784573,4.0616504876906161e-22,2.9030916486321495e-16,2.9030916486321495e-16,nan,nan
1.1227939250296004,-4.6753323189179152,0.96912169374705492,0.5881934681337645,0.012784363543852213,0.044192072545509907,1.6667011848864437e-10,2.393286498915215e-15,2.0831001934552678e-15,3.9790545669311565e-15,nan
0.0047443250318820176,6.9348239434418133,0.61466082572603675,0.33565367231425414,0.012022995557942444,0.012520258703557063,4.3494700874890624,5.5972849490529819e-17,5.5972849490529819e-17,nan,nan
2.1909877741841841,3.8821520918990853,0.0029752285298743062,0.97344446240583782,0.081722848894982186,0.99991792740841323,3.3680894547281411e-13,1.7905306757761877e-15,1.4907340188716585e-15,nan,nan
0.090254434467055,-1.7647216459531663,1.0854395283358595,0.67820031565023875,2.9731916576952009e-06,0.99982995832291455,2.5688509311949916,4.5508976521568995e-17,2.1838362816337478e-16,nan,nan
0.031748446206383153,3.1473928177280737,0.013017732217355542,0.6897604328734408,0.0025957919161506207,0.033716610535965939,0.71559483294452564,3.1035376643045094e-15,3.2586845398146101e-15,nan,nan
33.56556348812618,-3.0468095622986224,0.01622136802610865,3.7967758289877871,9.6363580166461705e-05,0.99999578652909527,4.0264589589384952e-70,6.0788460974736868e-15,7.9964954422065186e-15,7.5237909212500871e-15,0
0.16543862235606044,-1.3429824570116544,0.24712838284058072,0.39913464829383705,0.1469564049947665,0.9999852682436402,0.094638073013824944,4.9144436215211181e-16,3.448037199045973e-16,nan,nan
2.3521496005250246,-1.121914166595916,0.013292143881845481,1.6328769020324345,0.40311449718332343,0.51018109306666526,0.0078701982707036593,5.0712524442578495e-14,7.9516761432113784e-15,nan,nan
0.12329337286983041,-8.1542113016614071,0.00039790994072858699,3.1928869079461588,0.1453258474840706,0.14576237868529213,1.3087643289596038,4.7066945919862748e-16,3.0100972748700247e-16,nan,nan
1.5833491991178508,0.79641575729558056,0.042567955325546053,1.015715243329216,2.3174925519012668e-05,0.99999690455566537,0.00040914343469729731,2.005084362973504e-16,3.3300502313463472e-16,nan,nan
1.8847577305932102,7.9504777965887854,0.001016811228635179,2.538857600796304,0.40358408458968709,0.48473305325504906,2.1841006088301324e-31,1.9197375007341211e-13,1.7140306053154892e-14,3.2085611087409733e-13,nan
0.32021086743497507,-9.3828185611358901,0.0069670218270388587,2.8519467070720022,0.35814671448597124,0.9997408693539952,1.4645108111704532,2.2327738538032324e-15,1.0198385679376631e-15,nan,nan
13.457251651585899,2.5088076221573949,1.3943334274256791,1.736606330199487,0.13569585008111884,0.22241955630671478,5.955020473913319e-12,3.3063371977286814e-15,3.3063371977286814e-15,nan,nan
0.24893086088090907,3.4502229062907688,0.00015086846166153527,0.45470459336797908,0.00058490659873075112,0.0055556724516772167,8.703009335769523e-05,1.711520996926605e-16,1.5429789935187548e-17,nan,nan
0.027263891514298932,2.907137704309628,2.5391973505530383,0.59511905638496232,0.40723197142692835,0.4133199313399763,3.9036879933097133,1.1349810779468386e-16,1.1349810779468386e-16,nan,nan
4.8172210657373356,-4.6148943025927647,0.00043980619466211693,5.7166147214330616,0.00060947482151032758,0.999989949403707,1.8475111681677074e-15,2.8854092499065573e-13,2.4877236582707506e-14,4.0198677838062985e-13,0
0.07063655859266757,7.4310538446995515,0,0.32486656249403795,0.022833349926434068,0.99999831604257217,0.034620622198335685,3.7881611040208558e-15,1.0220775086687573e-15,nan,nan
22.831841133916711,-0.77250309053756538,0.02272276687824611,3.8372460707736615,0.2331985068830788,0.23334771721018777,1.5903705658110181e-07,3.0291416925484979e-16,4.693519804840741e-16,nan,nan
0.12864373324945633,7.2004339782100963,2.1457951446795374,1.9981575875907118,7.0007908229278288e-06,0.94774545593478099,0.013909647370829309,2.5003462702222039e-15,2.9992010376305546e-15,nan,nan
3.2558382784087039,7.6764191356973832,0,3.7918971057917208,0.084714538085376712,0.12761205675451184,2.6925213047336638e-45,1.5077612448955063e-12,1.8801083061212564e-14,nan,nan
24.77767398088675,-9.0573801891321217,1.5139535171238647,3.6664383204752085,3.6420040076982911e-05,0.9999617974187367,7.4207490080923766e-14,3.144065405233782e-15,3.144065405233782e-15,3.2024580878199733e-15,nan
0.0056878574307709243,9.8331138586279643,0.0032408439612733242,0.66375465546179691,0.27831129849447928,0.27989750563167887,1.0362852916613259,4.9952180097884075e-16,2.8525203693629669e-16,nan,nan
0.14376668342370816,6.6898908906455112,2.6651615107464601,1.4939217365329354,0.18290897862097644,0.20929806787147034,0.10034698062413748,8.6927782511032302e-15,3.7540427188429864e-15,nan,nan
0.36406289204400205,8.8076596929118551,0.1687480624592004,3.7605072982617327,0.17991418274519708,0.19342291969723424,1.2266370811991075e-09,4.4822159266221398e-15,4.4528988553421018e-15,nan,nan
14.927912934161922,-8.67657470786936,0.24728509138686791,5.0268968441032129,0.33685889085771059,0.340876916138321,2.685067178760209e-127,4.8453772258709288e-14,4.8453772258709288e-14,nan,nan
1.130984666264681,-0.69565417365356375,0.00033952242833642886,3.0290170682568163,0.47480245585285219,0.74893656220314875,0.35876116901577426,2.0710267679625584e-16,2.0710267679625584e-16,1.3359178305924192e-15,0
1.692131762999675,5.4293300995833391,0.19220439833670053,4.8345649342700527,0.01163386203504126,0.34415618867270148,2.430554139681323e-13,2.2662155900796265e-13,7.8940134794982214e-15,nan,nan
1.1418225068939891,0.70302882224322083,0.00045485410232386523,1.0840254896687029,0.00010483028095077303,0.019025414261270621,0.00049613057035676747,1.9562017347273349e-12,4.8006093000429343e-12,nan,nan
0.04090998297416186,-4.3419862306484847,0.0014053696502972601,1.7486380765825138,9.6495830774420195e-05,0.0007432717768257077,0.02416407583490485,2.2970844526684695e-17,2.6418658501109393e-16,nan,nan
0.058753478470075525,9.6744216494232731,0.006255531692823885,0.39646392660250146,0.42408022601181272,0.99983037993049362,0.013470248210768568,5.6687563382024661e-15,9.0382791172919545e-16,nan,nan
0.0034495873677358006,-1.3427134784878483,0.19270136709271585,0.55236962274121315,0.28847277755030243,0.99925341960117631,0.55339105667165389,6.8726955841059378e-16,2.0916220644156251e-15,7.2191932883148462e-16,nan
0.61586965860865339,9.1725671920741938,0.55030638335859206,1.7147735594572735,0.057482602052802423,0.99327243362616191,1.9676865654910913e-12,3.6638363658454949e-13,7.3755065888823739e-15,nan,nan
0.4491618699803665,9.7804137246393914,1.3389209738072554,2.0813796638500106,0.18475870571438294,0.23616858891675951,2.4359170655416789e-07,1.0349276491948248e-13,2.86940520866752e-15,nan,nan
9.7514100218702389,6.7178599244295931,0.6816061578604502,1.6300523067753934,0.33611749841968208,0.99983090509073524,8.6299564302665037e-27,1.0273281793458529e-15,1.1936012815409125e-15,nan,nan
4.3140915768125154,-5.9089428239444564,0.028794185230017758,2.5292297377917934,0.0050010176538900558,0.92098163069704464,1.2874168532094346e-30,3.0140026036776028e-12,1.0140362225534329e-14,nan,nan
0.0066575810238212402,-0.7410219866168184,0,0.22645468740977517,0.12567843339187312,0.90049735525902186,26.606241033226432,9.1827407933208184e-17,9.1827407933208184e-17,4.0714509221492102e-16,0
67.898225746389429,-6.829132875141692,0.020616341629073009,5.070375807327471,0.14255376825850333,0.7600162578243983,0,1,1,nan,nan
0.35481567586961693,-3.7620573825273551,0.00052820627610448946,0.34631659993476754,0.00065235636570119544,0.99999871909771387,1.2356090366447477e-06,9.2776505781029744e-16,1.0991447018023786e-15,nan,nan
0.32838384962644551,-6.35321725034935,0,3.8999619612166221,0.0035521539662731741,0.99956372611722,1.6323339107751638,1.0024076529765837e-15,1.0024076529765837e-15,nan,nan
0.0040535356323449859,6.8808751069055383,0.00066335110622332914,0.43426157700393869,0.0034340347983510999,0.89834796106528159,8.7896828706149073,1.9198338799838235e-16,2.1220794985724162e-16,nan,nan
0.38055919155969992,1.5637192716174226,0.17237690407775558,2.388436032288535,0.25784310129288612,0.91088796778598702,0.036495041460475601,1.5732837342238457e-16,7.277259090510618e-16,2.3644018047770643e-16,nan
7.1371490527900701,-0.21503159539546779,0.00037052943214234142,3.9091577338910692,0.031212680952931979,0.15998810919304848,0.0056271560910250299,1.750525410843224e-14,1.7659392668649503e-14,nan,nan
0.7594491118980996,4.4963516039330145,0,3.2824442628552237,0.43550557345105539,0.88992929703295531,1.8914998123867402e-08,2.0690719645417073e-15,3.1981329237875061e-16,nan,nan
0.027070244592993058,5.1974961761995822,0.00065607733161427968,0.52427423659287298,0.085742825923226129,0.086028163126090046,2.1328180471627367,2.9749910634023772e-16,2.9749910634023772e-16,nan,nan
0.13536215899025764,1.8519004401302759,1.9989342789552342,2.8450759771256231,0.0037240608412427161,0.50746819039318314,0.43006820918334587,5.4849629507726167e-17,5.4849629507726167e-17,nan,nan
0.01053098697478699,-7.1403716172260268,0.57940002883945163,0.5270649403928459,0.18495819845104097,0.18593835799421646,35.16250850688391,5.0652643665841169e-17,1.514213169052581e-16,4.8454912079516905e-16,0
0.9363010567173975,2.8825612630957202,0,5.9218339051821181,0.13306105908823906,0.99982200164173596,3.3492500228687584e-05,3.5475252999115402e-15,1.5243071072517169e-15,nan,nan
0.073583114973873417,-4.9450013134169595,0,1.7352396288532359,1.2484645154193461e-05,0.9905973542606944,2.9661901633961252,5.08924471572941e-16,3.5920743207551221e-16,nan,nan
0.62396529837840498,8.9129961730929139,0.023837734082733847,5.7763437096666168,0.41871211279016962,0.99952785566091973,3.2724912319494807e-24,8.6799907127359123e-15,1.6471454629684351e-15,nan,nan
5.2349793787870773,3.4842000391443939,0.00072167138352263282,4.6045030174120676,2.2508342669525681e-05,0.0036119426651368717,4.2122303798724497e-18,3.8198090266454726e-15,3.8198090266454726e-15,nan,nan
0.36204040606667581,1.7104178487674915,0.00011000393588865338,3.9162210674283924,0.31103531069197116,0.99783038857648587,0.0016095874504815874,5.7126952354046986e-16,3.7175661711784404e-16,6.9983410146329293e-16,nan
0.04874884989720988,-2.1722051862187097,0.009691347959983514,0.24949370996228293,0.041469701087268121,0.0640268640931905,0.16016439071698418,5.1969362959371164e-13,4.3495271798854994e-13,nan,nan
0.16763640703154184,-9.8261386269612565,0,0.38739216959165113,0.0035319300086796811,0.049769286252437497,2.4526611469416191e-06,5.87112842669302e-15,6.0438047355077377e-15,nan,nan
0.13201627731285825,5.2787053904054932,0,1.0466678464446413,0.033870180438363456,0.035391657554324905,0.039370557511650708,1.3699490407942905e-17,1.3699490407942905e-17,nan,nan
6.7122455951287074,-5.0204287055217378,0.0045475197113604131,5.8062304885804314,0.35816650369830172,0.99656022694853064,1.3420457635519653e-28,1.2732268545501134e-12,5.3769096880195206e-15,nan,nan
0.52220668776244272,-8.8674334174579315,0.0068835319705563879,4.0599510657857785,1.8629951164644162e-06,0.0013454257458801503,3.621560142567881e-12,4.939246994708432e-15,5.0507726266386457e-15,5.1458790047934873e-15,0
0.010482836298559089,2.7295070780668809,0.0093273545487418882,0.29783609236198016,0.45921205969426671,0.4648857118588457,13.687208453768951,5.3396940662126073e-17,2.0616757834117843e-16,nan,nan
2.8523949352637614,0.94879178320925028,0.34980482843558014,4.5527394875903857,2.0501371707106337e-05,0.067452908656342653,0.003644035066478377,2.8988577176801515e-14,9.4707456473196821e-15,nan,nan
2.3134115511289965,-2.8607073654440125,0.00019613623740810914,3.8506423696429031,0.33515341760227352,0.93457443612910596,0.01062623500767091,3.7745697815230595e-16,1.1229037113684619e-16,nan,nan
0.036330138405880751,4.5188902555708701,0.92802317356440645,0.65961257241660387,0.080631377124480763,0.29667003448906881,2.1443520593260752,6.2541345403294253e-16,2.112191449234295e-16,nan,nan
8.1863159925311848,-1.7163321973276329,0,3.3712365180956785,7.8207008668013415e-05,0.0031151566281447654,2.3277971289542894e-10,3.9669938475407651e-15,7.0266189044241923e-15,9.8194716424554131e-15,nan
0.0041972570561169958,5.8371953443431313,0.00079989576472269197,0.30038421461877918,0.24522764216373755,0.99999019651929799,6.9480852801670885,1.0425015598981913e-16,1.0425015598981913e-16,nan,nan
3.4133288156876986,-3.4833472265201015,0,1.2530421176003976,0.27496032735901599,0.99997292307910257,5.1564998885641578e-13,1.1826465005261925e-15,1.1826465005261925e-15,nan,nan
2.9051252216717058,4.7597609478677931,0.0052717522887103865,2.7724444122666365,0.49352064326465539,0.49795014630363554,4.6766650782803211e-19,1.7709509238221158e-16,3.8300356692016466e-16,nan,nan
0.12071637720231303,3.449013588669704,0.0027961905411187605,2.9132812960189121,0.42886648634979446,0.43778979995764628,0.00010279187043222134,2.8637045936077928e-16,1.5452611117368173e-16,nan,nan
0.33071176079984349,5.2096904140956024,0.00057999211713504817,4.4551988528319146,0.0042527698452760705,0.99923233776442932,0.00015116746287282206,4.7917751946213902e-15,1.3045885935834946e-15,2.0812461984738451e-14,0
0.014090762720165731,-9.1481183001007071,0.0065086653901192592,0.70939932487729929,0.48881655645099775,0.48935288262582349,15.312910159113121,1.0409489931731816e-15,9.2494512317443472e-16,nan,nan
0.16392179986610131,0.96838383276586448,0.0022663206923264675,0.2746595299648833,0.21218250329033619,0.99998727038879398,0.0005312949211899651,9.4457739289614774e-16,9.4457739289614774e-16,nan,nan
3.4643723107454405,-8.9228975491512905,0.0098187243956161657,5.3858473468264103,0.000247361631061138,0.041086478381549343,3.7589491195542853e-62,1.7118007190092381e-11,5.0143130642564492e-14,nan,nan
0.73011987054476868,-7.1684494343505349,0.0034381548612953828,0.7387736611123944,7.2282106651288532e-05,0.69923082357080035,5.2974452681260229e-10,1.8448334030907206e-15,2.0400172536748068e-15,nan,nan
0.54924434415750223,-2.8117550610263002,0,1.2051678560502004,0.00048001285473105924,0.4590299336705414,0.067333062152214171,1.3941661462043664e-15,3.2491254526440322e-15,1.2764512042959586e-15,nan
0.017769254074884014,-3.1591018133774806,0.14716978218455345,0.41571837923860583,0.028206691991126309,0.99999711449511197,11.543909495859378,2.14830148704333e-17,1.7536128635527146e-16,nan,nan
1.7113497345036837,-7.2671252171736622,0.028220755482401653,0.79186335035822275,9.9093061720671239e-05,0.95638860828442018,4.1485509305033041e-24,8.4775768235580102e-15,8.4775768235580102e-15,nan,nan
0.24483199276627898,1.8612519050987757,0.0049692150825343777,3.1913758509843473,1.3325910138380818e-06,0.00045663516507474835,0.001571912640981157,8.7405380894840306e-17,3.2643524009874113e-16,nan,nan
0.17070856014838875,9.5743112492823315,0.00014378710954860005,2.017820074070487,0.0028538964560185492,0.99967433223434965,1.0430964038348589e-05,3.0212523665844791e-15,1.7219930549576686e-15,nan,nan
1.3393994158756599,3.1422161480665487,0.0045590759617112255,3.9005811806539845,0.25837142506268224,0.99188991517252212,1.0656028637985466e-06,8.0910847005156031e-15,1.5332740449231165e-15,7.954325588692112e-15,0
2.4164635703272697,-0.86809513411215455,0.098119573800926396,1.12031813571478,0.13331277874500805,0.99622924720277972,8.9670023556833798e-05,1.6566387227456168e-15,1.6566387227456168e-15,nan,nan
1.8747598127971274,-9.2408103090465392,0.0093443082885299265,0.96809098535241744,0.00091874142254300443,0.0015408532487070845,1.1816028772094002e-41,2.6406807020295119e-15,2.8564001376347966e-15,nan,nan
1.2363278855199245,2.7839508357958351,0.0093442197516582989,1.6991928781649408,0.48156353337789187,0.99992588204434174,3.4600942316298817e-05,5.8045123260109841e-15,4.4336292843691664e-15,nan,nan
22.34560106838228,9.026914162047543,0.016391662455377456,2.1640766293297542,0.031067296772226902,0.091231557025472254,0,1,1,nan,nan
1.1461686701548679,-7.0747362629993527,0.041381137415908896,4.5377404961540702,7.1567396418077871e-06,0.99999893923762406,0.00023681003637687298,1.2823888851892037e-14,4.1160521217758197e-15,1.0014029073656674e-13,nan
0.36223267877797866,-1.3548615307224114,0.0011441656416108471,1.42379343171202,0.00033474999326400058,0.99999841302744275,0.78382678196152589,8.3035984124644912e-16,4.0543571891160458e-16,nan,nan
0.022693408119624468,-7.4554214964906844,0.092502994105435901,0.22934581962324224,0.00011239473856830497,0.99999895316449583,6.0532960437240932,8.3982200229643103e-16,4.8071572121185476e-16,nan,nan
0.0027144503180580371,1.9153831844167222,0.52713406184881151,0.32236032474695092,0.4423359115756893,0.74150715636863596,1.3788255364636834,3.1513548863337155e-16,3.1513548863337155e-16,nan,nan
0.022632638298443558,-7.1322461108054576,0.23258037116615354,0.52063547164380664,0.15165781843729487,0.99997285529894286,15.850359564123446,2.3485612191026942e-16,2.3485612191026942e-16,nan,nan
0.11960563811729322,0.5951651460469165,1.7518712578860454,0.49791528712883459,0.24459033647870645,0.24560432297485382,0.6639534490966511,3.2945655281597875e-19,1.6754344213202824e-16,2.7136127138573585e-16,0
0.05054097329933481,-4.3824829032174994,0,1.8811288729387208,0.13280240567230064,0.99208808217883571,2.3088423006557584,2.6380017063114531e-16,7.1457363275297663e-17,nan,nan
0.037305338839983715,7.9670027297706412,0.030017581803350242,0.71789566859040443,0.091875641420827409,0.13375344937502787,0.65501631354558654,1.0028930796556137e-14,2.1747435425331358e-15,nan,nan
0.14176293426273609,5.2746601018922767,0.0018733544714538259,0.78619100124841501,0.0039781916083584954,0.1235364908850748,0.036531502553512944,7.7323002321991042e-15,3.9334453158195587e-15,nan,nan
1.3015197500446243,-4.8021595661975391,0.12504344698073366,1.1176748591251024,0.25435294771446554,0.99999915896757541,1.2832074047802173e-07,1.0886266245076831e-15,1.5011831528302504e-15,nan,nan
0.0049502228006000843,1.9315313737024749,0.023302953895973692,0.51665480464611691,0.01573061411343675,0.5758432065275999,16.308182404582581,2.709474517143935e-16,5.3098914663312163e-17,3.3891226556550481e-16,nan
0.06591517147607584,-2.7264700503666406,0,0.34309405433988438,0.41079386198924217,0.41093888771023873,1.8604511639555992,2.9470059681360007e-16,2.9470059681360007e-16,nan,nan
0.014780231408589316,-1.3140898590705525,0.25167441315239653,0.66090964765520654,0.036856182468056886,0.079668791784823667,8.4032302294365184,2.3836165186952924e-15,2.3836165186952924e-15,nan,nan
0.011127389258286087,3.3818072915100643,0,0.92338609618084577,1.666544585133821e-05,0.75272021772250386,3.3511207405886676,1.034942185067773e-16,1.034942185067773e-16,nan,nan
0.09725648697583332,3.3463334786255032,0.0025924785910179846,0.7225273631546637,0.015728735711516312,0.023750396762641152,0.10348248246515779,4.9704134518483377e-17,1.8381173879331377e-16,nan,nan
61.803993923065079,-2.3658319217727364,0.037968080675305715,4.347986126241671,0.0049439715598499894,0.86813365259647135,4.789737293427599e-75,1.0380089367075629e-15,1.0380089367075629e-15,1.0261966033680809e-15,0
2.0195795422589931,-8.4138138038625438,0.0021070990900025873,0.82829152081182944,0.14615043529435304,0.14628976156954931,2.488205816647164e-37,3.7315946968853069e-15,3.7315946968853069e-15,nan,nan
0.086986677801855955,-6.5482136683295682,0.049448625046936111,0.34388319204999435,0.0042054118524163329,0.99998816479446617,0.24207835795229785,1.7549415115356032e-14,6.6571581379506788e-15,nan,nan
6.8749185786106519,7.1797404084004377,0.14805701376453709,3.3205209237781697,0.35341933755637245,0.35372026378149435,9.7247280784765531e-73,2.3694765654556489e-14,2.3694765654556489e-14,nan,nan
10.729522385484191,5.4192352277285991,0,3.1269953449895329,0.1983031917955656,0.99999130318261931,9.7588837042082192e-75,5.1411399525424184e-16,1.3189754714791637e-15,nan,nan
0.26150800156901738,6.649225709904826,0,0.56927623971440333,3.3234938743770945e-06,0.028136163787759707,2.2959455505971427e-05,3.4567345073486222e-12,1.6131398093305002e-12,3.7505080046757483e-12,nan
0.43456261553852643,4.7460789239525845,0.00016340638287379108,1.4910647823801806,0.0029577856287747312,0.0071998231561246576,7.5922391980876071e-05,9.01746755376581e-16,1.0802517629569866e-15,nan,nan
0.075875107608934192,-9.7202863499170018,0.016596495681229798,0.29534783916944296,0.3865861455952867,0.386655972399645,0.038859174115252311,1.1079912691858149e-15,1.1079912691858149e-15,nan,nan
0.011679337140902933,1.815154792987137,0.0097268631626932396,0.76045748678263803,0.068563430230102182,0.99999750551382993,3.5024299407804831,5.0298765669834521e-17,5.0298765669834521e-17,nan,nan
2.2214931904205382,5.1683277719443037,0.0076298542716940971,1.5410812839128867,0.48466128764967298,0.48488316568517925,3.5963571378438691e-17,8.2388056422434497e-15,5.1541963961435745e-15,nan,nan
0.089386135031326239,-7.6432746311628508,0.0052213055601508292,0.97323137260842152,0.00072819086730837549,0.99994720704266848,5.1967606132198911,9.8556305579661701e-16,3.0192300707802601e-16,6.4835509984389287e-15,0
5.866442546128452,6.2471060899063637,0.0011490666394486117,5.0416222984996315,0.45603160552731214,0.96476112097978772,2.7541459612485826e-59,7.169715194773767e-14,2.4817220316390681e-14,nan,nan
0.19211524264848567,5.4503893290105658,0.69324071097559092,3.6976596023422164,0.40197971586288767,0.99974771540432106,5.8836888005108314e-08,2.4217221691299523e-16,3.2444294520151813e-15,nan,nan
0.028858067038253183,0.56510080211422498,0.00082406766763832727,0.78411684571405149,0.00061064979926716038,0.92362794142392979,2.8690682741859259,9.7368503814352675e-17,9.7368503814352675e-17,nan,nan
0.14635472173441133,3.7650795083038027,0.00076008396681418377,1.1208994386196696,0.20496539581202342,0.99994736657121464,0.058443442748595871,2.6586857064012328e-16,1.4714021417152802e-16,nan,nan
3.1168770494657849,0.84113405806301955,0.37481865915467949,5.8600201670877494,0.45475406741848862,0.99998557767657748,0.0020651726433612038,3.604421498018093e-16,5.7043954173334182e-16,3.9023012078026731e-16,nan
0.0084682253344715193,7.9233078914223292,0.0023105135197647409,0.23301013748140928,0.17275534164359341,0.17309390193729579,10.43800193685118,2.0169687632070752e-16,2.0169687632070752e-16,nan,nan
1.7867713993860836,1.5115899851444308,0.01343684911335271,1.1275164816948455,0.30874553347565709,0.4670377731288195,0.00014960400014702374,5.3825250395832146e-16,5.3825250395832146e-16,nan,nan
1.4781134880609093,-7.7518027018400293,0.2964717123564139,1.4577602050968659,0.17178693307295848,0.17215115355808031,1.1025188352157725e-18,7.3325589663736379e-16,2.6547858253404375e-15,nan,nan
0.18721772911177983,9.3467116337793712,0.00037109931530420403,4.0505379631531362,0.43941624930352963,0.58008644557531208,2.9303424852842926e-15,2.2740056879234105e-15,3.513887552346182e-15,nan,nan
0.077533327420363257,5.160278121932091,0.02111008303481152,1.0709321636929547,1.7220645246634932e-06,0.9999550903114367,0.1133268714893732,2.5166132224583457e-15,9.2465855953883387e-16,2.4390809583162379e-15,0
0.2589854461000885,3.1129528569698266,2.234347144966971,0.80637953841542664,0.065411953526107985,0.99950523816411496,0.1246620953546216,1.499529782173157e-15,8.3825816479719912e-16,nan,nan
0.25434527059274653,-4.7693786534558384,2.5823074159979127,0.47739567287884321,0.00090427572845422192,0.10884324553756587,0.0021180715290631666,2.4871084026508509e-15,2.4871084026508509e-15,nan,nan
0.0016307100489880984,7.1189061197304326,0.37521254115590258,0.28587406386554354,0.32584678053872124,0.36334906581695187,14.678657587960622,1.9994466759671114e-16,3.2096096821927023e-16,nan,nan
0.061428513744901922,-9.6523515958944763,2.7347761629943204,0.88958365338560741,0.0068172040958098066,0.035223215292866074,0.065703469102220066,2.0558025451526083e-13,5.0545879768804332e-14,nan,nan
0.028982354915144032,5.7115841112278218,0.0040895308155622116,0.27296895799285742,0.045996828955742329,0.13060348191724566,0.91939428516129673,2.2598958980529857e-14,2.5859368812163768e-14,5.7483391676016019e-14,nan
55.114217629006383,-2.7787962644506798,2.1691769125604852,3.7322484074705327,0.058906506349459528,0.062297169911569888,3.8823636396364445e-12,4.6734199223982061e-16,6.754094588468282e-16,nan,nan
1.01157027207494,5.9421416148553803,0,0.7397016600356634,3.0433291135779531e-05,0.98752494645558975,1.2121624493228537e-12,2.2696855613480619e-15,2.2696855613480619e-15,nan,nan
0.03828984207487101,6.2709251616912987,0.83658806499630689,1.0149762877279271,0.079349355962481438,0.65377605748477596,0.38908638318657618,1.7676062031843706e-15,1.4822651908537546e-15,nan,nan
0.14971741770151639,2.3503146264521071,0.90456369243336376,1.9995112003659268,0.11881694615089186,0.11890911084478842,0.54926849590695781,1.532816321576814e-16,1.532816321576814e-16,nan,nan
36.41475153834395,0.99455730155973754,0,3.6363742280872495,0.055163299853826835,0.063368737024093361,6.7076597215198364e-16,4.1536869578458606e-17,1.8854434647277509e-16,1.3060388611176103e-16,0
0.098365774365366226,1.8728373843904382,0,0.29748573923351146,1.9883114060181946e-05,0.0004147695541249606,8.4598168284508458e-05,5.3215262532559784e-18,1.5487729874365039e-16,nan,nan
0.60329369384981368,8.1894400817745563,0,2.6575068262857529,0.48534795147644028,0.99999618538986057,8.7597421178763537e-16,4.6933785210044675e-14,4.5102854079556664e-15,nan,nan
0.17266338341818716,4.2969995243069743,0.007711304996194001,1.2689813786516555,0.040732469354600551,0.84013791809692029,0.033790534996809771,1.6680132451404534e-15,8.4661235230909195e-16,nan,nan
0.062796125339120212,-2.0242614673909465,0.0013334916903385266,0.48849923173567678,0.13270934281850341,0.13281273960985174,1.5680905221729062,1.5191468409106279e-16,1.0312779235886666e-17,nan,nan
0.008462817418249639,-1.5524068159522102,0.016278988284141302,0.46692399935216461,0.19903476145843987,0.67690664405944301,14.594202840033995,1.3700204484670188e-16,1.5285438679803314e-17,1.3785939345624511e-16,nan
0.34445685555482514,3.0248853927665369,1.3394060760418918,0.80073058395795516,0.10743150170534045,0.11919328082197561,0.030362887744805698,2.6197315686624759e-13,3.6869057651643761e-14,nan,nan
0.63907809144046712,2.9644128789941142,0.9855817654428648,3.8841389601464384,0.0013583323232330303,0.0043080231126654666,0.001167639225195566,4.3217089598340388e-16,4.3217089598340388e-16,nan,nan
0.02264016897495268,0.88988853203824902,0.012151356385209618,1.2692332275824389,0.13817622454861425,0.15469798815915317,8.5164428366612821,5.6382880539707812e-16,5.6382880539707812e-16,nan,nan
9.31976182432747,1.6908770536217776,0.0010951548690043963,1.8952796162775924,0.0074203872907018589,0.99996890898735313,6.4375258626030389e-13,3.6232487659373088e-15,3.7801012555791294e-15,nan,nan
1.6223955466288582,6.8929630357148781,0.00017539253798877762,0.5888882615377754,8.9103831946480277e-06,0.99997067565193154,1.887178977267178e-27,7.0955589925093672e-15,6.9054697581609465e-15,7.1118559945230739e-15,7.3219709707453158e-50
7.0839824108183249,-9.4610890289389999,0.0003910625430600485,2.3650521097357426,2.1863911305846873e-05,0.78734657392845542,3.9960818322941995e-135,3.1482827968350254e-14,3.1329931381558102e-14,nan,nan
0.19828371784962651,0.38258248935981953,0.00026224474994131046,0.76942366077219937,0.011023724218313888,0.97157046438359751,0.57359204010576748,4.2128658803175197e-16,6.1484279993811617e-16,nan,nan
2.7110015053944507,6.8852463002732414,0.062140693269444387,0.76791636410483421,0.13364222919046337,0.99999791184292475,1.3887682248117555e-38,9.2858425296894331e-15,9.2858425296894331e-15,nan,nan
0.47673704090312596,7.0451856711772187,0,0.39201368926077323,0.40861265796242424,0.41016352181015386,1.034626479645464e-11,2.7621670594368087e-15,2.6060153307041125e-15,nan,nan
11.7750308944961,9.0407021424980591,0.00073532631157158951,3.1685218296295203,0.33840431101903279,0.999991430821906,2.9500974232743542e-218,2.7825757783041131e-14,2.8166909057337862e-14,2.7929215591581737e-14,nan
0.71597459160533061,-0.99186058599746652,0.014110896883365897,0.61089956472023133,0.49367135430393655,0.4939205639582756,0.00061728299282698905,8.661588665721464e-16,8.661588665721464e-16,nan,nan
0.81947813043409534,-1.7943935784328708,1.342586220459649,1.2821661595201703,0.00057774813062621308,0.99865375789264765,0.078146077303553371,2.3824827743759968e-14,2.9909259227992692e-15,nan,nan
9.0478747879658616,3.6349655654312691,0.13699068077402932,3.0268235774609153,0.34192719409552735,0.99999882218520619,9.5892169737632433e-28,4.5546540839596081e-12,4.6751598723879257e-14,nan,nan
0.013533998819432362,-6.4240649755131507,0.0056576352607985653,0.38655030396569445,0.25549686496984425,0.98420552529610084,21.658968752580932,1.3520857513292115e-17,1.5050882087927454e-16,nan,nan
0.0016413121852324379,-5.8457072129562171,0.56761240358770615,0.38105167499234288,0.10913019638975795,0.99950981633993885,24.962844870620604,6.3755243797532289e-17,3.4839537173277247e-16,1.7466817287496094e-16,0
0.016273987562172285,6.6367299688641559,0.0086222405261744111,0.48354011019978527,0.0084533833492374203,0.77690551003622654,2.3260091120008295,4.9376961601505455e-16,6.8469286199841085e-16,nan,nan
0.86811432639241704,9.8948942135254363,0.0078915863405770535,5.2147280889358552,0.23656307311314195,0.77724968101576941,1.4752416772288633e-26,3.1584098608370909e-14,1.179717401491585e-14,nan,nan
0.022636987953629083,-5.155627908497042,0.00072828724545673565,1.0279926473400784,0.49254762038430416,0.98871659003822454,0.23037306102075222,6.820281450817464e-16,1.0434711301162942e-15,nan,nan
2.2827444993051853,0.013886562535398994,0.05162744437707599,2.1320783110526325,3.3340514591631781e-06,0.0033384086861506066,0.00030407918796568052,1.2175844887846536e-15,1.7524133501771036e-15,nan,nan
0.016593653695990994,-1.4040097766513711,0.0004429921731789644,0.46385830186455812,0.050306734767899999,0.99975298682484681,8.5850351465124355,2.0470824945561443e-16,2.2049208558517267e-18,2.180980729785027e-16,nan
9.6572736179736598,-6.0540074717162318,0.027427052816922069,2.8806796105095787,0.082482877347094738,0.98704691023360935,2.1786183196606445e-74,3.6053389230494463e-14,3.4971802409123219e-14,nan,nan
0.0012515718199236018,-5.8829657437036946,1.3718461582462433,0.24499249514526925,1.5189712256993029e-05,0.46594425247922405,125.68727691167786,2.3470804927964666e-16,2.3470804927964666e-16,nan,nan
0.27589847338616713,1.4114528703217548,0.00029815484732121462,0.80139734677022623,1.0233330555021202e-06,0.0057183362265929927,0.0040179118317903197,4.0972334188941068e-15,4.0972334188941068e-15,nan,nan
1.569338084952953,-1.195093307787884,0.4111538973040183,1.1282234107784563,0.23611862880943421,0.2371061846066258,0.0018042996438677498,4.1638779508183559e-16,2.9620795952399256e-16,nan,nan
0.13414226679846605,3.6764225076651069,0.058449425758030443,0.48922680303566057,0.18043988693598137,0.96073825741023289,0.10215201415984203,5.7682184300735865e-15,1.9642987343661816e-15,6.6523562382261758e-15,0
12.351732155089744,-9.0303456360114502,0.088405445852320311,5.4307562715509441,0.45841742389064105,0.99999636848970819,3.6818901020076182e-185,4.3016079834859681e-11,4.4856488265362338e-14,nan,nan
0.22040744354478944,7.3544831121290848,0.53689184388075573,2.5897864263649413,0.42107861519087242,0.44763868443525184,4.4543131599809867e-07,1.7062909474332702e-15,1.3838118133122571e-15,nan,nan
0.053479180172369668,-6.3739785618475668,0.004055849393688268,0.42256499791553076,0.30873278045799241,0.33137708978409125,2.7771019646639079,1.193504107681586e-14,1.6092727615883574e-14,nan,nan
1.1973031550840141,9.0736665211903009,0.00013766163621023342,1.1088977065167309,0.47467748329587434,0.99999438112018679,1.2229404343863777e-26,3.4865303803950843e-12,1.0202006897503186e-13,nan,nan
0.043500781895703299,5.8970958468295738,0.00026547200563109004,0.7430570772716496,0.0024081808087614348,0.99995588010072367,0.34105489414965312,4.6987603939092521e-16,1.4434984297223474e-16,2.4659154014557076e-15,nan
0.1214201589328474,-4.0707715917284615,0,0.39318239239596031,9.4424682713959926e-05,0.72900652092829854,0.23223660318161579,1.5538959418062119e-14,5.8583079011787853e-15,nan,nan
16.785345734906603,-4.1165716245225674,0.00049520743911263189,3.6213728481529532,0.00015866462233154538,0.00062540596945886528,9.182740740808942e-69,1.6586706907015826e-15,1.6586706907015826e-15,nan,nan
0.33495239690141226,-1.1770933709524467,0.0060928581239900401,2.7946364079403478,0.0016233450045010857,0.0045129048268292976,0.014141849556721143,1.0334373227162906e-16,2.2600968689227848e-16,nan,nan
2.0020382606230807,2.196345635961606,0.58966533403097598,3.6587762424396515,0.44966138831493235,0.46522084709504374,0.00079405233930478387,8.8525362736377523e-15,2.8447590493896345e-15,nan,nan
0.069464835864251978,5.5012202705093429,0.014577154406381021,1.2442957692015417,1.2335685440653527e-05,0.85447922670259557,0.11712371764291676,7.8340508082374694e-16,4.2794024192259539e-16,7.0383601937500777e-15,0
0.32066713546678011,4.9721098253178564,0.0035585090845859746,0.70057996138985923,0.21365096715543083,0.21373974355338216,0.0014296271022871097,1.1418586738671175e-15,5.3515379495092796e-16,nan,nan
0.59683707862395374,-3.4129156099291658,0.0079297814230944487,3.0072282204763807,0.18953135859964332,0.19017665706259346,0.081617925776933622,3.0722414884937353e-16,4.7725772512210591e-16,nan,nan
0.26343041984061266,1.5510819627667196,0.017072130570146261,0.53278578818102618,0.022749803058096367,0.99999428065229212,0.036153109741403233,7.059170971796774e-15,4.1802095407304412e-15,nan,nan
0.0045127693333738518,-8.3610059708969171,0.043685037706190526,0.27718433796084818,0.45847988809999629,0.49092683878545884,65.234034151272326,1.6805147663777618e-16,4.9792703935944084e-17,nan,nan
0.49052771967161729,4.3261556094768245,0.61561952774049145,0.50825716723140857,0.090990829324958097,0.99999045630179828,5.7583631041314788e-06,7.5905114182318404e-16,7.5905114182318404e-16,8.6197493451902833e-16,nan
0.048362276956020196,-8.6024904266965603,0.00011617911252421832,0.2183507264602422,8.230367499159406e-05,0.00082678811721457232,0.0001054154148575289,8.0717462808863096e-16,6.7861157899011605e-16,nan,nan
3.0123132594356465,-4.4613794668893352,0.14167875252808898,2.5999416996727875,0.35316965052709559,0.99940597854656343,5.8042647711281697e-11,3.148621504625723e-13,3.0505064584163958e-14,nan,nan
1.5877752743965736,-2.8026103330938934,1.4121357253761408,0.58359491424533161,0.20425594120434845,0.99999918895132667,9.4833423871389063e-11,7.2745755886494841e-16,7.2745755886494841e-16,nan,nan
0.57077243855719428,-0.0040784341125608137,0.00093304601791627056,1.0661832847062196,0.49262112147178172,0.49688820999070865,0.23241884916407959,1.2592841897400077e-16,1.2592841897400077e-16,nan,nan
0.022223249614366621,-1.9879218038010364,0.0025785740720102612,0.22758086495084912,0.49131511901134139,0.49166157529253657,8.7240881752542041,4.2628397111554484e-16,4.2628397111554484e-16,1.4676655842744545e-16,0
0.1491857758288555,-4.273352257779921,0.00037905074921569678,0.29201276156460926,0.0012766005706447896,0.99986427856567095,0.0020730999116324684,1.7149701301463492e-15,1.9241645189747672e-15,nan,nan
1.639986185935842,0.97669525793642009,0.023549750806089103,3.5553691656664137,0.29372224226153371,0.34889012782787049,0.02185313518895883,1.1439065333825696e-15,3.5009664707698081e-16,nan,nan
0.12439383554060505,2.874578087584613,0.00055567344329382311,2.1510798456057088,0.16535357777576312,0.86768092110474804,0.055832369131161963,7.5318762677618645e-16,1.16778274424319e-16,nan,nan
0.23694460711377796,-3.2395693749310484,0.008659854353356802,0.28713999669065188,0.0008029234281818,0.00091672772899321128,2.0599248546561609e-08,9.005051732238349e-16,1.0611286271684398e-15,nan,nan
0.91170185623457989,-9.9079146174552886,0.00071843939690683463,1.7846405641812291,0.42733199967148833,0.49416530056832147,3.2270661877777101e-17,3.7030215492378101e-13,4.3889387725289809e-15,7.7122131498867604e-13,nan
2.8573169263709666,4.4893231116628396,0.0023290814484288238,1.0576932653477387,0.062884579696971213,0.30020586781095027,6.1740552871184613e-19,6.8178078641039816e-16,8.3775039267595038e-16,nan,nan
0.10412269509229193,4.3537936071989503,0.0011009181399400912,0.71604178693107845,0.15304948197470997,0.17961864494764446,0.2920289351362842,2.2113297142484182e-14,5.7657423919240705e-15,nan,nan
0.0031869517255989615,2.0173897032875932,0.006764161609387101,0.23707698162046736,3.7159041598709178e-06,0.044748441285315993,11.420759290164417,4.9799857828270738e-15,4.2022980677335372e-15,nan,nan
0.022117038506692752,8.6530999287750561,0.17690535042207209,1.4205169513774394,0.29487395285657098,0.29497928004064999,0.011248672883386523,7.4216602321694382e-16,1.0505976922610083e-15,nan,nan
0.06956370163200061,-6.6426161911535146,0.0017136383413143084,2.1673669791931869,0.0014961590424091647,0.9110003122667415,3.4007270887677459,5.2977442224187004e-16,5.2977442224187004e-16,5.8088867583759121e-16,0
0.18322558761962077,-4.6975074529951915,0.0046605659963343139,0.55524332216787131,0.071047114069448664,0.21467619935237819,0.046484724380648546,2.4792501971915485e-15,1.244800600656013e-14,nan,nan
0.026577337654106619,-4.8401301650742212,0.015243723362634147,0.48449472800357785,0.37178760422690726,0.49757821841497857,16.934817828070489,2.1161590178466628e-16,2.1161590178466628e-16,nan,nan
0.37816720466719905,-4.5800341004961131,0.00084891755708450659,0.27777972535266937,0.092562214520331004,0.09690800440309788,8.00196758167872e-12,3.963086146344246e-15,3.963086146344246e-15,nan,nan
43.76659845749159,6.3926940634154548,0.0020314506806619849,4.6368976634125865,0.49076009075919436,0.99980870839947777,0,1,1,nan,nan
0.081345492496920621,-6.1730675034983351,0,0.25877541732609988,0.00047396607318196627,0.00065893779615043948,4.4207241664788934e-05,6.1458404727947766e-16,6.1458404727947766e-16,6.1870957336734234e-16,nan
5.0302197330352278,1.4341174584709204,1.7086162277845649,1.6269938731589415,0.2835806669663159,0.98943587766837782,1.3427173228809385e-05,1.727841257786004e-16,1.727841257786004e-16,nan,nan
1.0752479705219109,1.2443481942608248,0.012301869751455634,5.6716487484781481,0.42258708436627257,0.42276387435786078,0.0013066227365542793,9.4646211179945209e-16,7.8050722028353134e-16,nan,nan
3.2635085204474259,-6.2829654822297236,0.11778867595124175,1.9640775989977988,0.17657613278112722,0.17838015027451581,9.0970269704261188e-29,1.323115977402317e-14,1.3477622442564065e-14,nan,nan
0.038233210731820406,3.6870013704516076,0.0081198039346589111,0.21474640049888147,1.4475552098239574e-05,0.97946779105756598,0.38968808763605545,1.9526877891897832e-15,2.5224886426672629e-15,nan,nan
0.016712637483394095,7.9222932806436361,0.13050743207249488,1.0448737192288506,0.083130501692420894,0.083905059878257901,3.8048325504285523,1.664583309226102e-16,1.664583309226102e-16,1.1123774738997909e-15,0
0.066285234959851891,2.4640310416808475,0.0004757665922397204,0.22314289871123749,0.033185868535767542,0.03331084110362733,0.0074090871615032266,7.7201023141899654e-16,7.7201023141899654e-16,nan,nan
0.025347179677529346,-6.9726763042265443,0.21335396190446784,0.42004762820750879,0.00029125306510580096,0.0083946808966202709,0.098994728621933037,1.6737033113155469e-16,2.7183191866649153e-17,nan,nan
1.5709030750815005,9.4360943915482132,1.3382330550995272,2.539798387993927,6.9160408940814454e-06,0.86032042067091319,7.4283423265351378e-11,1.7072520934514343e-13,2.6492534737631477e-15,nan,nan
0.021490320681290517,-1.5186356385067157,0.84533490952961488,0.54182335127877712,0.16029169363954504,0.99682381027007028,6.8199392599577164,8.9921446192755003e-17,4.0311153518936839e-17,nan,nan
5.0568909784557592,-1.0597247406041443,0.11596104182758783,2.5774453540513034,0.027504722753536034,0.9935699013235807,0.002098542824857674,4.4294658499331984e-14,1.3502601880464283e-14,1.1782442459822759e-13,nan
0.002840880802319029,9.2239071543132773,0.0016963026030418155,0.28763260955686709,0.088456695723371601,0.16410976857515569,47.073330863986421,7.8213794593704221e-16,5.7635623844907377e-16,nan,nan
1.8888508473860135,5.7009724059650129,0.0022372030866073108,0.63181076479494325,0.096062763675493393,0.16611442097393053,6.5693775478607119e-24,3.1939698113112451e-15,3.1939698113112451e-15,nan,nan
0.0094671517097225152,0.063792878516743201,0.0013350172365186761,0.21509379549155103,7.0053579527295781e-06,0.9771842198517926,15.999141183087175,2.1243031031741796e-17,1.3227129305358407e-16,nan,nan
0.99083723530644752,7.8993729020522601,0.00086831216852275954,0.69333431616176489,0.075211761766271645,0.96543332498434564,7.6214492377630122e-19,4.8488904723026113e-15,4.5961918208644345e-15,nan,nan
0.0032734321891043066,-6.00940822981197,0.12642010038312773,0.39428197598220993,0.14508948206486322,0.14572066262583738,98.334360740801273,1.3716939720760629e-16,1.3716939720760629e-16,6.265656053870017e-16,0
2.8294151927364957,1.613481727860977,0.0086974988455535678,2.5819802214517971,0.031731371025063723,0.031961568102707651,0.00012869640840778391,3.655248742273054e-16,3.655248742273054e-16,nan,nan
14.457045632615415,7.925535840922656,0.0095731564772124807,5.1674472086209784,0.41644626688843939,0.41659395326106691,3.6693314522393472e-207,5.6312604761896392e-15,5.8197452429256003e-15,nan,nan
0.029927025822321863,-6.6019283397268591,0.0041797663035766514,0.21872922517252355,2.0032150841170835e-06,0.00012547948469995455,0.00031280026006278881,4.5400203415505644e-13,4.5400203415505644e-13,nan,nan
1.0905435858508703,0.87339789424976289,0.0062146606665229049,1.688569335636513,0.40688379771160149,0.99115368724569397,0.03102248246586815,1.3087054306723668e-15,3.0217661396863529e-16,nan,nan
1.6171148552157351,4.7224647656568521,0.0015303132844011491,4.4980293098700042,0.40062439985842829,0.40340515977404773,3.6826853083751275e-13,2.547872168877406e-16,1.9399110243320419e-17,6.3425446552085634e-16,nan
0.011408349071367467,3.3289467777743056,0.15757958433761818,0.8883340921538746,0.47652243091021446,0.99800729842042979,0.00066371595564946565,5.2858280645035814e-16,2.3254695312346651e-15,nan,nan
0.0020541694423310683,0.30581443961570898,0.015536046731575404,0.38449102776161292,0.43612577979668621,0.46249197246613716,0.50348466778413359,6.2495623002362194e-16,6.2495623002362194e-16,nan,nan
0.0061212322015335727,-3.274758646833793,0.00027740423820077635,0.25338133403786278,0.20836991561857063,0.99999660644920552,28.204396448432433,4.5883935797246965e-17,3.3200541403827737e-16,nan,nan
0.33106399503765627,7.8069540135434146,0.005721478082979385,1.6383410651130621,0.022308815979600514,0.99990910680510769,7.5347751298816031e-07,5.1368294220438246e-15,1.1865979479516309e-15,nan,nan
0.02687674534911175,4.6774922310899143,0.00093707988275389879,0.53778865302274981,0.22224704982109686,0.99999761566436773,1.1440230798682101,2.9321866767500411e-16,9.4963369615031198e-17,3.7897856778264152e-16,0
0.063824261742659649,-1.5140823608439327,0,0.34798757436619487,0.13250511391203162,0.91200084095497669,1.8031405567829293,1.5311291501520094e-16,3.9939943337868543e-16,nan,nan
0.033568226881130446,1.8076204396510462,0.0022632621312329644,0.45623160034023513,0.45451820874926918,0.99991834305942684,2.1524843259504896,5.8815873421823907e-17,3.5381357478933797e-16,nan,nan
0.007058078336636648,-3.5888672303507896,0.02715935193859596,0.33831273094533726,0.15299782444406476,0.15309092901834134,33.151040860135261,3.9402766505185675e-16,1.7969269476905604e-16,nan,nan
0.13391990950851973,8.0374321548110501,0.00068998277388869727,0.22608199524401837,0.15833175428241092,0.99999836698720623,5.7465035115682209e-07,1.1785009100084281e-15,1.1785009100084281e-15,nan,nan
0.22319777087807366,5.2888711626316329,0.36829923669735454,1.1731224923459393,0.48966783732068786,0.48991934646886165,0.0026279735467218063,4.3207281591896929e-16,5.9709763876590591e-16,6.6768793481396114e-16,nan
0.18623379262038914,4.9581943818369432,0.11422345512660996,3.9917068899424275,6.7895755649353406e-05,0.99956114442899502,0.0033930993322438458,1.9094022700209618e-15,2.6762779076535507e-15,nan,nan
0.012964054647157011,-1.6974830029685961,0,0.22952617487318025,0.012671004672651101,0.012909337402033923,0.77531580651921261,4.4870187430351624e-17,9.832604503258667e-17,nan,nan
0.77207771389658142,-9.645661469578199,0.00014918310807062062,0.47690871854251093,4.2164516285664741e-06,0.64549688259327886,1.0200415720117905e-21,8.8607924401738283e-17,8.8607924401738283e-17,nan,nan
0.465635823729807,-1.465053092947997,0.39383422517106698,1.4859714111313536,0.057814157772441546,0.17929319711898545,0.16706869065523372,5.5842071467386729e-15,7.7439324764102639e-15,nan,nan
0.34316213638657783,2.9889419975770863,1.2397618194934585,4.6086722859177849,0.12926654365071827,0.99995327088369268,0.007727661508110422,1.4376387024977679e-16,7.5416545761022883e-16,6.6224903506489696e-16,0
42.47634619108586,2.37035274223879,0.017234116423696894,4.2597159483747591,0.18947904578736768,0.99996625699357999,1.5363945372570374e-59,2.5151616750702407e-15,1.9395649526160515e-15,nan,nan
0.36616739995455189,-8.3800063208928872,0.00024716631654050941,2.1354095159325901,0.22333384291813255,0.22341750535628949,8.9382766327860631e-05,7.2892692406006134e-16,1.8081402799488616e-16,nan,nan
5.9216827177434173,-4.5753925525921524,0.0035721090014083235,1.9047713185216406,0.013265366498168819,0.01360422464418282,1.5805319950244994e-32,8.3103895532775031e-15,8.3103895532775031e-15,nan,nan
0.0091915817181032616,-2.5671467037491613,0.003035233908972678,0.42471665680399168,0.29234173399057817,0.99727742103429218,9.274339256802941,8.0879027282410626e-17,8.0879027282410626e-17,nan,nan
0.84909505447002431,-7.7351300245849703,0.037891935529242297,3.7164473475541708,0.22289990447937197,0.99996001540387669,0.00094042835280682281,3.4143833001270802e-14,4.7970181882880607e-16,1.1667858122129332e-13,nan
0.21263673367744396,8.1010368490486577,0.086453400352823201,1.0567027034648133,0.25916973216125855,0.85428006605166207,2.0829778955125496e-05,2.1574201802331186e-14,3.5191552561762518e-15,nan,nan
0.00062290626822050896,-4.9087588476363315,2.43184700852047,0.23120999449120472,0.10789313818219456,0.7499872158496137,79.839168764115925,2.5434766892198781e-16,2.5434766892198781e-16,nan,nan
0.24628728100443742,-4.3064744470116452,0.011307924816086643,0.74429869941426607,0.38813311161099379,0.40072059922128539,0.21605009026960309,2.3026137579386524e-14,5.7584095094179712e-14,nan,nan
0.01550613456782998,6.5731284838442825,0.018383441163975753,0.3884453571987711,0.37611597851522421,0.37683956992774925,4.1473669243289724,1.343005115172583e-16,1.343005115172583e-16,nan,nan
0.0037178115743245273,0.64692966834897625,0.0045285623807223936,0.47598514920638391,0.0068737602904884697,0.0070619209083210548,5.8110988116085114,2.4665542759138533e-16,3.994971617442895e-16,2.3590914407341855e-16,0
0.63993741357513267,-8.6015014049010841,0.0019858816773848814,0.3772488533021558,0.23005595442817703,0.9998981871808974,1.3762519318643646e-18,1.4496031594691725e-15,1.4496031594691725e-15,nan,nan
75.126593222340503,4.0658375672214646,0.00027833235776623672,4.1754792135003846,0.0002334941386941085,0.99999784062401853,2.3210459009734093e-282,4.3043139721212424e-14,4.3537224880810436e-14,nan,nan
2.8751701769811335,3.0517841016297744,0.75208771161428878,1.0758549691002293,0.27415204528401205,0.99954204097006882,1.8422325406338853e-08,1.9462894635945e-15,1.9462894635945e-15,nan,nan
2.008705442273031,1.5644050118309529,0.043048669637589888,2.6378083813459154,3.2370722008885178e-05,0.98043177808585003,0.0011696635604881514,1.1146759499778331e-15,3.7100941415922277e-15,nan,nan
0.26578356066984188,5.0606551226587015,0.019587940111099104,1.0419694016268131,0.18377865823592612,0.18431078317791935,0.0064910804030957614,4.8524674990723118e-16,4.8524674990723118e-16,3.9058289556104389e-16,nan
0.034627789324428511,-8.7609809110273922,0.50999170867384958,1.1118548296861079,2.9301915254473748e-05,0.99999830294500969,7.9863587431169032,2.0515410343072089e-16,2.0515410343072089e-16,nan,nan
1.6260784137999853,-3.0113853656146166,0.0022111623137238564,4.805904631560038,0.082156896652136699,0.25438308670869642,0.0012395570261575521,1.004928257104151e-15,5.6947604160203634e-16,nan,nan
0.018728550584575308,7.0286600221942912,0.037386087028397137,0.57060336624718477,0.040349369868290366,0.97968568877352402,1.1774865269321606,4.4450851854559043e-16,1.1988088008717054e-15,nan,nan
19.677274052009704,1.9461571088267107,0,2.4670858214033204,0.16847123753046053,0.99998885162006212,3.3677708786151503e-25,2.7892834836227439e-15,2.9256281155291676e-15,nan,nan
0.27833552638145181,3.8173250116804915,0.0003734056260579063,0.33800997628778218,0.00019675696651648262,0.93278364883474207,8.0518588961775753e-06,8.2513061953119569e-16,1.0355250037786416e-15,8.3851257152717991e-16,0
0.049278068134468167,1.5095816140019842,1.4532159600923797,2.2059514110331193,0.0017589769607530164,0.99999780522326154,0.55790001635187458,1.1097222645359974e-16,2.8702848768329492e-16,nan,nan
1.7276438368433709,8.4030549350026931,0.32662582762974612,3.7058959315311246,0.15057658815917915,0.99999849878272007,3.6182987472479607e-27,1.4834186834836791e-13,2.2032484222371814e-14,nan,nan
0.56251545129161018,-1.2575320021933614,0.011212738881520322,2.1041723058164261,0.35958212170431403,0.80732382536089253,0.82688348783277565,3.5108080577822265e-17,3.5108080577822265e-17,nan,nan
0.89437407800987889,5.4835249237583188,0.05341245862717689,0.42841036323807352,0.44995917075226521,0.65837419781961137,2.4691555192877042e-16,1.4110105704545303e-15,1.4110105704545303e-15,nan,nan
1.5809227443817826,-8.0358298899915681,0.87526532026997483,0.66130948720755967,0.0016344130368961811,0.0017905902185592502,4.4011401757994957e-20,9.6984676651609202e-16,8.3309740530955409e-16,1.0501106745476673e-15,nan
0.19943429616335825,-2.6375016905284081,0.57997043295979178,1.6210418878852539,0.0003455173676851306,0.10430169979560104,0.2460625798962334,5.496283061990743e-15,5.0450876688946676e-15,nan,nan
0.51267775207308253,0.72972781459317915,0.042307699242096257,0.46583098726673777,0.00019529299555240813,0.99999789922169591,5.8789525506001882e-05,7.6750074423170639e-16,7.6750074423170639e-16,nan,nan
1.0094222908797696,-5.8811743910248531,0,0.83139131113084375,0.00066898692907586365,0.99999344795717748,1.101085239552595e-09,2.5717005456368887e-15,2.7595108492445225e-15,nan,nan
6.5364981165035436,3.2848118807098903,0.26450596694435802,1.8348772635725774,0.009677969451112196,0.58755765050874587,3.0590072229204445e-16,4.7409131276250587e-15,4.7409131276250587e-15,nan,nan
0.33015115760988473,4.3378728729491467,0.15983463255904309,0.51880515325284338,0.34334015144335145,0.99999248603182889,0.00025018967332403932,4.5227414800694016e-16,1.8922060336529683e-17,4.6529807405070583e-16,0
3.012790919968257,-8.2653510157852228,0.27601783989777734,2.4002374879894983,0.056996704027625703,0.99357349311401622,2.3985352554784078e-33,3.382029328247309e-12,4.6761477329424363e-14,nan,nan
4.4044750837252975,-2.3633588962271723,0.16564151739567914,4.3735640740081489,0.15285641984097043,0.15951902158317824,1.9086713603690924e-06,2.0325293624758968e-15,2.2544200883603424e-15,nan,nan
0.0085399002477488366,2.6398064085840378,0.00076610423523817462,0.28716536962930056,0.0025145758124668805,0.029533547734917263,2.2196018966823221,2.030739080793976e-15,1.9707821876267309e-15,nan,nan
1.0400503383611035,-9.7935675077076549,0.58834141447758548,0.50997871754232027,1.7713239160276874e-05,0.00021939173015653228,1.2262070585266593e-27,9.0324216937763164e-15,8.8861444380825746e-15,nan,nan
0.034576220930346374,-2.0430838759898107,0.057685121781075523,0.30904656388176116,0.064063661051184426,0.99590508913640574,4.8042764645230864,9.1918455146022657e-17,9.1918455146022657e-17,8.2399484194797675e-16,nan
2.6394219524559066,-7.6739579296532163,0.00017143277638642348,5.2503961007508879,0.24727781671371538,0.35790388772933546,6.5140541470035399e-30,2.977389386913033e-13,3.6709193744562313e-15,nan,nan
0.70371668858344871,7.7434563173235595,0.00012355980761170614,0.49288482610804768,0.00051109733083667985,0.0043246311584542192,4.1361781918056128e-17,1.4626196961739741e-15,1.3136179961444895e-15,nan,nan
0.011280874546634833,2.2590631403133603,0.0030529865762328233,0.51365117320779463,0.0015810593007295579,0.99995712585889085,5.3314551053443644,5.9954375067637081e-16,2.6635950654392138e-16,nan,nan
4.7660691329365301,-2.8077300716522302,0.0074531874663145026,0.98171653347470333,0.10781794492308518,0.1579105349293643,3.3620016802243005e-19,2.6302380584070002e-15,1.0548946020909559e-15,nan,nan
0.062196671734770753,-5.2507260859041445,0.00052516874802059329,0.24166174469086715,3.7795149940716327e-06,0.21431235746933056,0.04630522189629243,2.2343408857794117e-16,2.2343408857794117e-16,8.4446685083728747e-16,0
0.019181672865072209,-0.98697314794952185,0.0010315936180744251,0.21765309825943732,0.48508796208295579,0.4863041393212017,9.8820800070828341,4.2348848358012169e-16,4.2348848358012169e-16,nan,nan
0.44058386115067366,-2.1771375463138698,0.0003708416946783872,1.1147301597493897,0.22040674584459868,0.23004986850127365,0.17646532717225047,7.7187244848455475e-17,2.3447352913101188e-16,nan,nan
2.5769322417084948,3.7033655144114359,0.038686849241148367,0.88126212616062705,0.34200750009147945,0.99718954784902414,8.2139579132288065e-16,2.4979600162744577e-15,2.738057699253369e-15,nan,nan
0.0031900151618334798,4.7592393160796078,0.98111998424934255,0.54114904990531576,0.00075561806122351519,0.0011562357498100713,1.1004095302217671,2.0270703180506002e-16,2.0270703180506002e-16,nan,nan
0.021341865441622872,-8.6125177066291627,0.01409778069631777,0.40577346497722427,4.9561013637037505e-05,0.00026057751970272222,0.0036507703627019238,2.6447801093839044e-17,2.6447801093839044e-17,4.6191915430302878e-17,nan
0.25705524614793307,3.1370145322741152,0.0010659065538715954,0.31401324312844525,0.37653615516487177,0.99984961813201556,9.0331436978026785e-06,6.4480682614073192e-16,6.4480682614073192e-16,nan,nan
0.10381091644691695,1.1101460058265751,1.3195577398120235,1.4817589848826698,0.00037978138398653266,0.99998611550285343,0.582342410665318,1.38746175961374e-16,1.38746175961374e-16,nan,nan
0.16689836493791138,-1.1184993121416102,0.0002299272933663103,1.4049745666194886,0.0010780887515713733,0.10502647212493293,0.42460213670745806,3.9420207412924981e-15,4.7264419172439109e-15,nan,nan
0.07121197819399655,8.0859750219188733,0.00020922030629079942,1.2791347768433068,0.12056456267112482,0.62136521301523584,0.016034462333075074,2.1057263895230656e-15,8.0748006985807174e-16,nan,nan
0.23538186779479742,-4.9779034035071863,1.6391169024520746,1.4333749083774416,0.28496117774340807,0.96475049767048815,1.9764926221365688,4.4692456340690114e-15,2.4464131161547177e-17,6.4420083320681357e-14,0
0.0015578248758064516,-7.0728017469443945,0.0032140355480450747,0.33366517282549946,0.02739582283062485,0.99997715702023193,42.422447790364835,8.977258119903561e-17,2.5726473989561176e-16,nan,nan
0.69724287991206046,-1.1491338875952106,0.00012322237233868154,4.6444859874159601,4.379460764202257e-05,0.80051683377467742,0.33769957680575158,1.7663102529199032e-16,1.225074458116064e-17,nan,nan
8.0639842340753098,0.85624987092038474,0.0018736086080912114,1.3792818894905885,0.055686483094327319,0.057598418961826749,1.1710206037737216e-11,2.3189255290397863e-15,2.042997483250284e-15,nan,nan
5.4609686167433775,-2.7960775850972492,0.00026779854882056156,1.0702312366063764,0.28287030369401134,0.50494584957715782,2.7626971338083509e-19,2.6333561890520891e-15,2.8076360549862497e-15,nan,nan
0.35449134937901788,9.2945652853870016,0.004009226569315379,0.66565964538060063,0.086266194461774859,0.99998659571232951,1.9166779524329514e-09,3.870838371612663e-13,4.2691015206265928e-14,3.8751181135712893e-13,nan
1.4486518276041938,-0.49896305001679053,0.0051799063499743461,3.7480714197623675,0.040209435990695527,0.10167888942106904,0.056831483854160689,6.0752592234516587e-15,7.662506548935488e-15,nan,nan
0.24614337115532925,1.7860703828314595,0.74954331754892112,2.7143623806920907,1.1976869080464514e-06,0.99883411904149177,0.090318288057590748,3.7422885373208362e-16,3.7422885373208362e-16,nan,nan
0.22161567978165383,-8.2337586563671454,0.00018912770174600037,1.4731668384452394,0.32713722256699584,0.32734010387428336,0.031568448058195385,6.9551991754348332e-16,6.9551991754348332e-16,nan,nan
0.0067077989619928179,-6.4680997562811937,0.13211163115227098,0.24020615752379401,7.4468402966793322e-05,0.0017898834815843201,0.14156905029502431,6.208437012923105e-17,6.208437012923105e-17,nan,nan
0.15102010218113562,7.0930097866803266,0.00032843272822836089,2.7594109847819381,6.5522673244307675e-05,0.00028548729546978255,7.3435274001070453e-05,1.858750767023343e-16,1.858750767023343e-16,2.9727156414389404e-16,0
0.033596089885629517,5.8830866622745592,0.15984527535150428,1.4060694230947544,0.24158489722121618,0.99964321376572052,0.018558563036278987,9.9974879491268547e-16,1.4305476826340024e-15,nan,nan
0.0094895028392979891,-5.3151093757877588,0.064163818413704762,0.30715641401795696,0.37890943656051229,0.37897704766643053,39.940882168655044,3.8373985657525043e-16,3.8373985657525043e-16,nan,nan
31.233728218337056,-2.7524452447692056,0.050763287887870351,5.613067074016592,0.40675363268955789,0.82899410025159792,3.1789317721711843e-47,9.7729822139703728e-12,3.7965388469730511e-13,nan,nan
11.187442351783265,0.13019811691546046,0.025388756369746392,5.4185509907559295,0.24706131293965533,0.99998976518709537,0.0073334924612683122,5.9306507732964203e-16,5.9306507732964203e-16,nan,nan
0.0140361615086084,-3.3346353884514501,0.00038380253564430678,0.25192926156767226,1.3744904121462936e-05,0.00015499820916130695,0.0046978688802688526,1.6440205452596143e-15,1.4593917784518939e-15,2.7325858019589568e-14,nan
0.54810971483741799,-9.5909163972366862,0.14536578855815191,0.62381922695394298,3.0584853165824556e-06,0.99997710947508733,3.0151240367001536e-12,3.0449973670761684e-15,3.1789543050186602e-15,nan,nan
28.765461251218078,-2.2212790454851383,0.037916107204283442,5.1026057475827802,1.8612170680593672e-05,0.65118219785671705,2.0587109337280817e-31,3.6376197247186514e-15,3.8503284459515586e-15,nan,nan
0.072983535034456759,2.3705393496292988,0.0014012990962489723,0.86124622568348841,5.3306758528383853e-06,0.99997351344032936,0.6761656864476161,7.5402573436715185e-16,7.5402573436715185e-16,nan,nan
0.10255918381961089,-1.9818064296672961,1.7387904559865968,1.151028358179627,1.9257757848634358e-06,0.99998686024196126,2.208312005726206,2.3029935703531747e-16,2.9200414178271616e-17,nan,nan
0.0026198769789347845,1.7845670153629882,0.0030543885144112344,0.5027259093802724,0.22845526874946959,0.99999260489827868,1.2701670589315499,4.5625000372399103e-16,1.1170874799345086e-15,7.5958718131358169e-16,0
5.0845319779924321,8.0116476476702303,0.052779390603577003,2.45079011414292,5.9862236054052624e-06,0.1945978375783822,3.9814835155975332e-74,2.6013259973489705e-11,3.8298877606324613e-13,nan,nan
2.8611122660014274,8.1273317962706457,0,1.6863633416832355,0.36730682360787825,0.36812194057062952,4.1858089693992769e-46,3.996644041655996e-15,3.8108073454714877e-15,nan,nan
17.621584081353557,-4.0467090086009216,0.14194516123909565,4.8800104495276697,6.3127774438242315e-05,0.0002871578038380389,9.2690292412137773e-53,8.8098561384858082e-12,8.8554757487140521e-12,nan,nan
0.27748274884203095,-8.7979034403722682,0,0.57116376211121844,0.0036002576124245615,0.99801728409308799,4.3250189803419151e-05,2.4168116802717234e-13,3.2988833335307602e-14,nan,nan
0.0058190498049931812,5.3460369457734291,0.07425550336123693,0.31374004267895994,0.33199932041089941,0.96772978264327547,4.419867914331661,8.6083089088677298e-17,2.8703443806907528e-16,5.9502552860715156e-17,nan
45.017681220836117,-2.1115323692082244,2.7294908353960419,5.0037482333099694,0.0018354277050519664,0.003766106845305111,6.2605791285751325e-09,1.6648090107070965e-16,1.6648090107070965e-16,nan,nan
0.12736230522528283,-5.5507800714566287,0.00076637372883753144,0.52939704486766104,0.00091630550808056684,0.021644367971677039,0.0062143081818315671,7.7412167371089374e-13,2.8951745612473728e-13,nan,nan
0.036110484694145406,9.5439922533349524,0.00036854013684025006,0.33906871014438367,0.43164702522877468,0.99998509975461725,0.10277122933959269,1.3515207309492252e-16,6.7529498651507084e-16,nan,nan
1.2792489705786532,-9.323634452112934,0.00025955144464876974,5.136700157155353,0.045198505836783802,0.99999836831675704,4.3595629011240653e-10,2.719520682118334e-14,5.6123562437444035e-15,nan,nan
0.0087239691202619582,0.48791165789447533,1.3439993910302095,0.81762243921981403,0.0044148319133769688,0.0050366548276700521,1.8700275455893787,8.0951829062202543e-17,8.0951829062202543e-17,2.0222968893377234e-16,0
6.3370969610638026,3.8303322385685981,0,1.5479027556351468,0.017419959083575142,0.99987373139297697,1.2881646722529076e-27,3.8603428382976108e-15,3.8603428382976108e-15,nan,nan
0.041099810423604145,8.4679587509378536,0.0026674937826009055,0.20499808676768694,0.25652233195951835,0.99997674841518536,0.039416955364955299,9.5629362862434071e-15,6.0421702404333663e-15,nan,nan
0.34891680329747349,-5.9393996488484575,0.014391928969625043,1.7479948332307567,0.063669134016214227,0.94953999124356114,0.52028755296418561,8.1154734040234162e-17,9.3470044606043288e-16,nan,nan
1.8036590783594322,-6.7198337977777589,0.76849649012855104,2.5050510137233437,0.49929714097698097,0.99987207995822758,1.0968089366287512e-07,5.9496183872225578e-14,2.4857314258993787e-16,nan,nan
0.0059594645317509179,1.1241524579105473,0.047995485702120144,0.50464804909439132,1.3087982977380479e-06,0.0033022322724479097,0.71912813810558962,9.9632642852856105e-19,1.5538091601639174e-16,3.018595269860428e-16,nan
0.0028257371925831183,1.4899772193145822,0.04839268075565846,0.38698832255783311,0.22842917539303792,0.99981354289171698,5.3086053855270263,5.7928827089897347e-16,9.139066330479427e-16,nan,nan
0.0062701104500695716,8.663375708209383,0.057353793000173639,0.34753091505050471,0.01978445751718487,0.45505464421976333,11.417246577063594,2.3697165975683089e-16,2.3697165975683089e-16,nan,nan
1.2168434505628003,-3.9310640791327796,2.5402778627089675,1.3357046354900355,0.1620477610554048,0.99999590068915478,0.0087391005657058655,7.7327985519474587e-13,4.2993297655492996e-14,nan,nan
0.28031091791394863,3.6428406320582134,0.00086902997584645595,4.1028311353170706,0.25565071091926628,0.99999419875417483,6.3158039834149333e-05,4.2458389827926234e-15,2.6036594416207635e-16,nan,nan
3.9139601437493714,-8.8575442662499331,0.00084878631800285856,2.0013736865908349,0.060790116152553482,0.061094361934548196,7.3930606282934402e-70,1.1016807677369825e-13,1.0999400956904933e-13,1.6106061261032079e-13,0
0.0044736708109652619,1.6765384577794933,0.0002893136498611281,0.48930782437642345,0.0055876705941589073,0.0058296182005519526,3.6803205235155629,8.7765360652196735e-17,3.2900545214571093e-17,nan,nan
0.8330986205674018,-7.4456863136491691,0.59236814550325967,0.71648508830146362,0.36890126246363852,0.96608618512864441,3.6235190796558203e-10,2.3321469261329313e-15,2.3321469261329313e-15,nan,nan
0.013789992304928521,-5.6341757152953669,0.045543402615431869,0.34441875928122317,0.29321077562207659,0.30203003215268087,24.693509218240003,4.4488926884387105e-16,4.4488926884387105e-16,nan,nan
0.16283440107377933,-2.0037662347223684,0.0082658170586019254,0.71780880029467387,0.23818260443918363,0.24777500432692248,0.93076986896026814,4.8473214718028876e-17,4.8473214718028876e-17,nan,nan
0.14989903014897843,8.1722398643275369,0,0.66863009085385516,0.37100213808383714,0.99841589028240552,0.00030232880580198518,6.7723708302004466e-17,4.2634060212045819e-16,8.9434693388811234e-15,nan
0.95699548168532922,6.957943386912568,0.057608678849575101,1.9833042766789386,0.22475924903056108,0.99978013058562099,7.9458837765299218e-14,1.7507158308947849e-13,3.3582960539461643e-15,nan,nan
0.17187118644617561,-5.129819790666148,0.18913556698519096,0.78533610962009426,0.20464729651467342,0.21281355112974565,0.20065617181160791,1.6220055473129983e-16,1.6220055473129983e-16,nan,nan
0.36177155742639017,-9.1879762828070852,0.0006728155691110492,4.4850566558455176,0.0062124426919818957,0.99641239088310052,1.9760902749970335,3.3215132674352109e-15,3.7709757393364295e-15,nan,nan
0.0040970809707445745,-8.3591072690809938,0.094881105733914076,0.27745339932283136,0.21157272140046818,0.99999913926489881,39.866020254470385,1.2405519632583257e-16,2.3241014996386804e-16,nan,nan
2.9413478879598105,-4.8401406413797732,0.28508511571395462,2.8036481822958166,0.32681170591191394,0.32690207412755279,1.5119569670105244e-12,6.4505374382495669e-16,6.4505374382495669e-16,7.5891122841811923e-16,0
0.03310619030461151,5.0612871154801482,0.00051956134245861971,1.3775082164449144,0.082924145018345483,0.99997533278831308,0.2798652661152965,4.2492196370622221e-16,4.2492196370622221e-16,nan,nan
0.14650050853968022,-6.2796766915193221,0.053665484483026098,0.22863139930727913,0.0033951360840206077,0.088337830550970387,5.1413567699471019e-07,2.3289207254139929e-15,1.7111122957849579e-15,nan,nan
0.03932435755202178,-9.8357840334060338,0.012577509582907218,0.28844650623794366,0.00013182475887019049,0.0037488597742827666,0.0033703159253454188,4.4400132502040361e-15,4.4400132502040361e-15,nan,nan
0.02910327942810139,2.447013950683381,0,0.64498987461938095,0.026705348272366772,0.22472230335176141,3.9802637104877459,1.1586107135507391e-16,2.2743388214143345e-16,nan,nan
0.0092150376892378514,-4.7131121565722323,0,0.23899576096489356,0.49664545217903311,0.99999946279828478,25.04987906276833,2.402493305693416e-16,4.6887857976873753e-16,2.6958827386470411e-15,nan
0.0014778187106102717,3.3974978294442426,0.09997994007718046,0.29427187791832199,0.0011573380905631101,0.99997909425588538,29.827227845730473,1.211159260785952e-16,1.211159260785952e-16,nan,nan
0.0024903423694867433,-1.6353021012921829,0.0009986512266555018,0.36872433024038997,0.3115725203842768,0.31198196549448592,31.254173073883656,1.8570750969170317e-16,1.5530746489124514e-16,nan,nan
29.820634368811913,-4.9427517400327714,0.0010615144074731363,5.5795157197618348,0.11301708978832277,0.11321707067945436,4.4847593654303828e-161,1.7405470857061648e-13,1.7423078993352839e-13,nan,nan
0.11929874938563564,-6.6979614711271918,0.002894156914992156,1.1665886945843695,1.7440633451087173e-05,0.00048267161876687248,0.00019490367390971998,1.3838261097417325e-16,1.3838261097417325e-16,nan,nan
0.015491357573265509,8.7674016365296659,0,0.50772309888600742,6.6183952885636986e-05,0.014296947328067184,0.39838576922568592,3.1760939266504443e-13,2.8110226127112559e-13,3.4473118831927733e-13,0
0.90538092361222033,-7.3037189167514764,0.9541926037559908,4.5442435988236083,0.10419815631372169,0.96192319468303278,0.04286220425872829,6.1096298066858682e-15,6.8968322455557204e-16,nan,nan
14.248905225538492,-3.1153501587023014,0.015102758486511259,4.8283415373472449,0.00020656534654280121,0.16224092493584313,1.1190611027269919e-32,1.6498352013247393e-12,4.7398905222735786e-14,nan,nan
0.20814786031903984,-0.53423038384868704,0.2136281489954914,0.87308687647654659,2.9655606698456396e-05,0.00019840252983951569,0.00039694845321085827,1.0127188390827585e-15,1.0127188390827585e-15,nan,nan
0.72410736571414058,6.6142103473829934,0.0074233576295280879,1.068554508166873,0.12195146072470807,0.12634554466685161,2.5174365522870556e-09,2.3168553189923955e-15,2.4811455792179301e-15,nan,nan
48.480631503673926,-3.4817492326845549,0.0094800854738783299,5.0905357047535675,0.12896750576065966,0.98651979163588743,5.218692727154631e-127,1.1340835434364581e-14,1.1340835434364581e-14,1.1351452991311529e-14,nan
0.44141333629216079,-1.515419742277615,0.0019217110544946334,0.32232060165572585,0.3812925423988931,0.38146207324584153,1.6016218159534456e-08,2.0348931378184028e-15,2.2414788884153643e-15,nan,nan
0.0018067929865059932,5.0773169081934455,0.0089239659532867853,0.26853395804684937,2.6708283905034145e-05,0.0028036996423977307,1.9235822244135865,1.8520941900072996e-16,3.0064228280395143e-16,nan,nan
0.65437843112153404,6.3374086365257369,0.00030578268744821862,1.1568566969201846,0.24055998811810533,0.24079630846349426,4.8603344012620082e-08,1.4077669373704601e-15,1.680071036393193e-15,nan,nan
38.279740113154368,0.40241248827068432,1.3700914340559838,3.0459249368129466,0.18074722528225723,0.28623576421964469,3.6500092682082863e-11,1.7586968762539673e-15,1.7586968762539673e-15,nan,nan
12.732206376069627,-9.1259896749960454,0.03917697313361141,1.7079196327332573,0.24215825204656821,0.24919607313247194,2.0054390493653863e-234,2.2663815952151483e-14,2.2663815952151483e-14,2.2620454844773977e-14,2.3473219832648239e-50
0.0033607855785454791,-2.9442524888284893,0.76759526104214471,0.57551625541676055,0.15693684444329783,0.99998676458722602,5.9369090994962335,4.1452046084121166e-17,1.0815078677304524e-16,nan,nan
0.1115309033225772,9.9472424003835833,0.030633314928748354,0.33357495818864424,0.25624224506356852,0.99985271131920206,0.00010731778807013106,1.2483496108864187e-15,1.3746336817732727e-15,nan,nan
0.26590239807108329,-0.31761080047054513,0,0.71042849442506972,5.6278683117617932e-05,0.60424012075731759,0.3460978285029559,3.9344967401003638e-16,8.7724837873245115e-17,nan,nan
0.02064343514187127,6.9980981385043926,0.05109560981135837,1.1325812292307982,0.0059341180197387024,0.23830308667724695,2.0612102968895205,3.2710164168189181e-16,3.2710164168189181e-16,nan,nan
0.02381176603437454,-7.6111622989130812,2.4854542519940153,1.125069946553787,0.11653540311099239,0.21858033964734166,18.686850973361771,1.1586387102076839e-15,3.9816522350520689e-16,3.9844162131241346e-15,nan
1.400768089700692,6.0456492545499252,0.0069025459628151995,5.0124468323966145,0.087480064497238094,0.99982667321390917,2.421072559429835e-15,3.0774425482190631e-14,6.5000033009711628e-15,nan,nan
0.011393643218210771,3.2262999394653882,0.00040820178247427143,0.29923153676532671,0.1854079752045672,0.99878154631513283,7.7837977952034896,8.4169011421624628e-17,8.4169011421624628e-17,nan,nan
12.712557753814876,0.4792477386963796,0.050092612567874499,2.703242723805102,9.3812269595453691e-06,0.99999650653330319,6.793646606560654e-06,2.1148056529884411e-16,8.6800405097941557e-17,nan,nan
1.072704351773851,0.35570130452335746,0.21447131849371762,2.3229528899411545,0.27700917284570603,0.99926313044066417,0.094520317060707265,2.529093093948174e-16,2.529093093948174e-16,nan,nan
0.32340491709194397,1.5765353816373828,0.0016645120836405744,0.9026877554217998,0.41565092553754268,0.41574388971300758,0.19492513739585282,4.7639769584869382e-17,3.3242167084640913e-16,3.1593429515399448e-16,0
0.033764088189886327,-2.2161121661797756,0.0025209611567206607,0.32105498765361412,0.16908545744515263,0.86110072218461764,6.5444163871114647,5.2836096156585193e-17,3.2426699760390096e-16,nan,nan
0.15651816810769956,7.4983718487657889,0.023247819203680877,0.2581052942692495,0.20337718246524128,0.20432156028769247,2.1501495438051436e-06,6.9724092030429806e-16,5.0027021431440286e-16,nan,nan
0.39891462842199221,-8.8593418328390161,0.00013385201363272546,0.77858549458309689,0.027323310269927046,0.99595899510346009,1.7900097932275798e-06,1.1044272786204042e-13,1.0479190911311976e-14,nan,nan
0.94589133075410115,-2.3423956293273696,0.59724265308366264,0.91205195992023935,5.4784009346775777e-05,0.73912742769588746,0.0026798900218199203,1.5143589874361457e-15,1.6761868480808479e-15,nan,nan
0.051590153414225272,5.3017291759202418,2.6105928095086526,0.49928980916088611,8.3963186590341409e-06,0.018536798811580782,0.0771920962637659,4.640642654832729e-13,2.4616787923153177e-13,5.9771805501828969e-13,nan
0.24905188573732387,5.6640957665523963,1.7650000113732369,1.6429556607970419,0.49726182496304955,0.73057806391895341,0.0035818877525366907,6.5966499912609093e-17,1.1447941351381941e-15,nan,nan
4.4672344288469361,8.7988253495948889,0,3.7923283360171536,0.0036612144207258898,0.9999427265613462,1.0843606476636792e-79,1.35549129058804e-11,1.2120906491756101e-13,nan,nan
0.040464576145160011,-1.6181252358939791,0.16485417672495592,0.43375504383906383,0.43319405124321453,0.99995244042187381,5.4569740191473404,1.5001424813837203e-16,1.2745995282926923e-17,nan,nan
7.6990713023243167,0.090719423570547519,0.00022698424438071917,1.518111254175339,0.42649535479901274,0.42812213252335302,8.399608866818846e-08,1.8024268102244457e-15,2.1175579076528154e-15,nan,nan
2.5321243214346123,3.2021055553641737,0.00042224145177419814,1.6405261790048664,0.077557789648348294,0.12755734838047358,4.7413540288126492e-09,4.5464530763512836e-12,4.4836791527832175e-13,5.0850948404488284e-11,0
1.8399772088429609,7.5040630812600035,2.0667209516461513,1.7008003649691377,0.013609119996940842,0.99999414675839804,1.7875993638345155e-05,1.5595203572796712e-14,2.6777786180300949e-14,nan,nan
0.0023589447221292496,-1.2486203886467777,0.0011796008155359442,0.28821762814462037,0.076367226568351751,0.67478760169219942,46.586802509323483,5.1989313749711847e-16,3.6737296064705497e-16,nan,nan
0.0041517139282447558,3.5677694203526773,0.00059935181319210808,0.58990861642101355,0.21780278813933968,0.99999535440933685,1.0305585302649751,2.6210107754387113e-16,1.5548637789574802e-15,nan,nan
0.48342997320412534,-6.0863933321843344,0.00012867257749129052,0.5004212533922181,0.41918860701673699,0.41940520390638664,4.101785608171276e-07,3.5363813681698229e-16,4.8270280342932659e-16,nan,nan
0.27322151996237687,2.7026965528372227,0.00018063011742696234,3.1122213792702298,0.49702516289020698,0.81619699468909346,3.7559813554198561e-05,7.405939707868676e-16,1.642656965356356e-15,5.9729050602036545e-16,nan
35.493162268870634,1.3391509709035869,0.42657546064298485,5.1542652469651138,0.0021178578967250335,0.99679696330967793,3.723982792140262e-07,2.8202454116772616e-16,2.8202454116772616e-16,nan,nan
0.09104307098216019,5.5519350970189425,0.057772848027386609,0.29208144376611767,0.065269012346043473,0.99934593553312234,0.014755993205476161,1.7863128766063202e-16,5.6489920626862497e-17,nan,nan
0.12759293277234116,3.2858613674641681,0.0074287111223614796,2.9146647111317745,0.025117939130171112,0.71389097770916021,0.077592915490426378,2.1001853852179428e-16,6.8425046272012546e-16,nan,nan
0.010789256844537064,6.1149922471564579,0.022518622786409852,0.85163410343001567,0.0076361082656605656,0.0091804011987519814,1.9891370301126841,6.970709851333969e-17,1.8133571009896412e-16,nan,nan
0.11561115648910041,-0.35399977183526588,0.03209863993492458,0.38270042129008397,0.18475614574026486,0.18519863109299953,0.2437532076928666,7.1109277593061692e-16,7.1109277593061692e-16,6.6484184381350501e-16,0
0.024681393801583702,-9.7702628378135437,0.028491916427370687,0.36465101921384402,0.13624367746682486,0.99952066803471762,15.094012449902165,1.8252372512119396e-16,3.0020991660248984e-16,nan,nan
0.11335740914046807,-8.3324847007400038,2.286864781980527,1.5155641378992402,8.5028873970499405e-05,0.99967143833881966,4.4741079353121611,1.0927706532842201e-15,9.8320530757351179e-17,nan,nan
2.1283842772507753,-6.7492656867371519,1.7815652536346787,2.1616790546682418,4.104125640307656e-06,0.9995194411906001,0.00012969268821186024,8.7553585644703161e-13,2.6182340506464485e-14,nan,nan
0.028822276271763751,8.7440422408389153,0.0061498713143355397,0.26042239549289226,0.42289666748257493,0.42301996643126588,0.70161549076258034,3.7211549358384589e-17,3.5368775013851958e-16,nan,nan
0.015357297885887296,-7.3163324600427071,0,0.46940672000398709,6.5161789739007275e-06,0.34989983258575874,16.420481242728666,4.2264142910679349e-16,4.2264142910679349e-16,5.8892999750973512e-16,nan
6.0356939618028678,8.8047400599306265,0,4.4525952801627078,0.48351969510336096,0.48403919188287819,5.0830891773781154e-112,8.7993750557714578e-15,1.261383795829939e-14,nan,nan
9.8042599827608239,-3.8950745272021585,0.0019669471096355339,1.6397896039502904,0.41321289073449902,0.41447380829061153,1.2200748749491666e-39,5.7228693058446105e-15,5.7228693058446105e-15,nan,nan
0.082103810672472646,-7.82882210627728,1.8294825478845393,1.576404644379533,2.1546494985427409e-06,0.0048219946620035037,0.0081848803622999074,3.0026425545279309e-16,3.0026425545279309e-16,nan,nan
0.30800653450280846,-8.5688264172133071,0.017296752329342028,1.2298511901474474,0.083911265173458191,0.99999312802195917,0.008436809660888488,8.3283979640632842e-15,1.5431465469765526e-15,nan,nan
0.017565153955384261,4.9829300532938436,0.1144524634216439,0.23519572243815604,0.16777869601166986,0.22549192591117562,4.501024980160711,1.6619087398311905e-15,1.6926678735967609e-15,1.7864791384452894e-14,0
0.0077207155732286915,-7.6219682580111447,0,0.79570783256376043,4.0691859265628033e-06,0.022203102277141441,4.497676850003911,1.1907903746932264e-14,2.0794275582754768e-14,nan,nan
0.0014247912490498458,9.6786136665665765,0.54431214942072692,0.30351051500607806,0.1330268022959214,0.13714982637915674,106.07608471610079,2.5698952616327401e-16,3.9095803332712303e-16,nan,nan
0.0044654871919742557,-1.7369310536167166,0.081933804469995181,0.48831602363801685,0.066658191570614561,0.99994733369079025,13.582634984719231,1.0855145016943946e-16,1.0855145016943946e-16,nan,nan
1.1709721464814067,2.6434743166155172,0.014737824539317193,2.4362607245225942,0.29623503564728548,0.29657899828025347,0.00044952923711832351,3.2171123533564112e-16,4.423043005871594e-16,nan,nan
0.0032531309368131166,-4.3413197941881982,0.00051560939556395929,0.21792310215821609,0.0037336383883364009,0.96367386434424018,44.700641700332994,1.1012296061281604e-16,4.8832863897150001e-17,2.2415618581784057e-16,nan
0.023808148842929464,9.9069254594697327,0.026244770560457983,0.67969413223510033,0.0027025662419804153,0.061530080501247565,0.55186995125508564,1.9189526638788182e-14,4.5037694937728412e-15,nan,nan
92.20288294198609,-7.1331385479506544,0.0019377517381829203,5.5036141084365617,3.6211444507755341e-05,0.15851334694200025,0,1,1,nan,nan
0.011398331664763367,-5.754792016680252,0,1.0172140145580577,0.31590858078842859,0.99935128379387927,0.37368355200210446,4.9122426219986066e-16,9.368779518030778e-16,nan,nan
0.59808753412252857,2.1703812780936325,0.13602434286432219,1.4688037308153106,0.12222990748999135,0.99982840052787647,0.015724907935693932,2.9295490376672833e-15,9.4384440300262348e-16,nan,nan
6.007643987701222,-6.2838711115226271,0.53585699277553056,2.5245979351648127,0.33422330523158694,0.33622290760538637,2.2624990273808991e-21,1.180116425144937e-14,1.1967422087457626e-14,1.863067019214892e-14,0
0.034249635022336349,2.6739027228943044,0.046077522012129599,1.6415464426458384,1.0701756114877126e-06,0.99911061121763667,0.65695784079632369,1.4520623404782831e-16,1.9278288966197103e-16,nan,nan
0.0055363801895915764,1.0766042213827021,0.0013640425326574106,0.26735409023863238,0.20446467513884847,0.43218530296975199,37.212117825667569,6.8063697901580001e-17,6.8063697901580001e-17,nan,nan
0.43125702318706832,4.983223884935839,0.001170643365237466,2.2927102610947219,0.10265097452669324,0.10322431855954466,0.00045441236707770955,1.6198750169953796e-15,1.2619835121521277e-15,nan,nan
1.1272793957529426,-4.3213683008269861,0.1614474432686501,5.1911044634139349,0.25463311943692313,0.90413626117751067,0.44449633909341146,1.5513976464746599e-16,1.4683718428456549e-15,nan,nan
10.692769864965017,5.4398663289281952,0.011957705724952557,1.7756117018213742,1.1523364539388785e-05,0.99846395567800172,4.0719549846042082e-78,3.7195306147439742e-15,3.7195306147439742e-15,3.6256741813724906e-15,nan
0.0012053698783065087,-7.0420890169922323,0,0.31829826141816109,0.1018087452162497,0.10427277717700932,244.67844319904557,2.1372915096658787e-16,3.2988858478840185e-16,nan,nan
6.1535724413475101,-8.9433941815225726,0.00010828829974204213,1.3394252839191567,0.073478115079495282,0.076734483991483068,5.9489612169979035e-115,5.5180072933132165e-14,5.5028507300872399e-14,nan,nan
0.010070381271245214,3.9022857795911747,0.00029979945433394645,0.34311088115926203,0.090077376651589033,0.99999798220644753,6.9254499295593686,1.4133170835110638e-18,1.2683516189388811e-16,nan,nan
0.018020640577845883,-2.6683582253344689,0.40185346543835032,0.61842191923564871,0.3543565930003531,0.36029042415219581,15.915294238666506,1.8443968841268076e-16,1.5039989659817469e-16,nan,nan
1.3053523138485479,4.8942303147545108,0,1.4431848256956363,0.0021813553188321125,0.0025831256930706338,8.1767188491229606e-11,4.6248351217340722e-15,4.4667680864155306e-15,1.1276827875247782e-14,0
0.011331200934266926,3.5229786065162099,0.036850142162933398,0.29565882548133399,0.00071894780636029489,0.75846875568642513,9.3415293468402929,4.4789607991379541e-16,6.380530417394402e-16,nan,nan
0.40793155059472597,1.0065354965738766,0.00033482980182392933,2.1133421507938492,0.055706652552377049,0.056298103045640729,0.12860861096555432,6.2563922333237771e-17,6.2563922333237771e-17,nan,nan
0.42583377302753855,0.18684151664299264,0.0084913613030942921,1.5494407050856414,0.17064792596409478,0.1707743447476493,0.33015608181261202,1.7409653499111582e-16,1.7409653499111582e-16,nan,nan
0.056520882146949697,1.2089074178275396,0.00010899695175110153,1.2120405360090238,0.00021626370437676252,0.00033277441374799429,0.0094748333238755394,5.1377608525240675e-16,5.1377608525240675e-16,nan,nan
0.75068295131088081,1.0927162820128959,0.16072107924085685,5.6405189137814951,0.19313481290312517,0.19413826020999544,0.060807561412874807,3.1398547269786754e-16,4.2809782554808487e-16,5.6141095664174843e-16,nan
1.2514080599162449,-7.4708273896629613,0.00053277382697369878,1.682922848515686,0.00064258412629550647,0.0026043806522406186,4.4817129642142008e-19,2.5378506121249809e-15,2.3229852292049351e-15,nan,nan
21.452795140245311,6.1029784783670422,0.025709110117494289,2.7324892167804489,0.10927678316670221,0.99999888352442456,1.3539549489683084e-180,2.2736759234518189e-14,2.2262495562963533e-14,nan,nan
0.14748556360626311,9.8533790705177324,0.051801849821921535,0.22290220934427357,1.3872795053600632e-06,0.0049827630469034458,1.6653081891382007e-10,1.1254482132645994e-15,1.1254482132645994e-15,nan,nan
0.050987816387451826,6.0125335012906653,1.4258127235518796,0.45819099478660003,1.0836706462615277e-06,0.99996102145804822,0.42142455790312633,1.6340440960131073e-16,5.5857230043897477e-16,nan,nan
1.2760810576188144,-6.4685985572343663,2.2424583175275723,0.76490233238591943,0.14309035026590949,0.99181321468165073,1.24434006137996e-06,1.5353600814809104e-15,1.5353600814809104e-15,1.7250011843609077e-15,0
7.8654419545398557,-1.9842840682966116,0.24383122640756896,4.4198505554106076,0.11470771927525238,0.2990126685837296,1.1326368764216461e-06,5.6762778618044525e-14,2.7312247166147704e-15,nan,nan
0.050613353628022752,5.3683436791385333,0.00028013083034836419,2.0052283993032054,0.2998981195647486,0.30016298099209598,0.011259636935406787,1.8998222184833909e-16,3.5916554728839255e-17,nan,nan
0.55025722755452788,-0.26771846286088596,2.4387717138114735,1.0924020628525586,0.41303095895335395,0.99988684407845829,0.13463854212456966,2.6674169636822113e-14,3.2174082186675065e-15,nan,nan
5.2919870313499411,6.8579230889954772,0.025270812661278983,5.2637374171855846,0.22582620680854065,0.99928626021669431,5.3398776009453828e-61,1.8430503825595969e-12,3.2453933853052564e-14,nan,nan
0.002146373315661546,-2.4408511134266986,0,0.22839229272974601,0.032671661471980577,0.13920092162915867,73.024210715933378,2.1410819624723529e-16,2.1410819624723529e-16,4.7603033524308927e-16,nan
0.51832639666824731,-7.0613805505190559,0,1.4872894003215991,0.29295143476903862,0.60219521216316818,0.00017399777066023518,7.3527320256414128e-15,6.542707120317191e-16,nan,nan
0.089075607825855649,-7.5023596119093146,0.058968790801564516,1.3359003303307573,0.018553751511566494,0.052269571496120076,0.083834192379881906,2.2096754746486853e-14,2.8942868750030238e-15,nan,nan
0.73426876072265901,7.8797561248544596,0.0018573074216376084,2.9959237594565358,0.10749011244923304,0.10811768400791494,1.8846238055871897e-12,5.6966380386746417e-15,5.6966380386746417e-15,nan,nan
0.15453749308106238,-7.2812225861888313,0.034386401316599056,2.2037984390949084,0.22288676203760402,0.99952550636856674,4.1526327218376213,2.3874716521313622e-16,2.3874716521313622e-16,nan,nan
0.01122005801229759,-2.5559806742974178,0.035838921588110639,0.2086843957732856,0.0014783687061516468,0.99997315203877879,16.24902695065559,3.1801883593348603e-16,3.1801883593348603e-16,3.8102018433718274e-16,0
0.42592355237789559,-4.977424130318024,0.0065144299492897271,3.0071829989456837,0.14792263130429267,0.26095862071898346,0.068222149823331454,3.5483140903562893e-15,9.0384683201303721e-16,nan,nan
0.14038245607173552,-1.8331311894644653,0.38177374732019892,0.85096940842228685,0.34094888182374161,0.42183977259028815,2.3765786857101143,4.1027419814844119e-15,4.476463426114275e-15,nan,nan
0.02847195864316578,3.9201109002932011,0.80670157083805594,0.65089304648750423,0.022278485975509296,0.99922301921247392,1.4374186165180038,1.1066622268785759e-15,9.5218766924211571e-16,nan,nan
0.55562710216779598,3.9706565862214322,0.00066482725856051067,5.0455209240771381,0.20280283382116307,0.21160689274582081,7.4404585773700746e-05,2.8006831995914656e-16,8.4224472350413458e-17,nan,nan
0.05346339209318679,9.6697962133974684,0.0045289298481448219,1.1416863454288018,0.27113165105925363,0.27145327685047149,0.016745718969424058,6.4711143631609611e-16,2.555909360298891e-17,4.7372050771594598e-16,nan
0.98308570223587799,7.4473155341089452,0.0001284781268215137,0.69206807836888784,0.085712966163806678,0.99992115980779184,3.2349506341919448e-17,3.7764973586045518e-15,3.5859851524243611e-15,nan,nan
0.71902534169110954,8.2334659594542323,0.0011093690918528459,1.8523532246709502,0.061002530133427629,0.062983021575807013,7.5114828570426229e-13,5.8002956332052389e-15,5.6658691853386659e-15,nan,nan
0.011063480100357499,2.0242395889904579,0.037679596345469815,0.52316078773314012,0.13551957550361496,0.58427393993207655,9.1677317583653331,2.3828108351295913e-16,2.3828108351295913e-16,nan,nan
0.51342238615856373,0.17660761594991925,0.25664078290232883,2.6089702570795521,0.20696162361581877,0.20891707318900724,0.39660765727958336,2.3176598974566602e-16,9.1801089390436673e-17,nan,nan
0.092861544513413705,2.8446672304926821,1.3821334625256121,0.77880977954580122,0.38123508350397745,0.57359336718428799,0.75212433990243266,8.6313045489193895e-17,6.1298588083145654e-17,2.7103858129368e-15,0
53.032684304058577,7.8686849270264432,0.024785707970382549,4.9402890210787955,0.01787562551778421,0.018050144536273724,0,1,1,nan,nan
13.339476440920132,-6.7616621022628802,0.012712149603065661,3.702393221770246,0.47696370151142231,0.48204749886872339,2.1205107102202538e-130,1.1090907522659435e-13,6.3323846106602097e-14,nan,nan
8.0189078085635455,7.1167892084320492,2.5782335680903028,1.9180361500980034,0.074312210135098325,0.99691141944202444,3.7637632968732151e-08,2.0022575547431417e-15,2.1780774556896689e-15,nan,nan
0.04574348208601843,-8.2609533309558074,0,0.81742693068505135,0.01682508219913216,0.99991173213412843,9.6885191274662308,3.1690282181037002e-16,4.9790336561875135e-17,nan,nan
0.54328729958865352,-9.8595852691746817,0.00035950308131500112,0.55297574389986881,0.39595402386359702,0.99999850252390676,1.5848932445428335e-13,1.0808002609328094e-15,4.4369617700811711e-16,1.6036860023034916e-15,nan
0.369006736114386,-5.1808475288324836,0.062787215343175468,0.89959977171910543,0.48925414664775196,0.49055338784205815,0.028450249950207649,7.4978782690800328e-16,1.115631391519107e-15,nan,nan
3.3165488270157155,5.5781050110630854,0.016925893212979888,4.2341885900912866,1.9377973780955884e-06,0.999164687997384,2.0005589568999756e-26,2.5888575479653644e-12,1.4709393641116283e-15,nan,nan
0.065538561469357673,9.622647693239756,0.00050981745387278417,1.5833396747627311,0.12636537134441336,0.13622135486388603,0.023141203222496163,4.3954336621274755e-16,2.8961827724499349e-16,nan,nan
8.3177637314654618,-3.1106477078218138,0.070965712171578807,3.3134016490470488,0.21627370696743869,0.8672175204284559,5.9345083088011573e-17,1.4095779665629893e-13,1.6478520895993329e-14,nan,nan
14.204535925950749,4.9234170300943489,0.60602516678859009,4.5015936714099221,1.2698082413880858e-06,0.99543366777025866,2.917062768566781e-16,3.1856969758745464e-13,4.4083379559842919e-14,1.5947470498261941e-12,0
0.040513696084334312,-5.3894825606958729,0.034552958673488982,0.68665105735068477,1.0000171660633451e-06,0.99994958614106866,7.9415413970753761,7.0996970203979426e-16,7.0996970203979426e-16,nan,nan
0.014313749727904409,3.2077167937387649,0.00019083718363838826,0.28069445716073288,0.00023765956820848803,0.11350385282491252,3.1699196408828128,5.0105605532834274e-15,2.4733787086328429e-16,nan,nan
0.2513020935217985,7.2693508847322121,0.0066715976598946585,0.25020443315037488,0.00010141966265997161,0.99939521113652263,4.5357528895465212e-11,2.1030030461723826e-16,4.9525183054644846e-16,nan,nan
0.23936065647620833,-4.4230932588976675,0.00017471123095745157,1.3981353939350398,0.00010188344531911486,0.99999888893335309,1.6735709296580894,1.9427692081144324e-16,4.596312012785341e-16,nan,nan
0.019384823818821617,8.4135660858716612,0,0.52399271887524546,0.39620181808349408,0.99978065829216178,0.15840733104236723,4.5046775702905863e-16,7.5181695549726571e-17,4.669153289432125e-16,nan
10.049883852005088,-8.3731533884496336,0.0018089612285210742,1.5455574165486332,0.2038995251213023,0.99211094187925464,1.19179501582726e-158,3.8601630278751206e-14,3.8940881119563433e-14,nan,nan
3.7008495556291217,6.0293091464339419,0.0010739310059637006,5.4438365908548878,0.0012395130030141838,0.99802206873083821,1.6972705535951392e-33,2.2321498931246842e-12,4.1518781666072201e-14,nan,nan
0.00087775477094162641,-5.4107972952982113,0.22143288883024653,0.2691957965227566,0.14825420698699179,0.15138481839905418,300.7926753729335,2.0956933887418124e-16,2.0956933887418124e-16,nan,nan
3.662208166726832,-4.8675043159554416,0.075429890017732662,1.8855093913761207,0.30080069953700372,0.3011686441455152,2.3011172913793388e-20,1.1357717098948997e-15,1.2665458146908024e-15,nan,nan
18.925156938044701,-1.2276850286004439,0.69095946637364081,2.5677567258828544,0.00012640023524287451,0.99953438069246192,2.0110011274859296e-08,6.7059796770231803e-16,5.0606685904259594e-16,1.1505478403085301e-15,0
0.66980981278897045,0.097346931520887026,2.660256838406772,0.39159581612537381,0.10963053881348613,0.99968654071804164,2.6503686710634588e-09,2.9725800985543129e-15,3.2846803061911325e-15,nan,nan
1.2018107908034077,3.3235049754369683,0,5.6677702992606589,0.1393766867794905,0.9863158476741144,1.128580784189724e-06,1.0443941386404665e-14,4.9942814610766785e-16,nan,nan
17.70787401819101,-1.709227996604529,0.073902789814188644,3.3464658087854144,0.056187599601907862,0.99993517849108537,1.0547492488407675e-13,1.9131048302237965e-15,2.750767634742102e-15,nan,nan
0.70355334356475152,8.9891353152071289,0.14706261929629563,0.39928061056142228,0.062602304872597797,0.95256930834371012,7.3738758629694639e-22,7.5376673638123245e-16,7.5376673638123245e-16,nan,nan
0.5167654496134908,-4.7154963710330406,0.00010222844765989324,3.126098359685106,0.00059349289981378798,0.019383256217800026,0.00012979304466896642,4.822343077511123e-13,2.154899163823526e-14,5.173598945678544e-13,nan
1.6334195539882954,9.9468537649738025,0.18839884283460911,2.0539829979758135,0.00015735406251162737,0.88515251802483608,6.8031622057021647e-37,9.7794167250580542e-13,2.2037634242826088e-14,nan,nan
0.0006474497800686178,-8.1075464449810308,0.0015656584624444162,0.20181275037773919,0.26042096546282617,0.99407585108364971,20.530268467444625,8.8537911956856262e-17,7.7670008637573512e-16,nan,nan
0.17149429354103113,-9.387624129722262,0.0075959245399044922,0.23431045063137779,0.26308206269354129,0.99882516170522162,1.6334687420545062e-08,7.8533150629124383e-16,9.878895574511664e-16,nan,nan
0.091955731257927997,2.5949275749345126,0.0015440473989729727,2.2758857103282271,0.0002982840879576389,0.0094907606259307994,0.11251033007784554,1.7709168000115933e-16,5.3744892215429281e-17,nan,nan
0.010844253306887038,-7.358264160945942,0.00023973902450569447,0.66825728934702866,1.4317983303381699e-05,0.010798421485947785,0.98479118152968337,1.8802687968063545e-14,1.384226447933692e-14,1.7435165279558537e-14,0
1.954593249437564,9.4201073589790418,0.010969797372132177,1.9930464826722467,1.1397712962344411e-06,0.99909106811504333,1.3440198917165785e-41,1.0395198709938277e-12,2.6783573517511457e-14,nan,nan
0.14770654195872601,-1.6429615973453355,0,0.24708673320516364,9.2204888371229946e-05,0.00057086351597394446,2.8677792279150587e-07,4.0449116107134764e-16,4.0449116107134764e-16,nan,nan
0.1745835255000901,-6.7263847633092126,0.0028299498692236336,2.9198071883747994,0.21055348835351548,0.99973708463698263,2.8244932768908955,9.6836121614196767e-16,9.6836121614196767e-16,nan,nan
0.01534812587762927,-1.2963541019776379,0.00012058839818304256,0.97692013127217836,0.0026763166104186429,0.047577272420145464,5.1097520433058268,9.0963187114568025e-16,3.0710993652108459e-16,nan,nan
3.3334827860361003,5.2507236983917078,0.052921327327648288,1.1838588824957192,0.12964990574058785,0.13007493352210792,5.3712914593572439e-26,3.1338265335527393e-15,3.1338265335527393e-15,3.1989921210212467e-15,nan
0.44076415976479233,-1.4789894195054138,0.028873482320267468,3.1554941503521703,0.0001702762271932971,0.0045345911427689557,0.0063374128800646945,4.2058621667012418e-16,2.8372252254080165e-16,nan,nan
0.79054364884450956,1.8269409967002481,0.0023179289470885325,2.4423528806133397,0.0025262962888744239,0.98835658614416788,0.010211777042405503,2.5084204442952472e-15,5.4932576754596916e-16,nan,nan
0.072943707417015044,-5.7729991624102013,0.00066393521771174408,2.0996436095771727,0.16638014632206372,0.99980916216110927,2.8099991092802279,4.3781474695710912e-16,2.7977583214627324e-16,nan,nan
0.14008740772816425,-5.680573874144395,0.054897978524828653,0.37027187743155776,0.00075573125723809285,0.99930391383758232,0.031254589082900901,8.455215439104055e-16,1.0675335462279608e-15,nan,nan
0.0079988205786471252,8.2501652943859298,0,0.45957730433404248,0.21824014201625863,0.93700723013079745,1.6110013537361494,9.2577196264761971e-17,7.3440387762475594e-16,3.0277835624420829e-16,0
62.437784386064713,6.5389858393725326,1.4667784743465317,5.3516213013824805,0.00047379127237576787,0.99999895642855163,6.2487898005161401e-12,7.0648284811216136e-16,7.0648284811216136e-16,nan,nan
0.4128509534349683,5.0105456419740655,0.0011936128190457342,0.41174411482893597,0.12053460321617027,0.9998311325267506,1.6541480357979593e-07,7.1784423999973906e-16,7.1784423999973906e-16,nan,nan
0.022598692492208437,-0.073093906224389826,0.12758733156072521,0.93128359798176652,0.20653092460737937,0.97920838582144265,1.6608543715783808,1.0310717421017907e-16,5.041861767852444e-16,nan,nan
0.43238232605404031,6.9588493191271326,0.00059052278291301665,5.7215491072978431,0.043966712481950783,0.047772194386676764,1.5547717062170858e-06,8.3884870204426135e-17,4.6091083444292416e-16,nan,nan
1.1370892190269193,-9.2170621387614649,0.013246323843451091,1.0868876033162829,0.3488261171984321,0.9999628771710245,2.3943158795536372e-20,7.3492940478975092e-12,4.8073329094885569e-14,7.5768052823178161e-12,nan
0.035321640628244458,-5.0475905356832413,2.4395901620761165,0.59764412269544243,1.9396067803387012e-05,0.002242730848424644,0.025555710881836134,2.9790653563150731e-17,2.9790653563150731e-17,nan,nan
0.019706018477885695,-5.6398162738591884,0.0032077746536608135,0.56943422965635837,0.056070028802683233,0.23647109377248843,11.699137904924545,9.1778241576426487e-16,6.1410929833695012e-16,nan,nan
0.0053304937099924298,3.7481215050193217,0,0.25510539091330336,0.0067280412047900588,0.99986596948615314,14.93136395206208,3.398748266387514e-16,2.2090667040712133e-16,nan,nan
0.65541066298456208,9.9849646222334876,0.017190292397541908,0.96730522198133384,9.6470598815683999e-05,0.99998883478451073,2.0996659830548077e-17,2.8665727773284286e-12,5.5515212743961231e-14,nan,nan
0.46348152500474898,5.9092125161253648,0.0041157069126149179,3.955335856182153,0.077573836093354873,0.20677548769723086,6.9034382469914545e-06,1.3514281303280729e-14,1.6126472270327462e-15,1.5984517059447368e-14,0
1.0732623105588748,-1.2948613585280917,0.00015989264609129176,0.50353250663267102,1.2835429043726831e-06,0.010687723042056027,7.2000132713546749e-11,2.4107733474786054e-13,2.4000027864387569e-13,nan,nan
0.0050532066918044629,-1.6498303307044573,0.072012346189646331,0.22668081451829572,5.6533655532571404e-06,0.57449945684384907,39.268840121502691,1.6428959153758918e-16,1.6653551565591948e-17,nan,nan
1.9975669460260808,-6.8012525692478887,0.0065283837731001174,0.63296828537367056,0.16867061041860001,0.31302801991714102,2.7966993687120732e-30,5.1059872501960127e-15,5.1059872501960127e-15,nan,nan
1.9697486155147605,-0.5657764886600436,0.0039190767140767271,1.9080738562351811,1.0796627064407713e-05,0.99191250014701415,0.049329388539641021,9.9300081407910923e-16,1.1336653167078241e-15,nan,nan
0.061578953507432962,-1.0197081951175413,1.0788209824053803,1.8352311305695106,0.3720774394783104,0.99986085228959731,0.085444909707536751,6.0297466571951861e-17,6.0297466571951861e-17,2.6104537949086007e-16,nan
1.0314166389787705,0.37514897609303688,0.19188096867945942,1.5348628601333094,0.00033693183797528145,0.99999872073641494,0.069195630364340635,7.7067890471245301e-17,1.2349084040153901e-16,nan,nan
0.02068635488988415,-8.6251067173959939,0.095742004018538537,0.24346498920463175,0.059632673864605343,0.99999456246044538,9.3232815773170863,2.4952651473706593e-15,5.532011243712672e-16,nan,nan
0.035059319082034697,-9.8573736238880283,0.0093760390732279299,0.85018502224208348,0.47813977455500789,0.48208622828801756,23.457877377754134,2.0752562791951087e-16,3.5897640164423223e-16,nan,nan
5.7213773172226663,-2.4953099211016454,0.00073784771812222144,1.19667963685825,0.052406532576248527,0.056992400400316633,2.223033690867658e-17,1.055050017920242e-15,1.055050017920242e-15,nan,nan
25.768897604336292,-2.13282255565721,0.05979739967282241,2.6254355126472424,0.28851491489095732,0.28915349549536024,7.2585445478984697e-32,8.6716842656946632e-16,7.1634419203738993e-16,9.612498224603712e-16,0
0.023985471134667872,1.9714124606584988,0.0046875317863271102,0.22130008972305895,0.24381916647547364,0.24618728754479993,3.4223854900709831,5.4973311532989272e-17,1.8473344847210769e-16,nan,nan
0.092721108308730524,0.95379808446524983,0.0026472408127869913,0.32639701455102527,0.005402144255206659,0.71515114775058641,0.24635175413712865,2.7433263431887708e-15,2.4053270172309074e-15,nan,nan
0.47642729283690022,-9.0865662754142118,0.0077303847760056832,5.2196917126224838,0.34790447372118394,0.99956478153194706,2.2936176787124731,7.2209142520951428e-15,7.2209142520951428e-15,nan,nan
0.53110244496387637,-3.3099751363956624,0,3.4451562596794529,2.7419532295828403e-05,0.99999865526329323,0.93375933280326784,3.6596714101612525e-16,2.4706894255934288e-16,nan,nan
1.3484560060534931,0.56743002980781654,0.0046933271790486749,1.4633329980605778,1.300208173286735e-05,0.99895772541701178,0.022579421755531702,2.1296103541104263e-15,1.5149893085376113e-15,3.4337398730307429e-15,nan
1.3793512275672524,-2.8577162554937612,1.2174817037174355,2.2248890504814298,0.41269321219881766,0.9999730626899852,0.069246898450348079,2.9672316545438234e-15,2.5664111667420427e-15,nan,nan
0.066326703934454348,-8.1890534786546869,0.00027751090027966176,2.3261823500269121,3.0699992924587118e-06,0.0038101644012307739,0.011759300291498598,4.0733531669671559e-16,1.1229676287546013e-16,nan,nan
0.18727039281124905,1.0539072939309175,0,1.1963508282594573,0.27819358506554104,0.44498551409368714,0.72617582455100838,7.0341531183214065e-16,3.976428013491311e-16,nan,nan
0.026208371438711485,2.1207615540078333,0.0072193658234051073,0.36294336679569689,0.13990713968104049,0.99994423083988304,4.0594267000777133,8.0764113325447514e-17,1.3802993946114968e-16,nan,nan
2.8989286266750645,2.7316758962993344,2.9026541226613727,3.8601082163583791,0.22579550376086982,0.23266535730348575,0.0083606795909365369,3.757947855464305e-16,3.757947855464305e-16,3.3901174856917843e-16,0
1.0248733837761419,-8.9174367326655091,2.5620134942325481,0.56202154476272215,0.0078913289785144773,0.99421142430538245,1.9227212988137599e-09,3.7295105619317242e-16,5.8805779398802708e-16,nan,nan
0.073044571216868165,-7.9134411073589117,0.00013053558941064723,0.46119784409046538,0.15958008612711941,0.99999893144927332,1.7148290132258184,3.9219104064244444e-15,3.5109401909673175e-16,nan,nan
4.3750065238020976,-1.8840119481655133,0,3.1944836370425054,0.46898143614076226,0.99997639589221254,0.00076582338849495702,4.2977854073805416e-15,3.1651982456160051e-15,nan,nan
3.4045417569946705,0.55522336727606714,0.0006566818608865065,3.5094527344169064,0.23400665499026979,0.67222423560815114,0.01495545958342539,1.0672636319741688e-15,7.1928566453691132e-16,nan,nan
1.0091550722866747,6.0956817145719597,0.017245645761272861,1.5168192536444145,0.058247930203907144,0.92863884322773105,3.8287905970776934e-11,1.0573282525734127e-13,6.4884074034189994e-15,1.0604486437684344e-13,nan
1.1782331294463742,0.5320897260942381,0.00049484850159724788,1.9739199617570946,0.0026427091807048149,0.0052659073813387264,0.0019845199338905605,5.1240696654710615e-16,7.3093884500699652e-16,nan,nan
0.0014846035491352322,-7.8080975205014962,0.0062208965436908277,0.33246159809085279,0.27581426869036918,0.27611255983462996,73.50993951055348,5.0952970414970071e-16,5.0952970414970071e-16,nan,nan
2.9431948275791111,-0.48397421563003462,2.878021900144526,3.2209102128708618,0.020252037008124227,0.15376320413113556,0.0042523715018138487,8.6929135759176949e-15,4.8174588996858142e-15,nan,nan
1.9549006781318488,5.4439886405780094,1.2335528422207727,1.1391761866135377,0.0093962359482186366,0.010853735691777378,1.5352555464666461e-08,1.6871971772261314e-15,1.6871971772261314e-15,nan,nan
1.6574659466091071,6.7356499815249009,0,0.79575454120218359,4.3792934675305886e-05,0.25691497672742508,9.3162002240771562e-23,1.9723601623786693e-16,1.9723601623786693e-16,3.1812926701332783e-16,0
0.10793449618626282,3.4524535516759354,0.5684639914436127,0.73848281888513068,0.34801398890190155,0.99999768318781335,0.19927936807714314,7.6283557277710188e-16,4.8427612245925017e-16,nan,nan
0.2879474233426782,-8.8160219161072,0.0082978533578898384,0.37331754085378782,0.45365419070821678,0.99983913067710417,7.3973327551445029e-08,1.1169894845076156e-17,1.1169894845076156e-17,nan,nan
0.20879743905010026,-8.9193190974915719,0.401992036564777,0.35180403367894436,2.9891448751002184e-05,0.0099482566462558136,3.1362610299858983e-08,1.076836119407521e-16,1.076836119407521e-16,nan,nan
2.6730835473299193,8.8554574532876309,0.02541391096937207,3.7525992078799102,0.29536963526332044,0.999785559146669,7.1994602236456837e-53,1.1434349368418211e-13,7.6958215891909957e-15,nan,nan
0.60226862339368559,6.7212454788859617,0,1.2249642627217434,1.2921277409483967e-05,0.78863421530926969,1.8429657026779016e-08,9.2340566827824313e-15,6.5410691420449071e-15,6.0501522246165293e-14,nan
0.025193614595512295,2.6752360268883297,0.13451230210270335,1.2617352174391905,4.3974349713862321e-06,0.20299125538415042,4.4508602288532177,3.043721879486958e-16,9.4731973508635831e-17,nan,nan
0.23516625687184459,-4.2223606884236942,0.013654721373631912,0.39078446579799669,0.43183508286492034,0.99991601281976805,0.0025549768428199311,1.5465011656709172e-16,3.2438976419362271e-16,nan,nan
0.49490581876454953,-8.0660808103467918,0.014626850592113218,1.0586186706514811,0.23120935030423836,0.99999426038012307,8.1086044748327991e-06,1.5767638623640869e-13,5.1633234979799542e-15,nan,nan
0.74561189100210912,9.6226193397488089,0.00056090223164943613,2.0988442144323214,0.015074008496893092,0.99995227737741443,3.038682758409497e-18,8.872802336248149e-13,2.4926216878147525e-14,nan,nan
0.0052043669016790329,5.1571003386934695,0.011395066567177774,0.3018963040419031,2.4171598225828876e-05,0.027143250051056417,3.9406887095458853,4.9894896784368549e-14,3.1187809199263268e-14,5.2542777250352835e-14,0
61.36167019094075,-5.2462136326234887,0.01929414446096249,4.3549675552829648,0.1654992019719716,0.1988931883337931,0,1,1,nan,nan
0.047556948429245134,-4.9947003665589289,0.072002000138540315,1.7000538304063149,0.31029938599840551,0.88383455055907323,1.2456151719245505,4.1012774806971326e-16,1.194221242989565e-15,nan,nan
0.65311717621088827,9.9185690464828724,2.9674391053742943,1.5249429891070925,0.22851158499295957,0.22859774172112288,0.00049841648593925477,8.1824694844713637e-16,8.1824694844713637e-16,nan,nan
0.0010457702054983884,2.4773412754930284,0.91406410687497519,0.25266700783814289,0.29076943036822722,0.29107741787362068,54.515062627957761,2.0800142552398783e-16,2.0800142552398783e-16,nan,nan
0.07447082429664019,-6.4230308792750961,0.11296832094340759,0.98584313732185858,0.001839476514070804,0.99929321191881582,5.9412178420805564,5.0289187123701252e-16,5.0289187123701252e-16,4.979805664329228e-16,nan
0.017307425089665131,3.1395359479089819,0.00014186445228239763,0.30259609107981739,0.43077752930914265,0.99607443110794447,4.2498480567103458,4.7663689433633996e-16,4.7663689433633996e-16,nan,nan
0.38508056868423474,-4.7609651463111398,0.11684804546129456,2.065746998430062,1.8042462906382457e-06,0.99995835654900511,1.0408111450533042,9.4206886252787593e-16,2.0087590396092304e-15,nan,nan
0.10593028265203573,-9.0767224384953131,0.23056384334302107,3.2339622674119206,0.0004061942534212456,0.00075259040977788266,0.00028703570048467303,4.3944202656628523e-16,2.5058012356000778e-16,nan,nan
0.21612617578143806,-4.8178906069295895,0.16036885792548822,1.3523412461345263,0.040805739032132617,0.041116327867703126,0.023439617540136432,5.94346666146439e-17,5.94346666146439e-17,nan,nan
0.23495525720133015,-6.547827285901775,0.00069377205574131396,1.2351633316341741,0.18956008311925879,0.99807514878672798,0.75115848095213367,2.3842619056751729e-15,5.7176682269088166e-16,2.0290306947284237e-14,0
0.1761715846770294,4.9736457995143386,2.3550345282704299,0.49883177712732002,0.23110139706971,0.98909798687097739,0.037970678766296236,9.7066852759565917e-15,4.5898678889084983e-15,nan,nan
0.20069100149326161,1.3378993229813947,0,0.98928705792267269,0.31390228898322659,0.32045148656029293,0.59418299157907584,6.8452312352525004e-17,6.8452312352525004e-17,nan,nan
12.055227846713853,-3.7171432826430184,0.00090486799527718137,2.911017232676536,4.2476828176734266e-06,0.99629638605027238,2.7836818120270372e-37,7.7302186485575574e-15,7.7302186485575574e-15,nan,nan
0.10250088574870721,-9.3331353581213516,0.24873595557527864,2.0635801983624411,0.30482167372093061,0.99874597731544579,6.0281272473067897,9.141119163589855e-16,1.0614509460878188e-15,nan,nan
6.2476513520578383,-6.5582756863171632,0.00044741448024284477,1.4019219016510709,5.1988897648490449e-05,0.00094795261613402223,1.7312181828423736e-68,2.2956119045613893e-14,2.2837184121281788e-14,2.2846481402578033e-14,nan
0.032953131161737585,-0.72031736192422002,0.00084352541498634197,0.35608415888773981,0.16305410267591974,0.99971046665400276,5.5172782628547843,1.2220832241251436e-16,1.2220832241251436e-16,nan,nan
5.4827413390818487,3.7575823334126053,1.0729626498508438,3.2040428788176558,3.4613365989621532e-05,0.66432189180385204,1.7713116178302416e-05,5.0081700585065888e-14,1.469524601328462e-14,nan,nan
0.006566328605571126,-6.6348134591062529,0.037107060762256838,0.2675036247950367,0.33206632430606448,0.38121161900221051,58.186998008103224,7.9119678954605066e-17,2.8722130446980981e-16,nan,nan
52.487647705703068,-3.2868345490378896,0.086145750154812573,4.7535496799185291,0.0012116553787767876,0.5016614554421901,1.4188676783350895e-93,1.9485390299099235e-14,7.9733594708517875e-15,nan,nan
0.25551302304248685,-2.5760715479085601,0.00038314958453016293,4.372993498196605,2.6367033106828924e-06,0.00079731741898063846,0.0023280981146447176,1.4997098185488278e-16,3.6310200311008985e-17,2.1499976518918271e-16,0
3.2934866772016109,-7.1153589885507129,0.11106626894531255,4.7520138586055287,0.14382395578486934,0.18548426579698743,1.7431814465584582e-34,6.4387571949562618e-14,3.1988910967631838e-15,nan,nan
0.19967308592745339,-7.2169361228546673,0.00063415964639078088,0.45561957162566669,0.091220133917247551,0.51944672050485075,0.0017990064663277515,6.1287504042249438e-14,1.985052511684923e-15,nan,nan
0.93823076086455026,-2.1426552265427246,0,0.97322437737640977,0.017419744764967628,0.99978411269676348,0.0059003307230241818,7.3501173018369957e-14,1.7934332386837987e-14,nan,nan
0.68421285421232347,-0.70847609088648333,0,0.44682131176247164,0.00053520197942859759,0.00074409305587503727,1.2042786300271698e-09,6.6156941100433267e-16,3.1813534519583879e-16,nan,nan
3.8991775238946267,8.9612408355512727,0.00021776505844151486,2.5964831912836588,0.00021595360622941696,0.91580968288852349,1.6996464706976919e-72,1.0763143535597507e-11,2.0679927272986119e-13,4.1843994029726189e-11,nan
0.0012067087693918119,7.4770254824261393,0.82929093848281277,0.20313491371315476,0.030936916075863633,0.99622023247875757,40.60074942743158,1.9744202296007447e-17,3.6975879354393527e-16,nan,nan
0.017076913580971395,-4.4182164114837086,0.0034408901956698699,1.1697358779561051,0.020232864381999841,0.99997792071932468,4.9841401609020552,3.402206396075604e-16,1.6201970804720512e-16,nan,nan
0.30266170375913909,-1.731538430844255,0,4.3395701174858479,0.00085371378965625692,0.0207421960560084,0.078655976895347535,8.2327775847657502e-15,2.5868085512754258e-15,nan,nan
1.8280390435173228,3.2954941185494402,0.084835909286990363,3.0302569909860608,0.040818783205641029,0.99999358765865909,2.3495230315732579e-07,5.6507731449587874e-14,5.1559906672569901e-16,nan,nan
0.015923181838747066,2.7553728010790142,0.50989625595152399,0.81940902375938474,0.33797733674561825,0.34140676870855574,2.1454647148553794,2.6405540385662869e-16,2.6405540385662869e-16,1.937214249870816e-16,0
0.03840813180729593,3.2290619495163408,0.001849782709893585,0.24447711344647327,0.15365503794302732,0.15407949727554932,0.74320596376382309,1.4317972256759228e-16,1.5558618587658823e-16,nan,nan
2.9665357490298545,5.0164980702364446,0.063065621343289066,5.3941582162924826,0.069492705218665879,0.10658401943340326,3.2274422688775227e-19,5.2177087733818201e-13,3.8043104847565477e-15,nan,nan
0.074411775360154406,5.9727488115488221,0.36301683538135421,0.36744868620848747,0.0028708886971572276,0.99998124614041051,0.098767513542096425,6.7489504795251468e-15,2.8146805492288247e-15,nan,nan
0.20975821631501815,2.8433317339033621,0.50662694021411692,0.61455275729139169,0.0013799463369558568,0.99992098298395538,0.070143997735047661,4.0188887368811914e-15,2.8318060279456805e-15,nan,nan
0.89984276402466401,4.1373519600255904,1.4163507474035206,4.437373460528085,7.9994009714849104e-05,0.85083175796616239,0.0015058918115756785,5.541274946458656e-15,5.0146056599701779e-16,1.279014311897625e-14,nan
0.021101675255456167,-3.4116662742094466,0.0027178304873366256,1.2310170485237786,0.44366474239093262,0.99999715490727004,0.022210132848650945,1.211271144896562e-15,5.0703989500376205e-16,nan,nan
0.05921941044114061,0.90486115061672834,0.79975418675496757,1.081279130128658,0.064123232846334283,0.85184783532835706,1.4038673321183077,1.8359418846548933e-16,1.8359418846548933e-16,nan,nan
0.0068861696115197222,-6.1285919851450625,0.0035151852522857393,0.32876141662510422,0.28998113691607985,0.30939329332177662,54.61074395228794,1.3259544170751108e-15,2.8507098010031504e-16,nan,nan
2.9059180327888501,-0.24663955820695449,0.00038024292316089987,4.6420209059776658,0.11754244058700675,0.13541883481848868,0.047143588306143874,9.7864743680917224e-15,9.6392879923146607e-15,nan,nan
0.003063032723357438,9.0674286352385209,0.0018712661496529399,0.30416300033445431,0.0021973101312669605,0.97210986197606863,12.078273179040622,1.02579667616692e-16,2.4965009838677551e-16,5.2937210477292163e-16,0
4.4711619495132044,9.5884668801415778,0,1.0543225386873449,0.48659447757845348,0.90553246990913971,5.8816943147856637e-101,1.0544125866283478e-14,1.1191373504842911e-14,nan,nan
0.041627743109124406,8.527517812552599,0.00068660732041171907,0.36929331341587684,0.47768367430522751,0.99648560927726682,0.095068398339012913,9.1406493322586228e-16,2.2278568183582669e-15,nan,nan
0.06016312251564139,-4.5907518570400025,0,0.9563952648597589,0.0039675085607526368,0.022615617001114766,0.19476975189893672,9.7531258738222311e-14,1.18336922864059e-13,nan,nan
17.32380368095243,5.9251435220771587,0.0002685847281643695,2.0692884393216175,0.0016445937975681653,0.0076946778948718021,1.8441605404649613e-143,1.8571412204473064e-14,1.8447989925906207e-14,nan,nan
29.436623044554874,-9.0558974002573311,0,4.0204152145407583,0.000761176850252072,0.99464763310213045,0,1,1,1,nan
0.0028950742809211801,2.6919713540679169,0.0028220683441964206,0.26044098356981787,0.11277032310528438,0.99803784720828015,22.47461047543381,1.3172799534577246e-17,1.7124956276408214e-16,nan,nan
0.19079457989144596,6.1960344170063557,0.017498162839578609,0.37412751611818623,0.1709471218294932,0.97444159892891435,0.00016478934853560821,1.2397522429075866e-15,1.2397522429075866e-15,nan,nan
1.4480612172182057,-2.88003856798057,0.0015749413481439746,1.2925767668698991,0.41343586839776486,0.41391021448271359,0.00028919712746965478,2.3159140245393615e-15,2.6908147650729164e-15,nan,nan
0.033286520312622268,-7.3919783485053969,0.00029529805446931582,1.3846662388291173,0.035793861031275111,0.99999893920348926,5.674441469566899,3.1337383313210138e-16,4.6989644852316566e-16,nan,nan
0.10388445028919288,1.8411149541787672,0.33885776035204129,1.2609311928642213,0.021767423243051837,0.027277493415255195,0.28951355966124914,1.0390830227730144e-16,2.9564768504130639e-16,2.4451253347919691e-16,0
0.17602750004665293,1.3182152887528602,0.21675008460500811,0.65208090613245684,0.16862895964308025,0.16896978915670482,0.3618355166885775,3.3738372506325886e-17,3.3738372506325886e-17,nan,nan
3.4072631810409826,4.1216892872299145,0.00017139289187177338,1.0248534339670297,0.23407342704633036,0.23467700091463661,2.245126522846525e-20,1.1647513549226405e-15,1.4328222638431501e-15,nan,nan
0.50012480603330034,3.0597754509895445,0.00040304624090613012,0.62247334773907115,1.9693611862764315e-05,0.98421560962711685,0.00036301001233377211,2.0152010748888608e-16,3.5085513071802872e-16,nan,nan
2.3222270821480522,4.8667224493850121,0,4.512378960993459,6.3183846986113103e-05,0.21549441111810272,5.092318308582724e-15,1.8599134278921992e-13,5.2263224751340005e-16,nan,nan
0.34166040822545962,4.9447099124192775,0.17740449185491955,0.60024687639313656,0.00144439257869798,0.0075412640427212204,1.7957024676483344e-05,2.0861162627616706e-15,3.5742843604902275e-15,4.8882204765234855e-15,nan
0.42343285281945447,8.8810184305275612,0.002443326152595173,0.29365956617730804,1.1508621373017683e-05,0.9983559867787406,1.2384722380860638e-17,8.0682028061944712e-16,8.0682028061944712e-16,nan,nan
0.05099468234189343,-5.9702487375435309,0.0009568076046212637,1.0452003187468464,2.9382284499381929e-05,0.02081908460576376,0.16556186446235716,6.6797892409381534e-15,4.4735145075495545e-14,nan,nan
0.3116113813844677,-6.7182294783886576,0.0013518520215574324,4.0813415363754411,0.00061310098239372192,0.99999199335258449,1.6462977149616758,1.2789701226166174e-15,1.1440950007555632e-15,nan,nan
7.345068159590987,-7.0919887356864741,0.27423250886374245,1.7008842707551128,0.00028978773087128928,0.9912222528125626,7.4167010036463069e-56,6.2501512498001385e-16,9.9131056041854477e-16,nan,nan
0.015285471440374256,1.952135378920822,0.0032047923137040074,0.31997919875686875,0.47903549482139623,0.49267279788627538,10.639327090365848,5.5102130306431154e-16,4.0572104925276581e-15,5.2231493029281568e-14,0
0.10060324409642847,8.9825920365280645,0.030100232217293577,0.50549899152918343,0.40505810586502844,0.68713955154133011,0.002641943027500896,1.6501787152523366e-15,9.9356975059281431e-16,nan,nan
11.242980459436978,-9.1598855172287514,0.034603273879681075,3.1509243887896905,0.49864459667020322,0.99976717272828863,1.6000952442816069e-195,6.2968236175969736e-14,6.2968236175969736e-14,nan,nan
58.636747432065761,-3.7647305590679325,0.0011647087019815577,3.5766311638681625,0.051277979161384511,0.99941660067480553,1.5939354704203594e-187,5.9817216860144737e-14,6.0137380625219626e-14,nan,nan
0.11208745695877709,-4.8749590754241545,0.013783681838493442,0.56539075219255353,0.41266955069223127,0.9999967132713028,1.9422058832031324,8.5721378725977202e-16,5.7394110266848749e-17,nan,nan
0.42868579521146488,9.244899014307876,0.0080623241954164478,0.39071383449000341,0.00031606809144677747,0.99998277934172175,3.0760276125147469e-14,9.1386553141427261e-16,9.1386553141427261e-16,7.5378611161314263e-16,nan
0.076385206385728488,9.0184607290954055,0,1.0765458107142127,0.21241875721357414,0.21717466292021592,0.017128779285661838,5.6938968593865704e-16,3.8262539726569412e-17,nan,nan
0.0017782280626744691,9.6861018897269062,2.8105073896282469,0.205325728622407,0.00011669105694785854,0.52190646205661928,49.868217057649069,2.9892790291597091e-17,1.1259129630381753e-16,nan,nan
0.18036101899677495,-3.9367910193238176,1.0052054896942935,0.32305728768500347,0.056228217668937361,0.99999748436666869,0.0020155259567340984,1.0526543803955868e-15,1.0526543803955868e-15,nan,nan
0.1761116776909212,2.3717960510423186,1.0395944719192847,2.1039388476450855,0.0035667009831512617,0.13241797012516981,0.29890194100369738,1.7287797698693105e-15,1.9144967011306274e-15,nan,nan
1.5468388661001815,5.7817931935673208,1.7394705476432608,2.4960041588649906,0.1513589059994398,0.93350290904812239,0.0002265741209601459,3.9615884265415029e-15,5.6364079459193361e-15,1.6494167428729049e-13,0
12.38146521900531,-1.3786594520010258,1.2183344263414977,2.3843724110615194,0.41242562768096303,0.41645793504217493,1.5794107482827221e-06,9.5455383380720247e-16,8.2047963110608903e-16,nan,nan
0.56716562583085262,-6.4799176639974387,0,0.65606269713828003,0.16830407267154501,0.16872616584375319,7.6260335734974386e-08,3.0806065652200254e-16,3.0806065652200254e-16,nan,nan
0.10320338513216544,-1.3626095093736108,0.2256478307493848,1.8022581092052927,0.062717429330488517,0.067719700630613208,1.4070039272142449,2.4176043140550738e-17,2.4176043140550738e-17,nan,nan
1.3942639183590633,5.0941326124941568,0.00027728423748226073,1.151088193378595,0.022523887371651934,0.8007379312496139,1.6501883113245575e-11,5.17027427102139e-16,5.17027427102139e-16,nan,nan
0.034861602887448509,-3.4057388887326283,0.010181396554891677,0.3290014341005601,0.20016662410874383,0.99999887494826234,6.4724995859429937,4.6311205446870172e-17,4.6311205446870172e-17,1.4847311024167574e-15,nan
0.75867875976029209,2.9539933811861001,0.0003052999751945824,4.4971996105988969,0.044915370820422337,0.045272135436423978,0.0023898196915477119,2.3153819395323763e-16,2.3153819395323763e-16,nan,nan
0.20587072610647689,9.5231766539066172,0.20523411178925327,0.21661864956120544,2.4799529431445625e-05,0.99998337560261508,6.3681688158413989e-13,3.8482675277541305e-15,4.0068283303778099e-15,nan,nan
0.024037128357166478,4.6518759617137277,0.00075384713918240267,0.43650933799203745,1.4634701388164645e-06,0.00030703405874111362,0.0055547633348429389,7.7871027497420738e-18,1.4836027666204491e-16,nan,nan
0.10929022265357148,6.619331294380185,0.0077216317952471889,0.24961209763958794,0.41232275067018931,0.42959547195383119,0.00038713985045345044,8.2451249661264597e-16,9.6453969495138541e-16,nan,nan
0.055763829016216189,-7.1143214401036392,0.12267989801821942,0.41422955154543201,1.9069758345001832e-06,0.99999893931638684,3.0132678454534716,1.5370812632095793e-15,1.6844592039127666e-15,3.3180519657762872e-15,0
0.2937815662088335,-4.0996956352519991,0.0039338662710393215,0.28510352283954327,0.48605212517379148,0.9083894371967689,9.720480417623167e-08,6.1421457254665929e-16,7.5036926071262355e-16,nan,nan
4.4355181796287395,0.49536600417138743,0.097862243013498246,2.4178961337282638,0.28283157770275269,0.99999527853071446,0.0028518677030959379,5.7460889890948031e-15,2.0964313122812084e-15,nan,nan
1.0245902468583612,-3.27413665282468,0,3.1898149124687656,6.9738946492654626e-05,0.0016300603521915466,4.3461275108384676e-06,2.6853484733329033e-16,2.6853484733329033e-16,nan,nan
0.048271549781093194,2.5297079225975576,0.049403308966052953,1.3656864366755666,0.014679538671550777,0.015712421850680874,0.63184580031181226,2.3796301715839047e-16,6.2251945868960691e-17,nan,nan
0.001408726315223338,-1.7821963583478766,0.79152783717963193,0.23237032134023269,0.43303577549147582,0.43491755990817177,24.659206026983505,3.7895684133958588e-16,3.7895684133958588e-16,6.2379646140314467e-16,nan
0.11480477408007408,8.7173349323084039,1.0216604792657389,1.2316930117366127,0.00062694624863388765,0.52000680504372476,0.0038043835014901425,2.281461705409601e-16,1.368096621972402e-15,nan,nan
0.064003410043899311,1.3275101287802276,0,0.25060221596069437,0.43284412527236499,0.9999769744528888,0.16966350793300014,3.371260339341644e-16,1.1550855337044257e-15,nan,nan
0.18704349253860339,-1.2894894312296135,0.91085980315119131,0.26675456633216027,0.20892306986061937,0.21622886808672115,5.5154346468284883e-05,6.7168808489136628e-16,5.4882807453967219e-16,nan,nan
49.525320803989025,-3.2687000435600266,0.00011294183413591032,3.693737529125388,0.18452403256902467,0.99816999629394187,2.0783533625546393e-120,5.8763427295308592e-14,5.8763427295308592e-14,nan,nan
0.17090971735857122,6.4282564897103391,0.080491978225321503,0.88136597057690147,0.009514574404229665,0.91757829349045061,0.0036144481214569727,2.8658539530096537e-15,1.9335605569917946e-15,1.3481951159725363e-14,0
0.21849390057946433,-1.1061670632982956,0.2893172513745193,3.6009726136258378,4.0446775946976598e-06,0.043203204472423345,0.28774024224804562,2.1446888981342627e-15,3.8809783972257431e-15,nan,nan
0.34127811570393324,7.4546836501064213,0.0023276094840501637,1.2225018792461806,0.07380462411751805,0.99993637499215082,1.7397084605367938e-06,5.4123804801438457e-14,6.5310773575767582e-15,nan,nan
0.15965928993868667,-8.7173122914043883,0.023081604758688212,1.1779394115027721,0.26025966854102633,0.26191434560908539,0.048443531301041586,7.3747675192679976e-16,7.3747675192679976e-16,nan,nan
0.33206355191114478,-7.8647610181948924,1.1129292364969272,3.9511911614677833,0.12777510747583984,0.99993788448415311,2.1750244847590108,1.0905321292943326e-15,1.0905321292943326e-15,nan,nan
0.22888220195891548,0.083602889278340697,0.00059372031530080321,0.95861956505130941,1.1305376331543608e-05,0.92957556509284833,0.65135573608159758,5.0818534634618259e-16,3.3773731570412569e-16,1.7076913362213633e-15,nan
0.018178438332250593,-0.74280816926627935,0.035941751653678446,0.84702965318156065,3.3682884729491458e-06,0.060820107977158214,4.1266111825830194,3.121899089529158e-16,1.1944334831761289e-15,nan,nan
0.3984067755720066,1.1741130404690736,0.13567948299596427,0.59293392606043305,3.7687432482037989e-06,0.005304365107136084,0.00021012590030415035,2.8106256410040349e-16,2.8106256410040349e-16,nan,nan
0.0024338762392431884,7.3981578515494704,0.26759324998035111,0.48635993980640546,0.00053608391330597514,0.16307289909503866,49.895142459086863,2.4719782800094635e-16,1.0479063148021634e-16,nan,nan
0.068161136052359364,-3.5451277771851197,0.032820774418000229,0.39969568624493834,0.43843961654210878,0.98560868044526095,2.7466638109126453,1.3234358468212943e-15,1.3171234888108743e-16,nan,nan
2.8803813141559242,-9.6115025932469784,0.0015503985492692103,0.79898188512393498,0.17448821107188767,0.17537891422755039,3.4874700918426622e-67,2.7585258008632882e-15,2.7585258008632882e-15,2.9491065894848673e-15,7.0498988956217164e-50
0.0043288519375092802,-4.0733827913030618,0.2907547615641653,0.2358037933889508,0.0013659270188563313,0.014931178888699876,2.6192846500713043,8.2789486378374758e-14,4.9897564261942384e-14,nan,nan
0.0025143482500754265,5.9142122045895746,0.00056310442432931564,0.20330825006383751,0.27926773638988028,0.36538285019139749,57.077704568479184,8.6552778701734876e-16,2.5485444807562271e-16,nan,nan
0.0016463088875768067,2.2555299614140907,0.10343894864624675,0.20912099046409502,0.47672857661913881,0.54787547540065618,15.703469073493814,2.8002876105963619e-16,2.8002876105963619e-16,nan,nan
0.001390116969412778,7.0750679001806773,0,0.21552721308093006,0.13994205706755408,0.92638902421753744,29.593460917168631,1.255695901533505e-16,3.5463293685009248e-16,nan,nan
0.017600830562421739,-3.385707106311397,0.00024271663840855334,0.21315805608762503,0.29234504842824777,0.94252437640883646,10.91506326795491,5.6964401217422529e-16,2.4415678488249088e-16,1.5661045824368447e-15,nan
0.0070432935175719687,5.3840784030055762,0.00023530329758644368,0.37519774352835,0.25661346416290381,0.25706604475066264,18.080156724262537,2.1438632375671956e-16,2.1438632375671956e-16,nan,nan
0.011092113665836768,4.2662940400249632,0.00016570189512714087,0.25719786198411138,0.095350594087754093,0.095479637811921203,6.6376643678262734,1.3625908782787163e-16,1.3135866759985246e-16,nan,nan
2.2530789603388075,9.9249907326817386,0.00024562796074524611,1.3552842261048343,2.9696444870898139e-06,0.00012729837379180309,5.2590649086524505e-55,1.9243472658764787e-14,1.9105719210406654e-14,nan,nan
1.7909084038600651,5.2407453988179142,2.5132514206839676,1.4554564918829043,3.048437121936825e-06,0.0085460247791161632,1.1832619425800409e-05,2.6161482634425391e-13,2.5459953870220199e-13,nan,nan
0.0023033975893646547,-7.4732637701520943,0.00021610195004316784,0.25678667022751811,0.49423978646395944,0.91557333976472832,6.4032187505084615,5.0265597145511301e-16,1.4736127949131874e-15,8.719611505995521e-16,0
0.15805401759757987,9.001848674160378,0.0096746083183382372,0.20922063444969161,1.099161509217672e-06,0.00063047143570013999,2.1510212767536489e-12,1.0473580814339403e-15,8.595883053568182e-16,nan,nan
0.01742362870257777,-8.4556852533484985,0,0.20699636616721412,5.6295607351283092e-06,0.064638143775225296,0.58265046071027815,1.5145654659249474e-15,2.647622361832704e-14,nan,nan
0.97724660623922011,4.453888886327789,0.01867635033883883,0.99319277506272896,0.20123959018930396,0.20377064507323214,3.6029245608438864e-07,2.454178839976898e-15,1.9538700916105671e-15,nan,nan
11.827449446750506,4.1622371353896064,0.042713254957057904,2.9352828286523698,5.5586974659981812e-06,0.0010919310389252142,1.9678917416020043e-50,1.3481598723097564e-14,1.3602229949208988e-14,nan,nan
0.1055152489485614,-8.2753835877680455,0.6811219478191014,2.0691755342452374,0.2921611674227933,0.99992140174027888,5.0826414370913477,1.8287112064693842e-16,8.1237121009590886e-18,2.3148183786928406e-16,nan
3.2061745714386451,-5.6646047908902375,0.0086383866185344681,2.3109440311938965,0.0087680920857066743,0.041629958133268793,1.6321793722281027e-25,1.5541014884682449e-12,2.9900492705674082e-13,nan,nan
0.96174122476071633,-8.5404435774358927,0.00083784080852126932,0.95320306819116318,8.7418977170234481e-05,0.00021091455596579579,5.1177290131241264e-21,6.8434025489973178e-15,6.8434025489973178e-15,nan,nan
0.0024145997145404363,2.0875797529991331,0.022384659863066834,0.45394941130984995,0.24915077962345214,0.535915031387177,3.3351185722898244,6.9044688070826987e-16,1.0899132267085203e-15,nan,nan
9.9717794825244539,4.2763146843253192,0.0087256797344701167,1.6740699558201957,0.065330949769684843,0.82652906113244851,4.3888850684018661e-49,8.3063937539386095e-15,8.3063937539386095e-15,nan,nan
0.0032230447551221983,-8.3492627011741689,0.016607419299218485,0.40861580853411583,0.053741946892530756,0.068303501121178556,54.310932260222273,7.2155957564608899e-15,4.1250460669133164e-16,6.1080388633078796e-14,0
0.88272439179719542,0.54897601225005843,0.0050070646174950242,1.0503255139998016,0.067918277347791378,0.97832570174273492,0.024999775874575202,2.3336606424327366e-15,2.4724397646680702e-15,nan,nan
0.31707615061941169,8.432169597720879,0.00011698214465970537,0.74640955713892998,0.43149387996837951,0.4328388835072528,2.7850905813880207e-07,2.4850667482416643e-15,4.3858867631156509e-15,nan,nan
0.070800410314933851,-0.4813737021873159,0.21942656686848896,0.35557033233140378,0.39274815980474448,0.39756425239773963,1.5720647063010478,6.7515831885798521e-16,5.3391438402817408e-16,nan,nan
37.20633465483354,7.1748056131356499,0.40823240301955405,4.1849814059356332,0.26302610023337841,0.97761897607536108,3.1203765957420117e-65,1.1142705314604243e-14,1.2223825890382553e-14,nan,nan
0.017019897530139404,-9.4244058549571879,0.23125359251207461,0.28776089348909734,0.071281553669374387,0.99999886077099021,19.054326779487127,5.2572075450205922e-16,2.2008647761178557e-16,1.3504962295984407e-15,nan
12.687492568910079,-9.6962857172541526,0,4.3182183106605079,8.1568721002263849e-05,0.0078242933548290979,8.5908712406576546e-264,1.7263386725635617e-12,1.725928263634526e-12,nan,nan
0.50403511143295943,6.4612792374607722,1.6438810014864149,4.252982240147932,0.16393599429007794,0.99996487236080878,7.811213493584009e-05,1.4110806082736411e-14,1.9657417888972702e-15,nan,nan
2.0292908657856366,7.8238832396210825,0.030763886303593575,0.9907766777931275,3.2740185769153195e-05,0.99996976599628395,6.3994489908299006e-33,2.557755149632271e-15,2.1300759749007795e-15,nan,nan
0.065502248197197882,-6.9306620639278442,2.3002680099573483,1.8239983572443259,5.9197609292733643e-06,0.010254992936311175,0.063572172030196342,1.1457153125475438e-13,1.2843858408060798e-14,nan,nan
0.60644885913739599,6.9127007642655443,0.012664560136727017,5.3886188816883749,1.2072473550723618e-06,0.9999987577822016,1.5252467936751972e-09,1.3437901586415031e-13,3.8140913562353879e-15,2.7749941180143541e-13,0
0.034748197290931072,3.6692117742816173,0.27493862369067285,0.26120911690706511,0.39731530547750243,0.39746750581464491,1.9157754742008031,3.1792732407300059e-16,3.1792732407300059e-16,nan,nan
0.52409121498050715,0.035891373435672946,0.00053687809126038192,0.67800879374313161,9.8259374908313743e-06,0.99998504178991399,0.015479946469352798,1.1528902756448585e-16,1.1528902756448585e-16,nan,nan
0.78142925212336101,-1.0286464181558959,0.68562094732258194,2.6691204729247335,9.946092480772966e-06,0.00022304893567296489,0.00011353810436593851,1.6164759430441703e-16,7.7083309857737892e-17,nan,nan
2.1997125545757972,0.84613762684112359,0,1.348495969036249,0.23948010090013733,0.96449744883035593,0.0008271646271007237,8.5278249166531315e-16,1.1149315577552686e-15,nan,nan
0.025124626915839738,1.0905931441390919,0.0039721501952478437,0.25328433839018949,0.27068240287453216,0.99997597349135059,4.3242971257223584,2.8341393283212018e-17,1.7705115812518782e-16,5.7388577711546296e-16,nan
0.49980225687491375,-7.0366886330096552,0.052084798068736775,0.4192002220666281,0.26069146683454408,0.99976829069962758,2.6876034908882971e-10,3.5425165744680187e-15,3.3501563976047381e-15,nan,nan
5.195688445492431,-8.4985833672487097,0.00030614523113462204,1.3118326212074376,0.03262707761880252,0.049599337368506788,4.1292611121051977e-89,3.1571565632215887e-14,3.2585244527176256e-14,nan,nan
0.28240787910389087,7.3601503828116712,0.0019008333858724677,0.3676058257536079,0.34343580715168748,0.99995062158310999,5.6612285523743929e-08,6.2162389010762076e-16,1.0891863521565186e-15,nan,nan
0.13925740117935284,3.6546581928811701,0,0.77201707014078558,0.028568779173897149,0.056224757157737094,0.08669223389428668,1.7782870934552697e-13,1.0755310824543749e-13,nan,nan
30.488965285395992,7.6666125956136923,0,5.3596578253883242,0.14356868566773803,0.14368962722985382,0,1,1,1,0
9.2809967984868216,1.7868666928095944,0.093685459866708232,2.5378210712565452,0.0065912730362869864,0.15221065663121711,6.9527272189509179e-11,1.1259788017154366e-15,1.1259788017154366e-15,nan,nan
0.01628990295655372,-3.1138671831123972,0.016712986549043359,0.20572447321157136,0.34666280272833588,0.99991936903450218,10.762619218527446,3.31619949476775e-16,3.31619949476775e-16,nan,nan
0.049305985085704884,2.8999200147427544,0.050855933985875693,0.64825309154315192,0.1111147638394811,0.20574579155950273,1.9997876568007584,1.4326654805527411e-15,1.6547336628119078e-15,nan,nan
0.013810673428516499,-5.0878621176825884,0.01291179820715027,0.21534007213577988,0.42628252937830524,0.44057383511649861,20.700035301210974,1.4407706424867403e-14,2.5048666446454666e-14,nan,nan
11.782533906076084,-7.5991392088292748,1.3899024742174744,3.7971769090183485,0.0017958432730212721,0.88735494786191982,7.6107888425510713e-10,7.8271979520719938e-12,1.443229090120848e-13,1.8255703343816186e-10,nan
16.418076957071378,-9.7712789821731132,0.0013052787357877682,5.9105025997180203,1.1466471595535707e-05,0.014244626514997997,0,1,1,nan,nan
26.905471831830724,-2.7838593326013772,0.22227598864323397,3.3290311287139791,1.1271960178341178e-05,0.00018430954701811807,1.3031959324476702e-29,1.5745498432668712e-15,1.5745498432668712e-15,nan,nan
0.21632374383791361,1.1006487339281801,0.058332823091433735,3.1649755398184607,0.45038877850683817,0.53181537346970986,0.0042482149564855862,7.0576492781468217e-17,6.8308909880972652e-16,nan,nan
0.014248988290651436,-7.4388512489629228,0.8320188059315401,0.28195159688127508,0.21640440593652799,0.98846955830130567,24.87027892403637,8.1268951963245152e-17,6.1580820234802483e-17,nan,nan
7.6739497228737097,-5.3835663059173129,0.0026614095266556696,1.6807269669624803,0.010340856272651746,0.01382637212504371,3.6099579020174947e-56,4.7609725393977434e-15,4.6355461587498449e-15,5.0268067390228182e-15,0
0.26635888110467881,-7.1387174066398433,0.019703984603966069,0.23977241516605355,0.1102544620024045,0.1135692262757682,3.0276994643644552e-12,1.4446097160941827e-15,1.4446097160941827e-15,nan,nan
4.2013204182527391,-9.1251051541964063,0.0059892158807545101,2.0331276144564265,0.20243273025751665,0.99898689335593094,7.1043371338064552e-73,2.994578308836001e-14,2.994578308836001e-14,nan,nan
16.901325507049329,1.5639019304744082,0.0012930723684622468,4.1957251945664451,0.058372646730005667,0.064432962339274841,2.1159247698866137e-13,2.1826906674760116e-14,2.218481470617503e-14,nan,nan
2.1107293091342951,-7.3171931780623023,0.35832373538497136,0.95544825145101075,0.0012434547128849279,0.19025824058642501,1.0031060287970616e-24,3.8822136845083809e-15,3.8822136845083809e-15,nan,nan
4.1902121489074853,-3.0519056372685816,0.026339787982282353,3.75375442453488,0.28150345215830541,0.99996670034277146,4.9855617759685175e-07,8.7528200408294124e-15,1.6533829811454392e-15,3.9839405696547364e-14,nan
3.6294648519490202,5.8062516339202936,0.00089425268589660893,3.5337474157900046,0.00047865615547772005,0.99999518918012131,1.2374389353914771e-30,2.5734491962375634e-12,5.8206655732888133e-14,nan,nan
0.23768701010459983,0.49931406719482396,0,1.0272432504788125,0.45355778118633527,0.45449992722305504,0.7606217037169376,1.1509137119129431e-16,4.0701652115738619e-16,nan,nan
0.84922497934429886,-8.547000883548904,0.0044928413598632798,0.58404088477709803,0.37642606366657755,0.37652396628659424,8.714665124080886e-18,3.7105039673852502e-15,3.8873029531836037e-15,nan,nan
0.00099142997241338533,1.7671998646705571,0.015456225040781996,0.27581862478900138,0.17667165378055871,0.99962242647650046,15.015424319326938,4.7660036997228278e-17,7.0642103629848932e-17,nan,nan
2.1343926383362684,0.16624656761864642,0.3552464501919293,1.5893533814839391,0.1595082004401335,0.7836528652931658,0.013150986527760403,1.9734729098027051e-15,1.7096564315004909e-15,2.2715852994718045e-14,0
51.797049859931974,-7.7533276229799375,0.1236539921609031,5.2428170988339176,0.44487777612733048,0.99555337391044674,0,1,1,nan,nan
0.30234341977861551,-3.159976459850677,0.00017027217429800687,0.6394906247820058,0.22046052901739571,0.90831556121117796,0.11162860182615435,1.6362094596519716e-15,6.6090524696995701e-15,nan,nan
0.0018345268387275782,-8.2826931247083628,0.0011399234337253197,0.41028528761805094,0.060259086817858326,0.29648685131082131,124.02655011001436,3.3482434881787955e-16,1.0566608064712654e-16,nan,nan
0.027988762525294475,-6.1470540487993874,0.0095736898135702648,0.26784425955760888,0.081868697462962353,0.10723412423886054,1.3033250710780917,8.9276053272313557e-14,4.9409991684563954e-14,nan,nan
0.86400467248587665,-3.0581050821529132,0.0027332222396125763,0.65221820449495971,0.004158643587511974,0.0083504839060016614,1.1475375536859933e-07,1.0537133998154989e-15,1.0537133998154989e-15,9.7620604117877243e-16,nan
2.0964485533898793,8.5609528847531422,0.00011093434853790556,0.95742041757859553,0.098835397303642672,0.10124512351210502,2.529746370830777e-39,5.4903696685503152e-15,5.4903696685503152e-15,nan,nan
5.4624745561653354,4.3922462362793766,2.4772731401581742,5.3749055399189229,0.20114683127821595,0.92055558209105226,0.0019776494657025557,6.7487560999728139e-13,1.8713137225711586e-15,nan,nan
4.7926824011787605,2.832836591957598,0.0004967519884002665,0.9915871810660587,0.00058752305304728266,0.11179937770289124,7.2294968358116535e-20,1.1653199611088355e-15,1.4983185756955125e-15,nan,nan
0.022664086005284353,-1.2110861508384385,0.062749968833810094,0.58158767472925965,0.33159220352269858,0.33234994410200647,12.325524700874048,3.5842213573321374e-16,3.5842213573321374e-16,nan,nan
2.3940438416998475,-3.8735656060471646,0.0025182734255454332,3.1749450887873283,0.34463502272948326,0.99999735879131968,8.9726911348515399e-06,3.9405470650746262e-14,1.3758543402105463e-15,9.0170926647403295e-14,0
0.085826600670290645,0.17771073132552573,2.8467051295535994,0.22390970122936157,0.25481918511589102,0.99999353783007816,0.0076841302448632607,6.5938272309310377e-16,9.9801378881517049e-16,nan,nan
0.48483849318852645,7.6885933301732834,0.44519646643721,3.3440744576963675,1.4835501905257493e-06,0.00035871166649840611,1.4187871300969779e-09,7.0332691906875048e-16,7.0332691906875048e-16,nan,nan
0.076898857176470617,6.9398052261758423,0.00032430816253276544,0.22939195093045173,0.034566021613854192,0.99084934222879806,0.0021910727292087408,6.2261627930765773e-16,4.2468543784681016e-16,nan,nan
0.094908109011847985,5.9857153379032155,0.0047905913333163921,1.0264816414474953,0.28546784148921772,0.99999553042636968,0.014333260352764375,6.6405482950712782e-16,1.7994348755630897e-16,nan,nan
0.027283127754382457,-2.2630333191860563,0.0083029692189368655,0.60793127134986846,0.0077652793719975048,0.99970419726939164,6.1225223770528334,3.9268007325350223e-17,1.0579939545442745e-16,8.2257123519260384e-17,nan
0.15251625868264224,0.82952228859162958,0,0.49397922704969588,0.058093360888279919,0.0680858242301602,0.10729208335643227,1.3723714694285595e-16,7.8912774837699942e-18,nan,nan
0.025683816140126221,-6.9559660684699587,0.0095374845835049064,0.26183680738760617,0.00070847989545485776,0.061321655545459874,0.41197127571490855,9.3045702572811526e-14,6.2728032960145809e-14,nan,nan
0.17993729843254164,-0.36556533717915052,0.0011773184103482874,3.9371227372174262,4.3653829208094023e-06,0.99540812635047804,0.28949727583737705,2.4833098050923497e-17,2.4833098050923497e-17,nan,nan
0.10599099068599098,-6.9161128521700128,0.00010120845177230426,1.770891961726482,0.059230026697001337,0.99994421450707194,4.1437028980333528,4.2137804332602273e-16,2.0703390679980977e-16,nan,nan
