"t","a","v","w","sv","sw","wienr","dv","dsv","da","dw","dsw"
2.96728242867393,1.97075019897587,-0.234069746444577,0.446341180913477,1.33911323942978,0.458991903085368,0.00774967005741914,-0.000272768134467849,-0.00484245852890965,0.0229289833695418,0.00787118238989374,-0.00247639907206348
1.2233490871964,1.87170800796384,3.62540583040137,0.460355575830712,2.14274206084248,0.837733976117781,0.0114968822912294,-0.00929943858158277,0.0116496386690584,0.0100586920528033,0.00548637473700656,-0.00816777529049633
0.391308447346091,1.3729650763746,-2.6457021170147,0.553343849626386,0.994376741146907,0.114837899752622,0.943712507810375,0.185214472665576,-0.227614240440461,1.17052271409769,2.0934746898299,-0.0346867400094152
0.255758602195419,1.09488449772281,-1.66363897191473,0.500970332568033,2.13096045929325,0.529774628299029,1.03272036031507,-0.0765519192618122,-0.236504519759376,1.11409945857706,1.34268088964781,-0.285597097682711
0.769060702237766,1.12979014330786,1.01634254749181,0.510052381626726,1.01836957787528,0.592390047113772,0.0520855470326403,-0.0390200239784426,0.00761488321055501,0.176581073778375,-0.0150642750696222,-0.0252745543941272
2.38643075617729,1.9200343948576,2.94603776801299,0.473714115678747,1.71066127304498,0.352167905742813,0.0026779406869042,-0.00266468396291015,0.00316908421356067,0.0060972069985672,0.000538029513499505,-0.000696904947701466
1.05318394084461,1.52724946060534,0.217439418737742,0.426305741561232,0.603636950498714,0.386361142561997,0.106275668364718,-0.0687135154602203,-0.0210899945065199,0.173146569620525,0.0800129923470806,-0.0327337762942946
2.91758437694516,1.58894217329098,-2.0072630384254,0.461823340259863,0.434089680831045,0.26805503821191,0.000197565634916548,0.000649978237972538,0.00076731349927479,0.00130035667761105,0.000484194959831069,-1.51263880768458e-05
0.539273679419421,1.56006464092579,1.69919597160207,0.486373191265024,1.30576630978516,0.729730760329983,0.114213463468735,-0.0977639935470704,0.0709656003611585,0.0104009776636135,-0.028901148578456,-0.0668503820453605
1.40435581405181,1.16214213603415,-0.614818275698116,0.510468039973947,1.91659540080418,0.280741759965355,0.0060661958115247,0.000263052615536022,-0.00262665200520669,0.0445745126849643,0.00237365930986729,-0.00128918184414082
0.556656826555263,2.04535132726465,2.09885158686581,0.506803848210695,2.50585616808755,0.244811024430808,0.174869445604732,-0.085835975834007,0.0517665262783294,0.0094363716834624,0.0302661621010314,-0.021255287108125
0.732857450307347,2.36775286916158,-2.09209813750603,0.565729165827669,2.17863334343371,0.0172054712762402,0.398871499006355,0.0172423092563941,-0.140572711423319,0.189188832079768,0.743766542196104,-0.00109341173043309
2.32979523999384,1.24387169662285,-3.18122170283333,0.537829610048419,2.38060020740456,0.442070995727138,0.000162427399781567,7.70643041044555e-05,2.36622210529309e-05,0.00172397460634488,2.17130807897465e-05,-5.88736028464688e-05
0.334089547907934,1.85832141937702,1.81365568426408,0.237565423960417,1.87745905190034,0.323586998079831,0.265666190920902,-0.131372392910242,0.0482847237189981,0.0380213688785201,0.505603266009623,-0.152932781846473
1.38767092177877,0.751184635481711,-2.15773443525193,0.477317805750538,0.938681085531689,0.076400336123612,6.7735012150002e-06,8.03079256232214e-06,4.96847147468447e-06,0.000204425776090656,7.15498211534842e-06,-3.70202137068797e-07
0.299867103155702,1.23163115882261,0.95881529409785,0.555590230349095,0.955950521646525,0.431090473854393,0.393727306257689,-0.291578004880769,0.122848214247274,-0.122508425657331,-0.54284747183452,-0.102988382946415
1.70396430782275,1.84845776127126,-1.42598761654958,0.543123336391108,1.29241366188655,0.253406941762372,0.0447020337534705,0.0164550151358672,-0.0176970236571867,0.0906109497299215,0.0439221063535738,-0.00730485978227717
0.0756785697769374,1.20593077049802,0.282167153686612,0.535760453245837,1.60616227261479,0.199547569122692,1.01086123057944,-0.542036322517936,0.368901932036434,-2.88117423908132,-6.64827680667123,0.437889920176504
2.95792441755766,1.14761761204585,-2.21023677335194,0.476479171226414,2.35432057976609,0.302481461557532,6.28008289046218e-06,2.16104387035003e-06,-7.62888188269531e-07,0.000111286987709118,3.47658424538357e-06,-1.47992620849345e-06
0.983925172081217,0.917394156298484,3.4465671344058,0.528167312312007,1.883404431644,0.402878273866872,0.00106065375817679,-0.00091368017643368,0.00104570304337142,0.0108223695617457,-0.000624098096189943,-0.000328723853683374
1.93637437865837,1.43017682502333,1.52236191944633,0.489493020127772,2.24707438390793,0.0686329296423312,0.00360333912508481,-0.00121972222612743,-0.00052696663891049,0.0188325764510482,0.00133283788382233,-0.000181259534421707
0.920908544387203,1.57624868612825,0.899229134112843,0.507136224021725,0.674862514013514,0.113982774242149,0.0870678125678358,-0.0997557168444618,0.0390875768068523,0.0747986624406897,-0.0618330682289996,-0.00710711790793663
2.99027589693433,1.2690978530995,2.95567734883141,0.492740491305196,0.469971875059344,0.19729579501661,2.03581469137536e-08,-1.15924942410865e-07,2.93020161511213e-07,2.45068548011354e-07,-4.1000126730222e-08,-1.85080438088871e-09
2.72276289477013,1.37660802091342,2.57773672449078,0.495718975158875,0.535110822903406,0.365429070344455,2.39092943336457e-06,-1.03110223598444e-05,2.18452631273325e-05,1.96301860629812e-05,-3.82605300978883e-06,-5.02891791333543e-07
2.96678047496825,1.70817390922182,5.65766394554522,0.502543742418639,0.843166699647165,0.148038345242626,2.14733341216284e-10,-1.2179399211868e-09,5.65192874623572e-09,8.36604968461991e-10,-5.90830206256151e-10,-4.08879476182925e-12
0.243654931336641,2.36745967266061,2.63797980265512,0.542628061618474,1.69814637445822,0.538508118984742,0.0643383691232635,-0.0596846371884184,0.0805690929491687,-0.0735362482005634,-0.407928456969097,0.087757004206094
1.89976433751872,1.84224300851458,0.679342042075867,0.670013827368576,1.73320213924372,0.112150337219969,0.0224500195377127,-0.00844498085627645,-0.00551264602365586,0.0496369795335167,-0.023398061695143,-0.00226524437315401
1.4969013705384,1.49349334102536,-2.66664297085008,0.474746431606463,0.508032536911205,0.487708449337173,0.00384774749909551,0.00886662366919198,0.00830648925017426,0.0161827041885413,0.0105418143013421,-0.000113431923521132
2.91452201803913,1.15088156327159,-5.11707921950383,0.540791391971906,1.50713778578241,0.380564549892522,1.66589458114726e-07,3.12273482532888e-07,7.86254735230582e-07,2.93303073886042e-06,7.68041776677619e-08,-5.13695705321513e-08
1.1185515001649,1.0316269794032,1.05317703469026,0.607525267083363,0.196143821099659,0.290563951008296,0.00439622280543981,-0.0075427861763408,0.00161930683342454,0.0331101676562364,-0.00897769541050659,-0.000714273593586171
2.05598071030108,1.20065842822701,-4.51947617132082,0.488521334727577,0.948363628553066,0.514352881806459,1.80604327900203e-06,5.48441230227876e-06,1.45643441222935e-05,1.98994136862546e-05,3.22125323741582e-06,-4.49858293336807e-07
0.827973794424906,1.41858230846638,-1.41625314759549,0.551562114706621,2.64967016012536,0.103971692215164,0.110130830093888,0.00628883401792286,-0.0345003992590197,0.220497287154138,0.0975840112908465,-0.0069568903626899
0.59785707105184,0.999354220302637,3.06885026895736,0.571293044118221,1.43583477258851,0.387969231348765,0.0153682024739575,-0.0164272730718879,0.0193549454813502,0.0529042703932016,-0.0225771280479179,-0.00365972846138475
0.596172503824346,1.3015616316066,-0.440594046724513,0.646293048396861,1.72436546394498,0.213579500641545,0.279173781100338,-0.0581121314994108,-0.0822531026155808,0.486971578216391,-0.0836317569273779,-0.0527022317532337
1.16892540238332,1.33163002971573,2.4318184731515,0.491614699624472,1.47676808312148,0.102693679868196,0.00995818320456499,-0.00981137697637511,0.00943401708298833,0.0323200357578204,-0.002904586871305,-0.000743597156411461
2.54872195670614,1.48249220282205,4.77813596294313,0.594885309948422,0.42900961383879,0.66085439601694,7.31835261424586e-13,-6.39221678683536e-12,2.34142971721836e-11,3.64241275974483e-12,-3.0035012210618e-12,4.38518451315328e-13
1.51932459361851,1.99039142967891,0.951698723938384,0.535591188165739,1.74982421232313,0.270763829388559,0.0490229385326648,-0.0218297443644007,-0.00598589499032617,0.054694976245175,0.0184941387821823,-0.00875901024167429
2.38222744191298,1.03604883172701,2.79769796510132,0.550490912250476,1.08042279871144,0.220182275166524,1.49879071989439e-06,-2.86634719399608e-06,4.90274048069782e-06,2.83330788973965e-05,-1.59493057691375e-06,-2.39297780167339e-07
2.52346842231927,1.36087625050547,2.03918086898038,0.51262803588309,2.96121179921737,0.525192473489753,0.00031218681289757,-7.89133204095157e-05,-4.17316676180238e-05,0.00265806221626589,1.84362867903707e-05,-0.00013394899108356
1.39786640134407,1.09382413834136,5.14420579919299,0.627553600107618,2.21229638348234,0.410745392325619,0.000177846130515584,-0.000178099410620617,0.000324530226934969,0.00152508768210604,-0.000276514609018844,-5.31659246957547e-05
2.40845365331043,0.93547543789847,-2.11311955049536,0.499318545262778,2.20012554983946,0.741840582603391,7.47211228084713e-07,2.72178794141302e-07,-9.43359143079029e-08,2.02422004089739e-05,1.28082646452668e-07,-4.91796241838576e-07
1.17673203068553,1.26001152948839,-1.8616988228836,0.537795188956658,0.914350355197261,0.0479734396943959,0.0267628740093526,0.0204089860801449,-0.000282857904197059,0.130521910853745,0.0311648288917211,-0.000854605461248622
2.29111863290891,1.34583332126838,-0.893957237555812,0.468856045561176,1.33101974592115,0.661996753128101,0.00126456129930389,0.000344583510258148,-0.000633663831079698,0.0101280745246441,0.00082292899813616,-0.000673616794208699
1.33848802639404,2.37821849864485,2.09726168888977,0.541249986298866,1.07966224904472,0.138819383827443,0.016877728206393,-0.0269574237741581,0.0369854314936754,-0.000511902002487184,-0.0224707858528561,-0.00111184384133431
2.71744227615418,0.513161581024443,3.79066317349003,0.378844827451463,1.45799602353893,0.25699872319463,1.60167324113187e-23,-2.48128456447855e-23,4.66811865183546e-23,3.11338788546183e-21,1.63064551240273e-23,-3.60026838798384e-24
0.992627995915245,1.34479382314458,-2.40962470507406,0.60999636629805,1.06002451758402,0.281480608551076,0.0565376010089022,0.0417882664778052,0.00477310424949765,0.198636808868409,0.0468926977037047,-0.0130226026173056
0.293578823597636,1.88316642653982,-1.98527720490687,0.506051877080238,2.09656684793935,0.292583524236542,1.38487668987723,-0.231480304529223,-0.277454236805223,0.305324393992914,1.28937942690443,-0.276863405098812
2.45805278415792,0.965687278417976,-2.98893334676343,0.514341367202121,1.14407309876544,0.732331877235135,3.22878625488879e-07,5.22769761046673e-07,7.53744831244821e-07,8.18358661194401e-06,9.33703820830434e-08,-2.08804389022574e-07
2.70050485096872,1.60520238617161,3.03180734540543,0.395601659271343,0.342084803513727,0.355428796151476,1.04960631748227e-07,-7.00526812343371e-07,1.52623733553129e-06,4.58029018705808e-07,-2.21359764195902e-07,-1.95435959660403e-08
2.90116437333636,1.17112981187758,-2.16197565917652,0.517101310429373,1.94446891941816,0.344015721004947,1.23942951649439e-05,5.86497332997059e-06,-4.42908244345243e-07,0.000202220050086354,2.77902455875893e-06,-3.42788245524703e-06
1.74055320495972,1.73153193924672,3.2591023931437,0.496103657597352,2.57884082084969,0.360074032227379,0.00750965593565812,-0.00390456125001764,0.00255874229647664,0.0169929675048373,0.00257949368052855,-0.00191562930937386
2.17423451468348,1.48440218726482,1.62271633884857,0.477677742193699,1.47527802463974,0.300162374742942,0.00240751098288627,-0.00178061569777237,0.000597410200529201,0.0125461653324767,0.000488563543345276,-0.000556472782793381
2.33347294130363,1.55366279456259,-5.02075595861605,0.470235848544046,1.31099416994854,0.819501171924358,2.6861215082579e-05,5.80801931768562e-05,0.000148366699488741,0.000150804463801596,3.03693884774325e-05,-1.4063684456049e-05
1.90189436157234,1.52552236452482,3.14733034245748,0.586966452567976,1.81077035822398,0.463120861070993,0.00174658988781711,-0.00165462883586888,0.0020094452949929,0.00692362540316096,-0.00163166899109095,-0.000623370113513223
2.18281855735695,1.16371082013074,-2.10911199887362,0.595254915236959,2.0545939823832,0.387401908758746,0.000180897218821546,6.93830780500592e-05,-2.4692017659418e-05,0.00221533128111112,-8.66957519831271e-05,-6.13588341446464e-05
1.19115227279253,1.16095259696232,-0.42217813366627,0.455134860424924,1.75328508641158,0.251957500152808,0.0150025923237301,-0.000100883862403524,-0.0067116237094579,0.0899887897933418,0.0139886237795818,-0.00264828961090476
0.530232794687618,0.789108668391037,1.04766013996771,0.541549485843137,1.22655559138772,0.0803485831444832,0.0398593513960451,-0.021786462734562,0.000190998174508284,0.318634728842171,-0.0234905242496611,-0.00245075815231814
0.60232343596872,1.22093073436743,2.249372730986,0.411265250629866,2.75721473114887,0.519085954365034,0.0793896380321903,-0.026909769797185,0.00172742837499926,0.144642723572112,0.0945419876562301,-0.027347324252516
1.20418594870716,1.07138704273214,2.5013884865329,0.541490274202443,2.25728258116494,0.803444844030112,0.00238521890435429,-0.00119263514047654,0.000442398078040421,0.0187291094570754,-0.000965221847490356,-0.00172477108682557
0.858008568617515,1.0729189846257,-3.11691128340733,0.51240317279969,1.33856137967805,0.673855071804368,0.0158664536150771,0.0129531335274064,0.00708936191918735,0.0943212598716632,0.0149609415125037,-0.00775654960440374
0.616157357161865,1.22165731984365,1.64651815696504,0.570971676115386,1.48186900680588,0.0713524879837781,0.09388552584059,-0.0682934800347447,0.037200506481097,0.155018440581587,-0.0750285206219033,-0.00465550737628646
1.53795582897728,1.28617384771471,-3.76200878929795,0.509511745844076,1.14528833713763,0.0986563348437496,0.000748131592068435,0.00127160026668469,0.00203875079506761,0.0047602154973266,0.00139255936010829,-3.49747244522023e-05
2.30332905268297,2.00173483243941,1.33727907228944,0.355943502417504,0.935479463703195,0.323790240368887,0.00903140869580848,-0.0114164502216267,0.00707827017959193,0.0158785720714742,0.0100698307918716,-0.00250487439192866
2.09632316862699,1.92038690213179,-3.5698877500395,0.549500507866779,1.53153538611896,0.167228424663534,0.00512085084453844,0.00555769706298022,0.00646129914292171,0.012529073095478,0.00729787439066798,-0.000475080265145062
1.65495985548478,1.45640739328332,0.75865023617046,0.432611542631298,1.22848647489595,0.254835352861893,0.0133345372456987,-0.00721163007134666,-0.00294468443651726,0.0525739372218304,0.0100594749706127,-0.0025437472023151
1.99430731746834,1.4202074714287,4.08062046998721,0.478789634963728,1.85544091267414,0.81399025048068,0.000301973251433031,-0.000338549690606643,0.0005629453758245,0.00162552441266243,2.88450204794434e-05,-0.000222989096487508
1.43274872113252,1.68252017193683,-3.08521701420853,0.557260033549229,0.612413884298443,0.4641932246457,0.00621806138397556,0.0137445089383465,0.0151262982300749,0.019592409711386,0.015562001571025,-0.000622642989442767
1.47132634002483,1.05512212298057,-1.73393645717901,0.577189846817286,0.0712825006675705,0.659703838192098,0.00105306726511337,0.00200389303118594,0.000164619924741392,0.0121135736750687,0.000278666637745516,-0.000690151252963863
1.04433761541732,0.936779580507842,-0.543348316913642,0.315775695996262,2.0844018204499,0.309908894237616,0.00359956041387211,0.00016497629856588,-0.0013976822121944,0.0378808653445049,0.0084223643284157,-0.000742197261980209
1.3023525899509,0.891423099745437,-1.42203382142103,0.496235381858443,2.86383537717553,0.509478040894488,0.000324158958017889,3.89085081064032e-05,-9.00194600918076e-05,0.00523044049439502,0.000110488210012777,-0.000133629065528676
0.896694636379834,2.16772754422565,2.08362054326029,0.473029999951624,2.03910600355785,0.144664274721381,0.0810296701911874,-0.0496246681937277,0.030697832802842,0.0166704711577946,0.0435904925395116,-0.00604636332676404
1.82351501969388,0.932227360415443,0.782302696225855,0.455847389410364,2.57915484152185,0.156680921796881,3.04856095299004e-05,-4.30140920556978e-06,-9.35365034744008e-06,0.000614036339949233,1.77203483287165e-05,-3.71264151404064e-06
2.53018986270763,2.6731585745652,0.301107293031013,0.549585566269255,1.50251908834024,0.462863139409976,0.035946112318368,-0.0120879154666791,-0.0141087274109356,0.0293265044408143,0.0162554189037639,-0.0114499642021795
1.88146929070354,1.08068743432462,-4.04750415596058,0.534340024115714,2.54685834345699,0.24143891241883,0.00010229803492419,5.45133890026257e-05,3.6868942742165e-05,0.00134841774258526,2.73211717084547e-05,-1.94826247532022e-05
0.446927276579663,2.07364169777761,2.40792117417144,0.50315411089669,1.65993280008312,0.108587680271944,0.0979303710957543,-0.0928030097276211,0.113560368456333,-0.0567568114822592,-0.2346458508836,-0.00225208835562176
1.72478116708808,1.32562356698951,0.646605291458361,0.467131966329335,1.08970473089806,0.429446315758277,0.00626974584190557,-0.00358339509191024,-0.00161560734861508,0.0364991138683035,0.00226922368694164,-0.00214411858591246
1.35810767656658,1.46076336450042,-3.58444001383451,0.494038513967962,0.386535273044075,0.453806206959425,0.00039350109736182,0.001323644202221,0.0015522974599403,0.00183624414965596,0.00150199274827608,0.000101603862225131
1.34202749700053,0.834669882727609,-3.72652438084119,0.388675306710991,1.9461854453299,0.366812266309474,3.33747287290882e-05,2.55654564543149e-05,2.37960636229455e-05,0.000691684192822302,5.83402527888449e-05,-7.81501314403547e-06
1.88967083600583,1.03756782673672,-1.59388473674391,0.508499536047686,1.53209060389857,0.412370809869965,0.000161455149639128,7.36069017914978e-05,-3.44619140360361e-05,0.00242906002709783,6.15856585278174e-05,-5.31765305872357e-05
2.80132735862862,0.768888699586551,-2.20482979124002,0.415274514483975,0.80767415251624,0.412956956988898,2.34734820970484e-11,4.84915502241554e-11,6.21421823909145e-11,1.375523681306e-09,3.32085698273046e-11,-6.8478080903551e-12
2.67105312072672,1.82242171164132,0.706731499650257,0.447037432300254,0.844015585802195,0.463266742531387,0.0067269284248791,-0.00629866883067166,-0.000209622876419801,0.0218449927287967,0.00316291913963223,-0.00250028622316817
2.64169465515297,1.06955262923749,-3.36532759215138,0.524696101789549,1.39562482741559,0.01576681470405,1.55571886717734e-06,2.10848901741209e-06,3.05490978491693e-06,3.08349136104614e-05,8.26952627384078e-07,-1.89782006806337e-08
0.764421995566227,1.7635348772529,-2.6334749926322,0.546215498063732,1.70139169670319,0.0666123490532904,0.239214172810377,0.0780598582257906,-0.0534532648308891,0.262931839644029,0.521141852588018,-0.00329108122793795
2.23728870141786,1.6493299583564,-3.23297067943716,0.303062566929713,1.18819527177816,0.265642443184694,0.000737887196626247,0.00118829969284538,0.00180284929163776,0.00296916332910265,0.00271806894453194,3.68643136259495e-06
1.1935861244332,2.09083468288188,-0.644366662793401,0.455481996266072,0.156530544898402,0.545055736462482,0.240807511362204,-0.0607897192794409,-0.037982984234911,0.157677676023485,0.314700533856418,-0.0898725404388126
0.282907629385591,1.11143326377144,-5.74966059116194,0.48827143010149,1.56387510752606,0.392031100897937,0.331957307993269,0.201507089006026,0.106896602690687,0.809115709170897,1.30160364887599,0.0881755917121199
0.329764872672968,2.10283807567796,0.113359315970247,0.482874625436815,2.04380845457057,0.0901139955594546,0.682060931697618,-0.301723491766994,0.0801769906885387,-0.118201644205776,-0.505984560609597,-0.0480112078460006
2.29832105677342,1.61342788419175,-2.75295217925126,0.510270851344741,2.01475176086802,0.379334652687441,0.0028016650574103,0.00148861012326,0.000339173799097031,0.0125470463938747,0.00208551268633564,-0.000758757245392264
1.0762873759144,1.50029525364006,-2.30781078292564,0.499123204156637,1.02977902435973,0.327903232674324,0.0596687863654319,0.0475658761524889,0.00841842510568345,0.153605779116681,0.119254908799691,-0.00755774646195871
1.27946179140126,1.15692565900639,-0.361465449017803,0.454432616309904,2.69548744635885,0.207459350399437,0.00710288291344255,-4.62759253038982e-05,-0.0023775034691727,0.0469930010287753,0.00645416452541345,-0.00102833294259808
1.06484788046218,0.755374792337495,1.67174108376617,0.54770131774224,2.21297677738794,0.388023137180112,0.000155029199915791,-5.46204108572454e-05,-1.61355369191079e-05,0.0033753270566762,-6.81214405870137e-05,-4.89311100086214e-05
0.074812222016044,0.704807393203754,-0.560276338807614,0.577350735214851,0.514951275640736,0.336420899630382,3.13455993148676,-1.08779777321295,0.0828494741858124,-3.43679071040448,-4.95691872040511,-0.698476664106499
2.73914622262819,1.90322716241272,0.927202420093543,0.515239023614975,1.67711668484446,0.283310416722178,0.00627758292103813,-0.00254103696764845,-0.0015847614668105,0.0187308809694669,0.00140991796447205,-0.0013137406252078
0.587505984841846,1.56717812798553,3.61146670985205,0.529978247987426,0.76987087495819,0.465283220686839,0.0026181340208218,-0.00552480077074435,0.00813592554983881,-0.00208794423016336,-0.0095074542077838,0.000594039335887594
2.18227017462486,0.959189953213887,3.2364863537881,0.371083259045963,0.49028065761563,0.34646905709708,5.21141865696587e-09,-2.53432049484575e-08,5.67766148839381e-08,1.1238659235798e-07,-2.05818256034765e-09,-1.80536531161761e-09
1.73729182565585,1.23691198686325,1.7107130906717,0.447323848440432,0.740579263724866,0.169625611669029,0.000923368356941314,-0.00166639330929664,0.00161946076850507,0.00657679230835186,-0.00031875589452042,-0.000126095017152999
1.64310742007801,2.19711095280458,-0.948458459119897,0.588320574144185,1.61263559026875,0.384690471359509,0.0795124502008116,0.00371690616370559,-0.039413676687787,0.0867378082915523,0.0485200211594614,-0.0217556818658122
1.09709487546934,1.18520147030581,1.33473331136436,0.489023214741787,0.706965313735406,0.516778048523755,0.0116981249182466,-0.0153203472018341,0.00842230393624033,0.0526502423304053,-0.00600010749239711,-0.00485509237138188
2.48107092271093,2.04013861155765,-1.01722897048361,0.449471989415637,1.50756966064415,0.104389818559441,0.0166741874263794,0.0040289497796594,-0.00792454721162333,0.0352800825926259,0.0241319569028087,-0.000959267166453353
0.599103445583023,0.900029287035867,0.949580845206849,0.44739222845765,1.32164509324383,0.665455256985771,0.0452143040517361,-0.0218196751669565,-0.00322079157868976,0.265059215741884,0.0213580384211446,-0.0259333462609523
1.21930502675241,1.32596146749246,-1.01849726930983,0.442095009114741,2.18519613220079,0.489146648724322,0.0228547407033401,0.00208265818759185,-0.00847710472464314,0.0901267184967557,0.0272856178782584,-0.00731092155843973
1.48433388746344,1.33799693113872,2.92306445536657,0.274204015832374,0.332145630510716,0.264179205872599,3.37693040757781e-05,-0.000136452497394951,0.000168910582679761,0.000133352489690837,-9.09424118373972e-06,-1.3639948008104e-05
1.5159756614943,0.812441583445469,-2.24045799068767,0.533578636721042,1.38182729735507,0.351034192108008,1.38061647694534e-05,1.04953182459373e-05,3.60712351934677e-06,0.000357111613264357,3.32934793108967e-06,-3.97763460957999e-06
1.19176923685009,1.24297772904574,3.63970357855669,0.565282287502543,2.69176915165885,0.215348020320193,0.00570054526904593,-0.00298071922961481,0.00229830545422761,0.0262407819123837,-0.00271379597034246,-0.000924085541810169
1.94758028315846,0.637260760345594,-1.82357367132052,0.606315822945794,1.4558073147529,0.310351202447921,1.02653836763135e-10,6.34469356812668e-11,3.44727561611414e-13,7.33430099865272e-09,-8.13554270505951e-11,-2.79137395873988e-11
1.06429922779789,1.33115156470188,2.92846265526245,0.498589729201557,1.94700617865384,0.0807000333042177,0.0131869540873615,-0.00990188102865754,0.00904963921879172,0.0383811010915977,-0.00127047811967515,-0.000757543126025619
2.87050704549765,1.53200664039003,-1.46151525787412,0.509188933376285,0.454485936596221,0.519338537587844,0.000720596603295708,0.00152453295809207,0.000881757576116698,0.00513744118927977,0.000804737262862331,-0.000263462572455018
0.175999637495261,0.464671611092936,-0.940062775365257,0.588659417877613,0.582440090612554,0.0113148132873408,0.291715402993379,-0.0297523402544583,-0.0264509677158556,3.96217443079823,-0.129991298994622,-0.00286316003833215
2.30789281916805,1.36029760674958,2.56292026592799,0.530789209323296,1.26557553000276,0.427953020730464,0.000226793547562452,-0.000319798875991173,0.000430002858151895,0.00168446263828782,-0.00014853116389282,-7.45462463778944e-05
0.651121625758242,0.97482100322648,-3.11274117678277,0.477210348009889,1.52811070678106,0.433319223765087,0.0378597201017586,0.0230569863675005,0.00663565999529582,0.217744897844158,0.0611277787574185,-0.00867778074384007
2.07002596574603,0.849302491842103,-0.0909021489769393,0.469539066173576,0.270610980873314,0.180756444888692,2.90278111797435e-06,-5.3315963849615e-07,-1.3843608135308e-06,9.01133707822743e-05,1.12561177936252e-06,-4.292236992472e-07
1.21869487281656,1.95273628400116,0.046903526694653,0.550732566271911,0.795515909253142,0.126212962495441,0.14904074151875,-0.0953192469286899,-0.0328911259756412,0.11354458492628,0.0114195618382562,-0.0137287956986181
0.222445013001561,1.1726731643408,3.23357185629426,0.435530230675447,0.387448054883805,0.0543734476040754,0.0709113441710579,-0.0843250345687648,0.0329463860544305,-0.101515131486903,-0.283392324657602,0.00142597626704188
2.22194921170594,1.29370713048526,2.58198812513536,0.409195360372823,0.922868520189894,0.231580308794519,7.4182756197147e-05,-0.000160717137528498,0.000268805649107888,0.000614403458806049,1.06667078069073e-06,-1.48902532344396e-05
1.89331474358914,1.32870017034351,0.854541779527614,0.508326926291506,2.13168560740009,0.351192251609131,0.00268954593727153,-0.000643080313490452,-0.000801460040220912,0.0177117893794513,0.000522147062867155,-0.000730053321187285
1.90604749179911,1.30587885507038,-4.32164857140154,0.481830149124166,0.899718451311548,0.128107017556591,1.31152135390866e-05,3.9214315813992e-05,9.66518031468161e-05,0.000102815728818155,3.44764460751398e-05,-3.33958287817808e-07
1.71945856759558,1.5223879939086,-0.541593529547668,0.548364131782152,1.83383985965564,0.437430917925187,0.0150469217411855,0.000202897478581889,-0.00696956363972778,0.0568900081516036,0.00222193528839714,-0.0052020425416248
2.37849549247185,0.917749033997363,1.85125396794765,0.567193881635713,0.433209629440823,0.352417118766302,8.09231567180492e-08,-2.74552934901837e-07,3.46019475126444e-07,2.22732170593533e-06,-1.34950501392689e-07,-1.73536010225064e-08
0.593049875169527,1.67873600189527,0.0106346318574335,0.538196342605419,0.597393383296794,0.122963190828337,0.387275342420698,-0.290451754455958,0.0174513643859485,0.0378361904343989,-0.195861025214968,-0.0357189157247451
2.5064308983041,2.4004588124651,2.85228760130669,0.580309335324513,1.4349425517432,0.126083820733525,0.0034245413811979,-0.00474666323120486,0.00744261921778409,0.00324957689485245,-0.00282497836724189,-0.000286100075015548
1.61479275212623,1.24424811257672,-0.621623685050199,0.426085076855161,1.24527190826722,0.596389709186768,0.00578222884416246,0.000706370342018864,-0.0031879448872236,0.0397819613058562,0.00643487086706008,-0.00256615747613977
1.44573321237694,1.48215516690865,-4.55359896190969,0.539252431232312,0.92720013031421,0.228004767563603,0.000264078382393471,0.000678751180094104,0.00146018204849905,0.0011432392337119,0.000774478904476412,-1.83126362342729e-06
1.71151886271546,1.34879079958311,-1.40834863195229,0.494637625316656,1.24883177345135,0.0719469571488751,0.00774953726312588,0.00368061666482033,-0.00233059036336593,0.0444207772245503,0.00735877426151285,-0.000381189081672398
2.13466808947269,2.21937345716379,-3.69724003457547,0.517891994858722,1.525241574585,0.227140723016217,0.00696845248732038,0.00785224185807087,0.00969872625285863,0.0111047484955045,0.014563298236265,-0.00047383868878156
0.997518352896441,1.38706390423074,1.75291808237014,0.560790146028292,1.93550063217479,0.414495540755997,0.036869610363603,-0.0196158212433151,0.00525458019377871,0.0882060452527297,-0.0121930112982564,-0.0116480895828436
2.29062807061709,0.911251198312406,0.665035786321206,0.405753089857789,0.810905699289045,0.118035156033871,2.09877817504681e-06,-1.58602916939867e-06,-5.83323264735035e-07,5.7956345123544e-05,1.69388034235158e-06,-2.05379837928901e-07
0.52278591664508,1.5345011662585,3.46728559846699,0.462966905799442,1.83597730727732,0.0902534180717055,0.048354622006928,-0.0441557714128704,0.0572455389722729,0.000687239541318681,-0.0329435182715845,-0.00255841718765811
1.89411888262257,1.4035925573164,1.46516108230747,0.661365551551595,1.02584048807339,0.487995409147029,0.00241163927916588,-0.00293844022731323,0.0021164921668104,0.0126136197545668,-0.00467981838876557,-0.0008617954329567
0.36952774602687,1.54712709265055,1.39421148431475,0.511872596038738,0.999227987253977,0.421853367946536,0.212475130995225,-0.196027541071369,0.127071977353575,-0.11649208667812,-0.373059358303488,-0.0432385887001438
2.60569940350251,0.717901639974468,-0.763142404185385,0.635485040321818,1.88928503772813,0.527547124565736,2.23039310532338e-11,3.3666744830279e-12,-9.69524217413631e-12,1.49127830075973e-09,-2.92581567339498e-11,-1.05075319095886e-11
2.34702709527919,1.53331401002899,-1.23514899612717,0.549505273889849,2.03720851978884,0.227745787701729,0.00306331061408462,0.000586173008806799,-0.0011346357678329,0.0164394314690233,0.000470954111075472,-0.000541531413577273
2.34834237532923,0.96920978015907,0.52326856615047,0.499775974604455,0.706645227661728,0.292561956076473,7.58285451983621e-06,-5.97645599400165e-06,-2.45577663600563e-06,0.000176910481989216,-8.68479110205263e-07,-1.81056180588632e-06
1.54000277023297,1.96415680451532,-2.27663307423975,0.540171094886548,1.83990615244652,0.378946701393794,0.0458441921502166,0.0178096838689056,-0.00808094917054987,0.0698400909307456,0.0564512194779834,-0.00970362142445036
2.63314386153361,0.896493523879838,1.62838841730314,0.512882687472948,0.788133255423634,0.173065333986197,4.64283388013147e-08,-8.36101304359181e-08,8.21208613593704e-08,1.55896062794873e-06,-2.65993805750779e-08,-6.30155771113069e-09
1.98986796843819,1.17893681541019,-0.55786514616683,0.486386181058092,0.561884879994559,0.405443726572633,0.0014737796919513,0.000476348806293021,-0.000919907199573789,0.0155006615030269,0.000880340910418324,-0.000473150178535444
2.694051212864,0.884734211132205,-1.66367259340468,0.587967505889625,1.1682279855241,0.226426044736025,4.14253984315507e-08,3.51083253810486e-08,6.88957883348375e-09,1.50920905349783e-06,-1.91836198494821e-08,-8.09326018079071e-09
2.43808331901673,0.891102271578127,4.13803594100108,0.585296893118286,0.150522538654625,0.295978092428766,3.3404766618967e-16,-3.35031888097105e-15,4.94190447172837e-15,9.88506838759617e-15,-1.36416680408053e-15,5.85806289276667e-17
2.28678142883582,1.36653970016041,-1.17799989020764,0.426913748833142,1.08900383614409,0.466802291087445,0.00155565512074349,0.000869977346597613,-0.000510075910598957,0.0118550192446518,0.00202791975689691,-0.000499018823193741
2.42622562096221,0.908376437722583,-3.49654807831358,0.5549052438431,1.1995889140692,0.359626353657363,4.75238314503063e-08,8.44041547596637e-08,1.49052293191175e-07,1.43869635358831e-06,1.00352412315306e-08,-1.447238022805e-08
2.01870365362847,1.2735543688201,1.432523120455,0.45244801155968,2.33424446918991,0.362102547860742,0.000958595589390284,-0.000277786304619382,-0.000188276671551823,0.007810943141922,0.000612397981464952,-0.000266318421822062
1.56420986262383,0.941709775901532,-1.64709929336944,0.640082848016306,0.822644043684651,0.237578616914734,0.000221195380127546,0.000212344592554809,2.96024493657544e-05,0.00376018386676207,-0.000131432249329759,-5.11629043468238e-05
0.575416828505695,1.62066569738533,0.417374455624505,0.515423867142624,0.835508319920225,0.204314245259595,0.299456170943477,-0.229230933940739,0.0450480067672801,0.0382937723616284,-0.130971958179127,-0.0438828744181352
1.7101520455326,0.982131659590111,-1.8750651608153,0.604340794456765,0.581853212876573,0.48887753531854,0.000108914587323508,0.000180179347170196,0.000105240399018357,0.00180580796326856,-8.6481667034166e-06,-5.23450677541652e-05
0.843799228046555,1.00384161554746,-2.11531465617516,0.513524763117303,1.67356495755995,0.244080519913172,0.0235305970913875,0.00884940407523299,-0.00429290240390316,0.15987980072865,0.0207002026098913,-0.00400365303602443
2.17109467081027,1.27592770282363,-1.67640498647762,0.49148754828018,0.407874595049175,0.334236398228651,0.000523589079733445,0.00115109456660023,0.000693215416898858,0.00492925081962335,0.000838160000181786,-0.000102353042559135
0.619539530784823,1.05888871297977,0.239559736566724,0.541372901896388,1.8675554650483,0.636874729208822,0.0995734303282195,-0.0227978552341615,-0.0260923876078751,0.358173248394299,-0.00409433054218119,-0.0531883113664204
2.77668425360462,2.38830246988716,-1.52930188740685,0.423240933447968,1.10026914070314,0.291047239195713,0.0178519294401067,0.0130895684710073,-0.00190527217975311,0.0261297391898407,0.0390010210311866,-0.00173868935875597
0.199130782170687,1.35401338951874,5.36153979465303,0.479961909381971,0.822942814241423,0.163471228583329,0.00425205543751442,-0.00634614991961179,0.00719062739725705,-0.0116352839225174,-0.0338859957916932,0.00296815113773465
2.90297230988508,1.74803175296555,-1.84360255577238,0.427329571859406,0.604491862966416,0.501834134771528,0.00115202440706846,0.00252614029417365,0.00237638627317065,0.00544011138796296,0.00248429692060073,-0.000215207136515114
0.322717097983696,1.43066935238588,4.14627328838334,0.658053182022046,1.29156640867899,0.366879242954337,0.00945458665054319,-0.0135259930392626,0.0225260730671,-0.017556104455267,-0.0467095840175954,0.00458937763033268
2.7158256885712,0.937173511925839,0.0265428245162295,0.518605322568516,1.01278063395171,0.476326759986916,4.05959305270125e-07,-5.96899148133326e-08,-2.85626278984933e-07,1.23813102555755e-05,-3.66029633227468e-08,-1.62658287910241e-07
0.601625429745764,0.922494429469268,-2.72402502299133,0.515909418450466,1.74775657440144,0.380379737916401,0.0518055229659522,0.0210003404782513,-0.00420830699144427,0.320860153712366,0.0542197214768351,-0.0132481714525969
0.64784390834393,1.68668845131118,-1.36131019529647,0.329490490867178,0.274718638462476,0.32705870402421,0.378747036424326,0.0980534137936441,-0.0551750103175813,0.317662443897984,1.34198424052215,-0.000664959630201946
0.901246051921044,1.19688936652633,-2.327301008419,0.423886841437786,0.936974509276525,0.31124885533658,0.0371650970444683,0.0324823049743145,0.00919702336347893,0.156668327097467,0.0919961635450653,-0.00317283174857439
2.40596225528279,1.14271584023754,3.04774075496508,0.52726832592572,0.431854437192056,0.291224592497699,2.85186133667804e-08,-1.55812435961454e-07,3.47229366970145e-07,3.74469596060634e-07,-6.91553464625558e-08,-2.46799925952827e-09
1.45160761717707,1.9605635292381,-0.208117203596234,0.509843879577757,1.34834928189291,0.301019182593397,0.0870478865888115,-0.0170092351912208,-0.0420871686320768,0.102268970697506,0.0768251672405016,-0.0161110758081387
2.32377686242107,1.35090418838448,3.93467826097125,0.450697696885842,0.544750722145164,0.45349589402754,1.39897413022707e-08,-8.03187117305332e-08,2.40793176394346e-07,9.66145595229068e-08,-2.77436016864875e-08,-2.92058843500402e-09
2.97727622217499,1.98441558887272,-2.53657928140657,0.477847311656271,1.1129783048452,0.400740926274782,0.00206408475195232,0.00288766701441224,0.00304242897826187,0.00652515541029702,0.00330316353831544,-0.000433111452235637
2.44274362644646,1.83626097647526,-3.04160238085892,0.439114105299555,1.10649329395896,0.56609985437437,0.00146735584641275,0.00239499281082594,0.00333906495847319,0.00489740184551523,0.00294252392170837,-0.000313804527265277
1.92043210834963,0.798741251421398,-2.31052763853377,0.464515051900661,0.193250605882275,0.248867030678368,3.07691074549321e-08,1.16498476087609e-07,7.4602068859056e-08,1.09911252674007e-06,6.13697366337416e-08,-3.73271671674799e-09
2.54573033583583,1.34653406287236,0.756736331893227,0.464426215830614,0.604447040276457,0.338121070170011,0.000644928107964584,-0.000852692336957684,0.000169020429724444,0.005598610072952,1.28351495643625e-05,-0.000179704917401396
1.52999964724295,0.831301140213904,-2.64856791353702,0.6223618033847,1.46474234444933,0.370649676267229,1.44658695475886e-05,1.19603173782122e-05,6.92313230096444e-06,0.000353290071914629,-9.30227862106157e-06,-5.03554170624161e-06
2.00648404242238,1.32388470525159,-3.34348030481264,0.490986364838267,0.660420725718569,0.214945311134604,3.87490228657303e-05,0.000124925497467974,0.000238652509065845,0.000309824322086004,9.90484429745101e-05,-1.91537200099579e-06
1.55938333808444,0.919940640827499,-1.82935158037132,0.556559175678785,1.72569710053151,0.256710712884872,0.000134142470438528,5.56365127169809e-05,-2.41049304778131e-05,0.00240485476003167,-6.51173269371864e-06,-2.84025091321496e-05
1.5976826293976,1.76962372311483,-3.96659037270806,0.527202918878589,1.08911623619681,0.312157568037024,0.00263375879857089,0.00488123455293086,0.00827793262610081,0.0070822346043834,0.00684919898220568,-0.000112209638789062
1.0736599705182,1.00017358741641,2.24451536589181,0.608270521391176,0.845493362021735,0.446523319070958,0.00114034726487672,-0.00192502366378726,0.00216642025382639,0.00912495152468435,-0.00223285906617211,-0.000278589489200967
2.4372460181592,1.64124758787893,1.49411475081378,0.525657189184519,0.91777245836093,0.456246850024986,0.00211019381327455,-0.00310062411004453,0.00264418977615175,0.00864704271882188,-0.00126787285979062,-0.000739303249359684
0.681226215546485,1.79746846301534,-2.63516494068579,0.522172742146752,0.667335671727903,0.286528611077111,0.37721716396989,0.236162988605038,-0.0298509344482377,0.465958591831464,1.21605562003928,0.0172356903527012
1.29789094987791,1.56986409830559,-1.44065483217962,0.520280186543724,2.07621655853175,0.720278963651132,0.0372228159321732,0.00565959293997721,-0.0132689337228261,0.0932221277068524,0.016890545903153,-0.0214772562880292
1.1640189772239,0.864117764597585,1.33131709823401,0.498400094963003,1.93540457354353,0.325670647121094,0.000628704775107621,-0.000232333345152205,-9.78025419499822e-05,0.00975876584831228,3.61320523430165e-05,-0.000163081848423958
2.36471920695622,1.1971518837117,-2.90309292843981,0.680793744728413,0.0842702164947837,0.32482390928369,2.86845788964282e-07,1.70322495500523e-06,7.96314848244181e-07,3.99000032935156e-06,2.79842423558696e-07,-1.08480850081222e-07
1.1257044721744,1.07252374686453,-1.97479680464342,0.516453463664334,1.81177618630857,0.520566300924094,0.00800357252502502,0.00281980735483125,-0.00166122859370023,0.0607470946053238,0.00408589339158962,-0.00326087142409344
2.20827887904597,1.35414302075406,0.574983640181188,0.708262964099378,1.60060601359473,0.443350251704954,0.00131254070295593,-0.000429875609981249,-0.000470299194089302,0.00982457528168956,-0.00282935079415323,-0.000557146835387776
1.17198093193583,1.19074768189655,2.47142817887699,0.373078538211275,0.718440543396037,0.403023537696753,0.00141273135772739,-0.00293802454531534,0.00365567289549653,0.00658110710021342,-9.15597340129297e-05,-0.000572010484395704
2.15875224251067,1.69525697404207,1.39606500363594,0.709567775458005,1.81020248761172,0.160105717154564,0.00619926975188717,-0.00323229510737586,5.13366610351629e-05,0.021169425843584,-0.0118940250317492,-0.000919201510052749
0.159321850002743,1.53902269163181,-1.69130778797664,0.450040812909775,1.93636285794944,0.361145240204288,2.24134241553201,-0.587980746289358,-0.0931446834948682,-0.332672606407673,-0.389844054008214,-0.93271706752829
1.52074945378117,1.32820687920786,0.80084766913577,0.522542858422397,1.28472409919597,0.550532643961586,0.00994812166954161,-0.00540742651764476,-0.00171958247036334,0.0493827496281058,-0.00129066386674077,-0.00447336965487081
2.1783966035,1.21875427881008,-3.20753105979827,0.567128434922377,2.70081383434986,0.658420976249067,0.000195733092103462,7.30841263840117e-05,5.60364469347003e-06,0.00205943928827666,-6.42812748930008e-05,-0.000117622971237135
2.93662810099777,1.18257864923656,-1.9359647467965,0.472869410017343,0.715168291968252,0.143263682219995,7.8353840809285e-06,1.60446289521957e-05,1.69217710593022e-05,0.000127375238757657,1.0196854486517e-05,-7.45156779376797e-07
2.84972315161722,2.42478919675362,-1.25385643444987,0.478953065683866,1.57053240097632,0.592157373963494,0.0174235938637585,0.00503148558177411,-0.00736725728908788,0.0251954193268851,0.0196740833800443,-0.00632611067253537
0.923471677757334,1.11803212949696,-2.18813542571503,0.426513299575925,0.540350549395917,0.237606306022399,0.023063437655528,0.0277827845648518,0.00906348819405307,0.127797981156126,0.0620657895280866,-0.00119349089262698
0.81501286146231,0.804388798811629,-1.73311599249103,0.447534801885575,2.53594679568485,0.501006932501189,0.00339681967856784,0.000563465646300584,-0.000885125155418348,0.0451663119312156,0.00320351991861401,-0.00126652843567707
2.77572324000066,1.29208451442307,2.42918415420116,0.627302663384927,1.58910164159535,0.490255062148354,4.75337299281305e-05,-4.46050168874058e-05,4.03716097794468e-05,0.000528748819022542,-6.60668543297786e-05,-1.87657965285495e-05
2.20951574688079,2.73867523328304,2.36240750150063,0.508572391689742,1.40514350499263,0.485970083703276,0.00960323470811442,-0.0118373362321812,0.015007795415564,0.00366083417586607,-0.000433797606325791,-0.0030881771668737
2.2321837984724,1.5734984465318,-3.94110142413443,0.646028430982333,0.845107840814509,0.629818345110991,4.52138234504686e-05,0.000135092584344677,0.000308606631855029,0.00025304109180213,-5.64752940903712e-06,-3.84153282731337e-05
1.80063728572568,0.606677972289355,-5.29464281890379,0.580287967333514,1.39526693893517,0.585852153807164,6.2596048221053e-13,1.27605537499169e-12,3.28085896667954e-12,4.82375976088634e-11,-1.6744270409153e-13,-3.47643532929151e-13
0.286771243927069,1.50037024628971,-1.81749499159497,0.582716623560553,1.39702483903804,0.361163479609317,1.50523273095571,-0.348087718975673,-0.253882916847825,0.3187280234655,0.652029109694543,-0.393984022311196
2.41402178258868,2.00777814803749,-3.59358177034454,0.51361051958489,0.870414838845839,0.32078891972257,0.000415907555996429,0.00111662575233553,0.0023019585201638,0.00116042787835684,0.00113518743744275,-1.10583689031706e-05
0.885156140371691,2.29706930999795,2.86012855059689,0.409724800299835,1.20872727580368,0.640451231613853,0.0131419300681329,-0.0194549928310847,0.0291334042571465,-0.00251115109267597,-0.00620970243730902,-0.00759263896556451
2.15676341566723,1.59613022374627,0.888912788050234,0.447323348751432,1.93157723344111,0.0866563635462059,0.00582886256692981,-0.00169578684867528,-0.00173093994161402,0.0237246598960798,0.00487507025757558,-0.000353953780752688
2.61123440873344,1.64162590637464,1.0303356332499,0.525812905252793,2.61727963135903,0.642396819911727,0.00193244170684021,-0.000364083446536645,-0.000518585122815123,0.0092028268096705,2.53614906521253e-05,-0.00104146364923858
2.11890298329527,1.69867742461906,-1.73671154192988,0.524833710801543,0.70392999109463,0.148331752818279,0.00990793915825568,0.0134537849400019,0.005659443508944,0.0361758629852436,0.015142628853961,-0.000845127674377078
0.232251123257447,1.69927429913956,1.19047042904297,0.460465821300787,1.21665224186527,0.557051488122251,0.380237609661449,-0.264911607580846,0.158892285221171,-0.25884753712371,-0.824292025088712,-0.109677901278493
1.34036225774325,0.947351104189294,-2.21164577060562,0.472529314483361,1.32046406969059,0.465919176540422,0.000591217621337095,0.000442644663083575,0.000125089442868342,0.00821910780303462,0.000574777246307503,-0.000200465507521881
1.0254122858285,0.803370172611388,-1.64034012902391,0.489848213367061,1.7662750189106,0.173924403730631,0.000821535858516228,0.000251838975896885,-0.000217863935365663,0.0142674939606529,0.000522492693569806,-0.000107670146890769
2.71740512304241,1.50671803018765,-0.748255734375511,0.533354097602188,1.37409097381594,0.607420806106195,0.00140185376538388,0.000279805335065165,-0.000773938045287279,0.00942799820312048,6.21646648208194e-05,-0.000725077122012061
1.34834470463684,1.216581457281,1.53136038926625,0.461264787293593,1.20482226226701,0.696779122114045,0.00529906002491366,-0.00472147100009641,0.00219359012158351,0.0299662453338792,0.00120486233954754,-0.00324019873545272
1.18566225214163,1.37024531912012,4.31688237741927,0.486342214022183,2.30422511996072,0.0759189461952082,0.00477107506340982,-0.00378323783499773,0.00512594851040265,0.01449287469691,-5.61296483796211e-05,-0.000257645541239707
2.10951292236568,1.30367591375999,1.5027147989207,0.531594838369546,0.999372406423043,0.615653301022779,0.000706296802405019,-0.000872294036814437,0.000600745653436864,0.00546402569138778,-0.000387774653746098,-0.000355952573300121
2.62818947017659,1.61824957946165,2.87899257182128,0.473830159985008,1.10810714388936,0.0888975652876507,0.000201204322815158,-0.000396624815896934,0.000727772633530554,0.000939276698441063,-9.62199453179823e-05,-1.33602318937754e-05
2.17865909505635,1.36302318923806,-2.97143740506002,0.175348752444938,2.07046651417027,0.202884635955143,0.000358834757984087,0.000215464756367774,0.000111361472729116,0.00254885386963934,0.00200612920553113,-2.12070192589691e-05
1.35405376668787,0.931860486959429,0.0833517698999254,0.555571326057671,1.22154513733906,0.42580088402652,0.000911073096149874,-0.000188614274191667,-0.000449712445418382,0.013210086996951,-0.000344180339376656,-0.00032374859242373
1.43173235562863,1.75157765278068,1.52978599128462,0.493744395886976,1.52205237158913,0.493446430167063,0.0275781957531847,-0.0195703195515257,0.00734600701986907,0.0430872340944821,0.00584934578238942,-0.0100463943166329
0.404369431058876,1.12308733063744,1.10312083691626,0.50087841925635,1.29403397680549,0.234717549386574,0.270714853635658,-0.162620003559429,0.0426557934684829,0.268684043396213,-0.0581243771043772,-0.0460978459547474
0.098016910511069,0.986958719552925,3.2739188384833,0.281019201299128,1.814521326487,0.3744634506878,0.698570855033977,-0.312571505307779,0.167207285597378,-0.222923988388506,-0.134265507257719,-0.48744028772249
1.88263894061092,2.26574828176249,-2.39305251216285,0.458095417542433,1.92528290485746,0.278040463834675,0.0311092787861235,0.0134004643245982,-0.00298973660441783,0.0343435565312475,0.0639228299171948,-0.0024866767420127
1.3788833687664,1.73774855757011,-1.92517948916028,0.512745001542722,1.14995893383738,0.489638092255352,0.0547621698322994,0.0331229453928233,-0.00728805341284283,0.113107782302379,0.0779908997258834,-0.0147526985603676
0.210392726107966,1.41553680195588,-2.35008331575065,0.549881300956058,0.996568983299435,0.242154666377538,2.42885782954368,-0.573762848699186,-0.270314575014835,0.171647991656429,0.581742168993685,-0.547475408138946
1.22119346560212,1.10007089376142,-1.70085270868424,0.593144321466225,1.58032466058678,0.144858611097721,0.00816214599646817,0.00287131428526494,-0.00229161932142108,0.0630475803184938,-0.000481606747039682,-0.000993941995954038
2.52572233357932,2.06013192663929,-1.76247512780061,0.566368207278224,1.7137902569991,0.48214152287324,0.0123262844034697,0.00478206138084673,-0.00313594257564912,0.0277402823808851,0.00427778754348816,-0.00472448509783199
1.57537725061411,2.52772277667192,1.12573430146216,0.516951051877289,2.65858205040826,0.47113410493369,0.0530237978072107,-0.0136884532548771,-0.0088002104847157,0.0283089627653234,0.0545786881250187,-0.0121735853230721
2.54834964463953,1.20525420397362,1.42342696215021,0.561765392404338,0.675360838598779,0.834652824571085,3.92064764016313e-05,-7.66001032626012e-05,7.01958972438528e-05,0.000488219063828062,-3.31650282194005e-05,-2.7144781284359e-05
1.04843716101022,1.34249520429353,-4.50010649203709,0.487175538841987,1.41916012045348,0.549419451183111,0.0052678946186745,0.00674698996062557,0.00977352939905787,0.0202929942084233,0.0108443956798008,-0.000937183774952989
2.40878039010568,1.41234133860066,1.14817743123092,0.467436056159918,1.93720819697545,0.627288304303006,0.000939745925597994,-0.000322888475393436,-0.0002208516028289,0.00667776562598284,0.000428431106872205,-0.000485327938772967
2.18283742857166,1.24636088178791,4.12921599689344,0.53668768267566,0.3919105074535,0.175783251238682,1.96226391613259e-10,-1.42096637748121e-09,3.90715967392832e-09,1.55711163433828e-09,-7.9033201349294e-10,1.92962291981968e-11
1.66597921965877,1.27186415946795,2.51295656265067,0.313242837970135,0.965960778958859,0.2333689336796,0.000541318136467189,-0.000972905059985123,0.00134862433852536,0.00333206623699896,0.000593044502099754,-0.00013554231517023
0.905703548912425,1.42136989748894,0.331201437623751,0.626828438947582,2.82074548609009,0.465962344114611,0.0701965393101846,-0.010112878223231,-0.0176448330270142,0.155692325735482,-0.0309364137783846,-0.0295964024541132
1.03813495588256,1.03319199293022,1.24938332584104,0.714563538471154,0.342935779268166,0.51184187480185,0.00378016957246706,-0.00659707793746068,0.00276600099119715,0.0252801587717387,-0.0121617939246072,-0.000610458424301981
1.97488197109196,1.05425161242927,3.35751928985725,0.639388587966688,0.777051544788611,0.391852971667531,6.21714696307211e-07,-2.06073940319128e-06,4.87377793912746e-06,8.6555043320059e-06,-1.66810490890354e-06,-7.71500661445142e-08
2.04672647129046,1.80856544738518,-1.80599743239539,0.512991883500259,1.66342149053601,0.445948890688503,0.0148100815049428,0.00608855270957531,-0.00337555726254454,0.0396003886515182,0.0129879894781147,-0.00447646045605983
2.21647822574014,0.42660586254189,0.978590314652764,0.526571762743783,0.536373921620766,0.465912542532269,4.47294121380218e-26,-6.52737382606781e-26,1.8647891518328e-26,1.23804774785735e-23,-2.04353007160985e-26,-1.74210783938414e-26
2.23462824684102,2.0298172171332,-2.51695772329048,0.523497631606988,0.537279196805082,0.619800335388583,0.0030468639537592,0.00813165465122617,0.00949635866877455,0.00828455945764925,0.00652883876697411,-0.000554435534429028
2.20224860865856,0.975074758612464,2.00183387804631,0.420642363383847,2.06735626128352,0.245464563901322,6.58836787507786e-06,-3.05144791142217e-06,4.15881652727374e-08,0.000140901978988863,5.13464427391133e-06,-1.29803398992508e-06
0.8111538433237,1.18404536600871,-1.89462310151843,0.382599498616596,2.18057432259049,0.0436065874112177,0.0533503577442602,0.0119004391794926,-0.0136393391921965,0.184441650933655,0.117249923014379,-0.000997061697261312
0.601487054803874,1.10217699702173,-2.71942576290416,0.491319499137167,2.82233763825885,0.191611726175323,0.0993228000311075,0.0186848059863356,-0.0191637048274764,0.320744035776494,0.137341580521642,-0.0100451986149531
2.71945294621401,1.43281464921549,-1.75120983067895,0.433596490818262,1.47908522999701,0.562737450471657,0.000503013635127622,0.000296272637623608,-3.23190938782649e-05,0.00400151817143992,0.000575816531527237,-0.000204129835790385
2.81914373115869,1.15689420876556,-1.52243145860355,0.372727592986785,2.37539964090382,0.34550554822877,1.36194089822549e-05,3.0950621792745e-06,-3.72221706026164e-06,0.000222509815674898,2.14311988288052e-05,-3.4674994202754e-06
2.9034623584128,1.75200440916354,1.87281753846079,0.485737760265477,1.85847591297908,0.35521284390454,0.00168520381681618,-0.000961813477100589,0.000196455117526548,0.00714646660118435,0.000497676230958261,-0.000455068639742358
0.366127600276377,2.03531221062024,-0.402537437451499,0.505043379699966,1.7672155176529,0.438328476571529,0.716991983187891,-0.292204416204109,0.0111988772085784,-0.074214335917857,-0.10452231829124,-0.240272161196545
1.19090295983478,1.64842922659193,2.61044668824194,0.569921921054077,1.299244604838,0.113432684200646,0.0109617199334572,-0.0147331876777585,0.0200982610019847,0.0132339423019255,-0.0139949810079221,-0.000747650443019996
2.60199640480569,1.04732598563352,1.32264782404238,0.444865240310785,1.49301006389508,0.504230697133513,5.44387315120899e-06,-3.13768273852906e-06,-4.06270233076315e-07,0.000111240000912235,2.83019298789888e-06,-2.30245771058058e-06
1.21367982157972,2.02210169455971,-0.0999836545587608,0.505248679010597,1.54575601587919,0.375706347673792,0.122077706117097,-0.0289775115581898,-0.0475228796406444,0.0984238981527928,0.123315014441303,-0.025573312470005
2.51956377190072,2.05110490697396,0.371066760160909,0.56887057073392,1.20862647512724,0.424263730828626,0.0177792371930123,-0.00796371836588019,-0.00719778479409897,0.0368957227780742,-0.00365702742217734,-0.00602822936695272
1.8777040049783,1.4330146586231,-2.93270519897907,0.532422189408066,1.01246590879377,0.241757606858649,0.00144436671300719,0.00233760644784176,0.0028932513467279,0.0080761707345727,0.00204333828930159,-0.000211928542459362
1.60808575963601,1.39083355979721,1.67405973815225,0.506918336926014,1.90561358180984,0.366948749280291,0.00674130439845267,-0.00334985420584551,0.000157408660825892,0.0305736979560729,0.000623754651011366,-0.00188736391720763
0.227019462757744,1.4334737238614,3.60318788740173,0.48199403734152,0.815531500480399,0.209961927441729,0.0318665661577724,-0.0409135490888933,0.0378474326295295,-0.0611853707605718,-0.188186018574222,0.0131451499672972
0.436197242641356,1.22132902758559,1.79717407112782,0.517143226711812,0.430419987256576,0.224043138538691,0.088994449823692,-0.115633431604288,0.049408600993468,-0.00663806845478628,-0.191073944472083,-0.00814984160430222
2.82825022521429,1.18980293268785,2.68297227224538,0.501249159377313,1.18430243127965,0.571946593416621,4.4806272439548e-06,-7.3714741316344e-06,1.13483030001139e-05,6.59358529739202e-05,-1.49040532600105e-06,-2.13113787615949e-06
2.1891489209258,1.11157446226892,-2.24114794781861,0.555772228235199,0.401403757729645,0.421653774364403,1.57555938782041e-05,4.97138657134758e-05,5.2789011323326e-05,0.000235200932970818,1.6836939925427e-05,-5.04023262852109e-06
2.27552477364661,1.06983027820267,1.74482029933157,0.544878634076221,0.63411246014097,0.44888299100232,1.00208062493163e-05,-2.37100533046827e-05,2.80535146088876e-05,0.000160932078962429,-1.15048813123201e-05,-3.22160353736204e-06
1.39063568542479,1.67916688030293,2.32185799273262,0.535623780152742,1.42896586474714,0.265360789761058,0.0131117347024057,-0.0140781474470187,0.0148345922552991,0.0215263402074236,-0.00741393011643314,-0.00241893259374793
1.31707551123109,0.641673331467782,1.73036636704184,0.54474885463203,1.60489259810067,0.302439921416913,2.79467425663107e-07,-1.67067796551756e-07,2.58685357011658e-08,1.28508344084917e-05,-1.55786600389977e-07,-6.8108375334086e-08
2.14015464084223,1.20766177068297,1.71320646791009,0.520830992030597,1.24831861277318,0.453959699576885,0.000276716897793959,-0.000273661276143395,0.000167736102912798,0.00283769658359375,-0.000104498254431,-0.000100967236223667
2.31282912506722,0.93397456361053,-1.41101822147504,0.630211104491217,1.53987376232377,0.71994955527528,1.79876909670377e-06,7.55605438866352e-07,-4.97417664317331e-07,4.69966236903388e-05,-2.17007990216083e-06,-1.28725845993597e-06
0.876174471760169,0.969786354212487,-1.26712636404303,0.360540647247401,1.48603728263489,0.0689849620120873,0.0170286214802784,0.00440822009548852,-0.0058577100173345,0.130618637962065,0.0364927861421206,-0.000659113586602899
2.81530929264845,1.19462461061585,-0.108903456896923,0.451204581507217,1.53433920096487,0.823886900993887,3.70624977622108e-05,-1.36332279885727e-06,-2.08548373986494e-05,0.000546109877218954,2.14374378069253e-05,-2.72307777761331e-05
0.190841514396016,0.922134654481984,0.918389110557285,0.409394117305796,1.98297181435906,0.165438646594102,0.838474258241782,-0.265601616866125,-0.0133964023885791,0.534157163591388,0.675938546226725,-0.101277250687417
2.09663530229591,1.44354697764718,-0.969095049684897,0.467767096679231,1.78471205501862,0.835116936689098,0.00304485962091243,0.000511388598836179,-0.00132254491449153,0.0174833581394832,0.00168956354377346,-0.00216669361989682
2.19756337542785,2.7582700767863,-3.77978996339549,0.409342203857497,1.50627378970601,0.310064380423027,0.00761648880392148,0.00903226235328019,0.0119400735863558,0.00627560859064573,0.0268465837977442,0.000952789024448422
1.5642154089408,1.38149272691879,-3.9846572948753,0.502278599536154,1.2832574065915,0.462848422317756,0.00108879353362412,0.00167300279104954,0.00269100315375682,0.00565628649796329,0.00177046658171862,-0.000262466337656822
1.04878955098102,1.20507236471805,1.57458290369528,0.458831192525779,3.09633025475206,0.465805535616422,0.0158960505822065,-0.00319483096195867,-0.00267148820815011,0.0705728123575059,0.0120169121154425,-0.00534397915945965
0.259783785929903,1.74662170519629,2.18967530960227,0.33576828149341,1.32816776826819,0.168662797501339,0.247867599164601,-0.194776112837323,0.145730669544997,-0.108445276079388,-0.543115284798968,-0.0418749307069335
2.04434355784906,1.44641230441491,3.11850258759332,0.555945817978539,0.38668981528858,0.180631663403309,7.87273433133461e-07,-4.31982793282443e-06,8.69012040921912e-06,3.17403534023905e-06,-2.98404403930958e-06,5.60981275429667e-08
2.54551104785642,1.0773251720056,0.373873317031854,0.571848482416909,2.18443309773562,0.262791556661136,1.46451291617957e-05,-1.74284837042981e-06,-5.74007186373944e-06,0.00026871772870102,-7.69103849897442e-06,-3.15926251297633e-06
1.30485542541137,1.72698226664401,-0.732639030193639,0.453239281873029,2.75018018276894,0.313644832890232,0.0450283163844192,0.000630885549035013,-0.0148175442254553,0.0742125990863598,0.0648967997116345,-0.00714076593804784
0.865607284556609,1.34170227639161,0.520480034427697,0.444410131502699,2.17786699943178,0.265353070869635,0.0753254081793611,-0.0155768054066718,-0.0207324657093027,0.1707178647,0.084823385565498,-0.0122746106947803
0.598792248091195,1.75906246936583,-1.18966027845372,0.506086886532317,0.787709652889246,0.534101937124876,0.57930147268586,-0.0988442567195453,-0.170130198031901,0.314489010725161,0.681505251247508,-0.195892425566417
2.38557919561863,2.47152935828646,-1.40780972122208,0.459981347563229,1.88788959057988,0.181197702714656,0.0281937927042847,0.00655594745848469,-0.0104746998978696,0.0289892790427626,0.0493982512007413,-0.00200305659593277
0.913698286993895,1.13071139043279,-0.164371808994376,0.497209366293077,1.44664421759066,0.240936066995131,0.0477304912795876,-0.00680122672731925,-0.0202128579702009,0.224538153500064,0.0250656351720317,-0.00842396629537215
2.43006275398657,0.921210285670448,0.766927452237681,0.320094763307788,1.91276917238222,0.483195885611676,6.09982615090518e-07,-1.35446138689618e-07,-2.2896578331571e-07,1.74027329357712e-05,1.23591536754955e-06,-2.4271831651418e-07
0.946344272023998,1.06737330292098,-2.78123609641482,0.523145970648934,0.720724734575489,0.197594572549798,0.00951339725628279,0.0131828551950393,0.00882696030848106,0.0656375160838528,0.0180761442499997,-0.0009191631050857
1.9488510449999,0.85898285309733,1.95840776235314,0.688900870148015,1.53529664065517,0.187765722649067,1.44312359684647e-06,-1.13588212702372e-06,6.00860908728374e-07,4.033527755627e-05,-3.18078598685938e-06,-2.087611718364e-07
1.653491126874,1.31943639931903,3.81203545533287,0.574470013862861,1.33207931391984,0.210014526039554,0.000207340910188707,-0.000371754529069457,0.000771912432777653,0.00108486659018754,-0.000321121982877189,-2.6334060583378e-05
2.62173458681209,2.07551976378956,0.593595129608832,0.565805970248903,0.307731899906694,0.145424637371881,0.0131069325139264,-0.0286152803333717,0.0107731828664714,0.0224391563802664,-0.0189875409830924,-0.00125144316504193
1.5453304249444,1.30101596592034,-3.17137126053535,0.459185264836262,0.88684604527711,0.54794969700101,0.000979246518215627,0.00186928761929553,0.00256495559232759,0.00613061942068265,0.00198857068217627,-0.000202111819993492
0.712260819319636,2.1727866736326,-2.60957422249981,0.531395851901195,1.1947281255806,0.710309718225737,0.440410927473488,0.106838552226635,-0.136139939451178,0.342366060336658,0.7941268532153,-0.104934225507416
2.13897917331196,1.54999763107104,-0.682616508479924,0.513976861890948,1.84141960031233,0.319818188442621,0.0062005422378575,0.000493742361522271,-0.00288353359483893,0.0285085374217604,0.00277039183003415,-0.00147457035049915
2.03216347350972,1.13086879113901,1.51441661169133,0.486379243098896,1.1308269646146,0.24352327213847,0.000217628858519717,-0.000219338288016038,0.000111127061175228,0.00260981559279091,-2.35089183606227e-05,-4.21247835180209e-05
1.216374290362,1.24979817439407,2.01493672782033,0.533960647202636,0.896061345104011,0.343815196238583,0.00466196442847411,-0.00731843232978264,0.00773952715486663,0.0193957175300348,-0.0055286972191446,-0.00107142303827752
2.46943943746155,1.10350565694064,2.4862371535483,0.40924992306227,1.04401145793421,0.499460077216475,5.0036776650292e-06,-8.94719486578955e-06,1.32171352389508e-05,8.05914921614972e-05,2.34390938137931e-06,-2.27576785561455e-06
2.79925659740111,0.821643187253022,1.1844781723903,0.48454803948743,0.614297026146128,0.703613253726662,1.05882632526471e-09,-1.90929605327543e-09,1.23301762302988e-09,4.9910438240692e-08,-8.09529496721961e-11,-6.67560217068812e-10
1.83866484597092,1.33261543781563,-0.799491292186676,0.487373371012167,1.20882522882246,0.203147276218817,0.00584677042149235,0.00129579355021119,-0.00317453522224537,0.0374317483096534,0.00430838874234463,-0.00086142337997526
1.26058260442223,1.15384298392998,1.18383370004557,0.683873517342531,1.7039019885988,0.421467205969404,0.0065190501384018,-0.00314674327823302,-0.000407874945046956,0.0424896896621898,-0.0121015160076425,-0.00242461664724642
2.5373291773838,1.43729638909674,0.900967775118964,0.508719244042661,0.637048342479539,0.175269635623099,0.0011288458281585,-0.00167701022570198,0.000689058978215663,0.00778007372083321,-0.000568499728279278,-0.000152694800285653
1.10712810173864,1.39094677665844,-2.61242949903492,0.427658780538946,2.45683013513937,0.291584959616962,0.0285891130164017,0.00848251018521701,-0.00392291801854142,0.0855874792033167,0.0509816912139785,-0.00396435055209212
0.262247436575126,1.42158671309874,-1.10117108384297,0.579749375725841,1.12162422110912,0.347821324386901,1.33828044866556,-0.531735888838954,-0.0424320142804624,-0.205829952891523,-0.616525735568002,-0.364262150533587
2.51805584405083,1.44060419313778,-1.51398551528763,0.443844109617785,1.37694903358106,0.214031243364891,0.00117610009483949,0.000644878986736262,-0.000218945413120361,0.00839587245685978,0.00143110907941521,-0.00016908831433611
0.612993590976112,0.727709113447995,2.2606611656074,0.499706865211629,1.45228612593313,0.321487603811532,0.00466561733645124,-0.00355393813142214,0.00212573298789978,0.0589375159403321,-0.00201565637620129,-0.00117262292650499
1.28033160569612,1.51515432449618,1.17385070681789,0.55717007762124,1.21600259472079,0.579052324568891,0.0278946332076663,-0.0223923366796894,0.00707665220341255,0.0652126255528278,-0.0157432592181799,-0.0129399497217882
1.71857342760777,2.23546412661108,2.14450570370503,0.500409401758559,1.44156245536898,0.185968098140071,0.0176498425430939,-0.0185487234333189,0.0185530684459229,0.0114022313344035,0.00013362732832152,-0.00210778124048077
0.199630942509975,1.48810130930095,1.66437418842641,0.284341200984486,0.886297967029984,0.0270967253684356,0.511208823699749,-0.333760232785263,0.114987870266345,-0.131910289926355,-0.68818810357313,-0.0232590567797238
1.76712394395145,1.38608983669854,-2.75134862767886,0.609454392778477,0.226236383392988,0.329983503973313,0.000284894630599019,0.00104221364351654,0.00075899484974385,0.00191493534793024,0.000586159167219486,-5.32722961386001e-05
0.563646791107021,1.68772902031176,0.563311716454272,0.578471647951771,1.82815024897645,0.022444916069213,0.312592322382919,-0.140245722215084,0.00334342034673136,0.0980121984376672,0.0341535487432765,-0.00410054822340551
2.07141538580181,2.45769950348097,0.431873121690245,0.482878948854948,1.57498198426363,0.806971628736231,0.0373224353971088,-0.0134115349054378,-0.0118548897956999,0.0313236116367793,0.0237849279930668,-0.02269574889058
0.871709784131963,1.4959809415321,-0.243595963144538,0.561520501212447,0.406267206521268,0.531615046989534,0.205066837851157,-0.111058932856799,-0.0360407551604716,0.288563021542891,-0.0554256683197603,-0.0958822334446497
1.44073882091325,1.28352593970303,-3.10524585259972,0.543667566993649,0.820101959930627,0.101916212533791,0.00172068245536399,0.00329800623506439,0.00415203065564968,0.0105945166463723,0.00322974278506299,-8.71730159118312e-05
1.45408741430147,0.783955126762567,-0.0643174083913868,0.464650161673517,2.04874464992797,0.508336223731702,1.52371606055951e-05,-5.99853291751721e-07,-6.33448185044197e-06,0.000416789153477973,7.47641375785301e-06,-6.36385716812174e-06
0.601711288793012,1.41936259661803,0.20622462295807,0.520958365622487,0.572863918980893,0.652368429342583,0.256561487832794,-0.181723753554765,0.00609909617015349,0.174867198375568,-0.0677713191833081,-0.142413364870359
1.07073201175081,1.6349848631999,-5.54439087967773,0.483922612722366,0.929552955893679,0.452508288677574,0.000296706630239367,0.00077282934926878,0.0017202628409224,0.00090386258127676,0.00138395916122216,0.000164631760712406
2.07516441171756,0.941873301336339,-2.09912457552414,0.510927162742665,2.39470683333093,0.399174715653992,7.16361120942454e-06,2.15013932780721e-06,-1.21295139810967e-06,0.000161810355790495,1.43350166226768e-06,-2.32476765168096e-06
2.18574509983882,0.510583848082139,-1.99023769138718,0.537238258941766,1.70012578276998,0.0782384179719362,2.86998807196521e-18,1.59854913804885e-18,5.6340986364921e-20,4.54478640865873e-16,-5.05198041254791e-19,-1.84932612271891e-19
1.91811336665414,1.18513238135228,2.40472844661264,0.597022589100083,0.330475749673127,0.163205277463793,5.86698391653247e-06,-2.57654577939756e-05,3.4323026402928e-05,5.01633911953866e-05,-1.88630617653401e-05,-1.46478528400792e-08
0.195347908954136,1.77249996983024,-0.347747001150544,0.502747265400473,2.25569896810156,0.736846059225252,0.982564201984714,-0.359627846587922,0.138993088702778,-0.42328836563686,-0.609223939156673,-0.619350539028158
0.451550440513529,1.15147325853333,-1.25847288408974,0.470915995689361,1.96385010286904,0.250675144296486,0.36296503130485,0.00217344041990542,-0.116738861750073,0.652038745857652,0.566785307413876,-0.0433941711694239
1.7015486570308,1.62559644632688,1.24915999243753,0.473156859647548,0.905568323408942,0.420597736512504,0.0126900426830869,-0.0153197984212214,0.00865853359677412,0.0325488249475623,-0.00117572838022108,-0.00420594954768772
1.11505236553494,1.38649642278659,0.261803757358199,0.622364930396573,1.94332589152103,0.43286350431803,0.043566596411165,-0.0095481716224881,-0.0139629578529685,0.1326600454617,-0.027848066166948,-0.0167087708150963
1.96550477349665,0.855262855226228,1.83754293288417,0.55322907684519,1.73772294759735,0.384203415750075,1.51618941186685e-06,-8.91678595558946e-07,1.65024555947848e-07,4.34241306174395e-05,-8.74190858079164e-07,-4.74412437261424e-07
2.59804762150161,1.43458117332279,-2.71077278782382,0.332002291477083,1.33660697706156,0.433627726192575,0.000251888490207985,0.000290492631802083,0.000293023473708157,0.00189931375497976,0.000648718596058342,-4.95510658234245e-05
1.04238914309535,1.23567145970683,2.37050648701578,0.584878965166996,0.55073058505898,0.307035433109123,0.00184348490170847,-0.00443531157057768,0.00507936276582773,0.00536855523835766,-0.00501102752054858,-0.000112835202492464
0.587740337511059,2.03974261242638,2.85086867894569,0.48205552035081,2.56561700260873,0.331373755054871,0.11130834825195,-0.0608678282310815,0.0513706586845184,0.00618922390649092,0.0235836701358964,-0.0193330092679206
0.503981719992589,1.33147916529778,-1.63799532032105,0.502828075528833,1.06866362763478,0.601001699969922,0.485827723126261,0.0284906784172566,-0.154876791312924,0.696988281454399,0.636332884948006,-0.172358274452984
1.28258857000619,1.88782448655276,2.5404525014478,0.522248635828025,0.839467133792503,0.328059730177581,0.00385991336741694,-0.00853496287888998,0.0136868387631238,0.00127995277722039,-0.00757462869068319,-0.000489638183070567
0.901717777340673,1.74254010482226,1.91149436430644,0.474870066188876,1.69379566188176,0.622936389329824,0.0592273889408367,-0.0424488270710595,0.0269888210477379,0.0385258290695555,0.0199436945666324,-0.0269353424028025
2.26659214546671,1.58486078510467,3.92497771156291,0.44505201843246,1.29804954938748,0.341306975399543,0.000102422982132131,-0.000203971603352958,0.000464872850804742,0.000421062157338262,-2.6997544084651e-05,-2.77875281887365e-05
1.6918474247097,0.907282551739661,4.15346863410677,0.56894374385734,1.36569838597954,0.535705173684441,1.23227690653566e-06,-2.22822218512761e-06,4.81904812438481e-06,2.43287673372961e-05,-1.50396448479357e-06,-4.74962096059834e-07
0.676865673670545,1.8657196296366,-2.9640737184508,0.502123633995939,1.59515906283976,0.389618511622196,0.295001813241934,0.108753544305385,-0.0505153083907471,0.283643200205037,0.796543538511559,0.00552142446522003
2.49364778816234,1.2529707311312,-0.36679683345045,0.521155695051758,0.738130639557027,0.517469913533687,0.00049767309611931,5.44517988663851e-05,-0.000381877652379291,0.00551531855647554,4.30225149847291e-05,-0.000216724248117651
0.21444529456785,1.36047669148491,0.174586976174237,0.530995900296421,0.611950763532914,0.441970366015626,0.766224288655882,-0.502731997623596,0.119358529694215,-0.643828303952319,-1.5680890177873,-0.177946360715724
2.48152795159258,1.07438578130144,3.46174395111656,0.466096857142383,0.696673939143006,0.0884109737045764,2.47352554169575e-08,-1.02000234651067e-07,2.73636357360435e-07,4.25640239499461e-07,-3.02469427657599e-08,-1.50130081981704e-09
2.64915386422072,1.0900328810112,1.57989275763674,0.743291252319351,1.73646713732752,0.0262797500353329,7.10528251993364e-06,-3.94900136216889e-06,1.74639398701464e-07,0.000130909809436676,-2.06577772039178e-05,-1.57036908974532e-07
2.44957990272669,0.882958618169044,2.33345649591546,0.453396160552258,1.84997900519574,0.434496195114979,1.0179377691868e-07,-6.6410330937438e-08,3.10166089784938e-08,3.34032512088166e-06,3.96262223344655e-08,-3.69540694318325e-08
2.67329868744127,1.59904375692013,-3.16146979025876,0.625159005969882,0.666077778763575,0.561453178719866,3.9751254169901e-05,0.000134835759654496,0.000272575285064723,0.000249773393526081,1.7155206772956e-05,-2.41439608002712e-05
1.31019775262102,1.63971572689465,3.76006717566731,0.46543274687713,2.75711289028998,0.297650991131052,0.0124551019979566,-0.00647471701269249,0.0051802866896198,0.0225935214205472,0.00779122408026256,-0.00245971610786143
1.5121614424861,1.47613016248823,-2.32845262695387,0.518756766307921,1.2777324363955,0.535536418695886,0.0135136525733816,0.01057225640785,0.00310739515712577,0.0523592315010058,0.0132956378104372,-0.00502207707614954
2.44538463216741,1.99851883140153,2.23108845345134,0.448787471837937,1.76315839828407,0.0592585107324049,0.00582049292708273,-0.00429880638446399,0.00268068278399792,0.0119486884481352,0.0037120542782733,-0.000238238175453785
1.92369009186514,1.48642858505505,-0.73508465170173,0.425853604926444,1.27700611913633,0.36525817211975,0.00947205141036735,0.00173658354199087,-0.00520151031778929,0.0438936415465112,0.0124883050256259,-0.00228898423887077
2.90045775469625,1.22510641427627,3.13268273426663,0.522901464014462,1.45894392280829,0.175035083139523,6.14300182081342e-06,-8.32791802267558e-06,1.28484406750031e-05,8.482232337202e-05,-3.20329306111826e-06,-8.29319621813549e-07
1.63568564229645,1.12730078660612,-1.36025673784765,0.534154616576501,1.91656058734867,0.69532354464617,0.00132090992540495,0.000305002936549754,-0.000453710944450062,0.0129316875015096,-2.37466940040543e-05,-0.00081200751507631
0.546512792771682,1.48899179645566,-3.13759465246123,0.51166606445015,0.93421100277256,0.594908868060316,0.337436015176656,0.189059767619597,-0.0105124179634772,0.585257084643335,0.833975431773212,-0.0216780323146873
1.53299489880446,1.33399988403663,-1.49340816636244,0.473462073214647,0.294351774456464,0.408401709547849,0.0116797825576877,0.0167160877053808,0.00245014016696922,0.0649547118747531,0.0214189166737756,-0.00243293410656945
2.8353523187805,1.56270935388425,0.826806326386892,0.38768437485756,0.592199858093301,0.356285650866508,0.00129830879758379,-0.00192834090123468,0.000607789661847377,0.00770521885948245,0.000957635175688866,-0.000410541284821722
2.32487770640291,1.08661914969643,-3.22182550844407,0.453289429472863,1.19884059031696,0.444143452078059,6.64962996768219e-06,1.06804401352587e-05,1.63040827081475e-05,0.00010961172931347,8.57505964194602e-06,-1.98442116844837e-06
1.8629801296629,1.28908108400907,2.97836449182577,0.477675072291417,1.83722171314177,0.486062657196075,0.000688239134786288,-0.000582312640873475,0.000582688187831216,0.00480679907238293,6.5658891668252e-05,-0.000270086042703591
2.56144533627667,1.47946829738066,-2.68037452567281,0.463449519608754,2.29223662418832,0.360466225801924,0.000728303293144797,0.000310497025100928,7.86140561592117e-06,0.00485717764037811,0.000686470500654405,-0.00018581461853339
0.993981783546042,0.4519274889811,0.915106751770682,0.502304128262506,1.50627570233287,0.632207290663103,2.24929064960889e-10,-7.84623479401697e-11,-6.20412156513344e-11,2.28992768754001e-08,-1.32704630809555e-11,-1.24212891075956e-10
1.15546952227596,1.47071239716067,-2.02151401697954,0.579991964832864,0.610345263200248,0.491635207317021,0.054545240816576,0.0550352351467565,0.00763229492247315,0.1759487159464,0.0580841964691766,-0.0209708762822048
2.76971298649441,1.2475333733604,-3.79754578600795,0.399426102281972,0.690860317026261,0.429841748757362,8.17899553693815e-08,3.50916492912452e-07,9.72967319633291e-07,1.08445891102005e-06,2.33105991586696e-07,-3.9429550401194e-09
1.89822613879805,1.66761173839461,-0.932782223323033,0.601392722157559,1.43113055842659,0.357916089055242,0.0200017243527495,0.00314847451169434,-0.0103735125026692,0.0642761688592398,-0.00283915729431492,-0.0061483750388784
1.90658351259772,1.4696459134627,-1.02366123351543,0.461119330537997,0.185638767995568,0.377422998007443,0.013034898543266,0.0152081881407267,-0.000984318977409218,0.0657189685839829,0.0215984415573687,-0.00287867178531844
2.27236703732051,1.41693360299559,6.2265696518785,0.589172922927534,1.35560100795663,0.0494529968267599,2.06866788050052e-07,-5.98848443990556e-07,2.22692468839368e-06,1.22846124257078e-06,-4.52210807407425e-07,-4.42514491955241e-09
1.19720499906689,0.852248987645703,-1.63975789796333,0.429591117089435,1.7610122631797,0.0829623007223446,0.00047996685409996,0.000162586762782016,-0.00011771400358532,0.00815727742117034,0.000578681112465552,-2.80178260465299e-05
1.8955431726994,1.85133985815369,-1.47280208938383,0.421325043992201,2.12245699022419,0.119682484164215,0.0196546021460065,0.00413706561550738,-0.00643942344549989,0.0411471340479143,0.0343642749975384,-0.00114321398371393
0.789809401903767,1.69019809753219,-3.2962601285186,0.517131861461797,0.823778547544804,0.293580913276436,0.108962125754018,0.119476373898238,0.0624791903828095,0.193787596520644,0.397906570604788,0.0139567527377255
0.131863102049101,1.63130134219259,1.34677288899613,0.447474696922152,2.56352572956975,0.698133484705497,0.737843371547359,-0.295218599909577,0.205960319761777,-0.453407992705935,-0.976680324108196,-0.433576212745779
1.00572655034484,0.937244004789002,0.934797798596841,0.451178607153801,0.234515862086498,0.369852095878653,0.00520408744477835,-0.00670705083867423,0.000874522386166717,0.0496263880750208,-0.00118799922909908,-0.00165052269022054
0.078446348849684,2.00636826848415,-1.40929714988221,0.40259092491681,0.892821361640266,0.534631333093799,1.55112779460794,-0.568320508788963,0.117512415917834,-1.28773679439898,-7.65194283580366,0.929478821152371
1.34346762447385,1.03413102700018,2.80375910412199,0.659897613840266,1.72591436397566,0.207107598930042,0.000627594374846992,-0.000557365544915214,0.00056354941766366,0.00624722244958156,-0.00118121425197898,-9.46414797906293e-05
2.07194165813271,1.34951620019403,-1.13234607965383,0.580650014206599,1.27939179443284,0.44487023552681,0.00270964375473487,0.000966293471533807,-0.00118974221984365,0.0194097788383689,-0.000564180150797762,-0.00105043127559522
0.602370442636311,1.71473696338116,-5.04416643450229,0.38908972626225,0.303102553555021,0.555421865357141,0.0128081848751997,0.0254551813800068,0.0132259633357414,0.0327687354938034,0.0931252879103604,0.0239866430585411
2.64808659417322,1.30149596435372,-0.62198974929727,0.502506444079505,1.5353632138205,0.138822381989445,0.00032253421940776,4.41917434561159e-05,-0.000171742864261459,0.00337675850084991,0.000115539890750646,-3.44265447372308e-05
1.44350457652472,1.21210499966524,-2.04616655735678,0.427168818125865,0.805432748430967,0.435967414737618,0.00427278101768957,0.00528497606456787,0.00271877125363906,0.0296058608170815,0.00850510878781228,-0.000863163413466521
0.339230069541372,1.4222437835542,-3.10831509944465,0.522751586272967,1.53482933442548,0.476555453348092,1.0048333757073,0.13825312280246,-0.245595917018147,1.05154553663824,2.19183600128437,-0.109433391628381
1.21332715412136,1.28271962819811,-0.677227990437538,0.49252508298353,0.9447685846256,0.769153297610541,0.0323708014135386,0.00228337497185954,-0.0172195775761241,0.144332872475044,0.0143369574855427,-0.0210984803764032
2.2063846527948,1.7205667218861,1.49572360514532,0.485308283236842,2.33420483695284,0.35746962983929,0.00617155882712938,-0.00196451641554082,-0.000978676923090709,0.0199800893569275,0.00315923556370686,-0.00159473570413495
2.07754860888235,1.37722665598321,1.49733802454242,0.53212318908554,0.581379885381151,0.45326952863335,0.000746349695560933,-0.00167220348274777,0.00165305384242236,0.00449577756106495,-0.0008655021023892,-0.000234988426658114
1.82307045233902,1.07648562398006,-2.67415213717703,0.462643744718349,1.01830389586796,0.467538911110171,0.000109280669619548,0.00016439731035876,0.000181905412857501,0.00143350369578605,0.000147211765817001,-3.30263648423967e-05
2.31159959416837,1.03153761792846,3.56384764175013,0.427201074661199,1.60906888187385,0.330143040641908,2.32471012347864e-06,-2.88971926930174e-06,4.54265290304119e-06,4.34743505548074e-05,9.5192942118834e-07,-6.46763012989232e-07
0.20391469176393,0.745775414549596,-1.20951668711554,0.43446507683235,0.472386382404979,0.0232997694205085,1.13351001801725,-0.0839437807786235,-0.10148598960073,3.12283262821449,1.71864038793287,-0.0174317899467601
1.06124719568761,1.57826624747515,1.08913428523179,0.417586299336401,0.752336722825112,0.207828641136916,0.0539310773727496,-0.0611722508608084,0.0254406200102544,0.0661546589702251,0.00715188708715842,-0.00917235793587042
1.6975647928426,1.49895653946076,2.43630434054971,0.490305293665253,1.52488170323572,0.182746534168712,0.00425912984579133,-0.00419278457205305,0.00406703160247101,0.0152057829576083,-0.000507232471671534,-0.000576335276494414
1.33503056915943,1.23364958010596,1.90808402111015,0.486293205306215,2.22531831851131,0.0768247643188928,0.00691098554452823,-0.00285792084751323,-6.74012406340602e-05,0.0377699945125063,0.00212096863001793,-0.000390077067506425
0.860483128507622,1.42852028100476,3.47008397796292,0.557226272069314,1.23350134969497,0.818014008477071,0.00414193661659307,-0.00654283728915235,0.0109196901786393,0.00439957783867995,-0.00506884662982611,-0.0021233802915025
0.396063008508645,1.67552923872013,0.695296757178708,0.48810654231487,1.86613825082734,0.140686677667355,0.446355290268271,-0.205133621111599,0.0379491537553948,0.0213381992483928,0.0401799172106536,-0.0392592806127869
2.9581966191181,0.70312827602582,-5.01769201354187,0.48956298091375,1.16774434932667,0.800836866371002,2.87395259622399e-16,8.26305135837167e-16,2.57731150224852e-15,2.34887554737601e-14,1.21029896795757e-16,-2.02629694598167e-16
2.78457244195743,1.56740894196498,-2.68167767344137,0.456248687916135,2.15860894026164,0.328686229489526,0.00074208543210288,0.000357729639168885,5.32401367957253e-05,0.00450328701718695,0.000782859788390463,-0.000167811123742879
2.97056008495856,1.40991255233534,-0.854561990518873,0.502759796448923,2.34966016660775,0.347722945509883,0.000238933868999186,2.5057598205054e-05,-8.96343243415632e-05,0.00219485190600697,7.69331351343336e-05,-6.4917313834554e-05
1.6909988862928,1.00393414696322,-1.59889188709173,0.392602703308552,2.32494127654253,0.465984378681562,0.00019429087778646,4.37360567331172e-05,-5.23655849295695e-05,0.00285040777363995,0.000273791490013634,-6.63336580839622e-05
2.62176580210216,1.63885617633076,0.692556194520216,0.520037977581535,1.21182946761279,0.421848686401605,0.00347516713784426,-0.00191116483605598,-0.000996030871047538,0.0164199122716219,-0.000132857999496907,-0.0011611474097339
2.26970097254962,1.91343639414285,1.06548186056649,0.521633716029095,2.7418193607768,0.377731014554046,0.00971274527520118,-0.00184238294643228,-0.00238472432999718,0.0228348657800086,0.0038058547539427,-0.00263300044947289
1.30170866358094,1.07252500877085,1.2742806638528,0.490088440720918,1.73746250808348,0.297404272266936,0.0034223335725543,-0.00151740273994892,-0.000399192093407428,0.0293802378322931,0.000553277575321106,-0.000791742131823068
1.2931374031934,0.969353719325424,0.298483945661496,0.488154242046941,1.82717799139971,0.239497612155719,0.00164568470793684,-0.000266412770227415,-0.000652011264284047,0.0198635307689744,0.000560164575268826,-0.000305052535920295
2.06352580108214,1.05900087167831,2.56854594962521,0.465975920465191,0.727681859829195,0.452471267459245,4.40800894085653e-06,-1.21759213825856e-05,2.13238936637087e-05,6.50731543566693e-05,-2.76420750817939e-06,-1.60522870524657e-06
0.410052457358688,1.46461153903469,0.621327436263633,0.463327576454494,1.17168186706205,0.446783511401138,0.383068935246223,-0.228781267887562,0.0484868783820912,0.0360873591180832,0.0190426493889441,-0.132088104931816
0.913504711259157,1.3784929189034,4.58573538163115,0.490295310135891,1.37208945967365,0.189037001127759,0.00101559203317361,-0.00181420404175338,0.00397969191394785,0.00142341889683087,-0.0015738532086872,-9.88835998731356e-05
0.635554933489766,1.37461051859229,4.28225256527854,0.341730704833169,0.908091942524456,0.391371317791895,0.00132728987378585,-0.0027553507791255,0.00470301411421501,0.000318535106856502,-0.00167358347514608,-0.000495807033586797
2.57058499902487,0.90684194593762,-2.27459126342689,0.536244692454939,1.68663884718015,0.405731947792597,1.31428932758038e-07,8.47555912649343e-08,2.36712730143168e-08,4.21292766279939e-06,-2.18938617527504e-09,-4.4710448520411e-08
0.194802035973407,1.74228642504204,1.438025431717,0.550090803776825,0.729532608102466,0.523545265792052,0.177425883106766,-0.16242294712773,0.0892314332918944,-0.26365293096031,-1.00545204547969,0.178777011119951
2.01483667145949,1.24417135076282,4.7808335873151,0.54739837764748,2.37840169156978,0.460587975893358,0.000113750569695803,-9.45140306832039e-05,0.000142853224346808,0.000987773212091189,-6.30576004369996e-05,-4.1591955273339e-05
1.22246719326358,1.33189088875907,-3.44709835289087,0.435053067584777,0.96974690526569,0.539339170980309,0.00363482451863266,0.00599269271306817,0.00760283802419683,0.0166118584017003,0.00930910877289243,-0.00026560700537463
0.151429322129115,1.66747746839907,2.86969058029303,0.777951237549895,2.23321152964466,0.246360503812552,0.0282976875867279,-0.0267453940902952,0.051218638671021,-0.113177948663011,-0.256951343315019,0.0395303701086076
0.531867127737496,1.84939302820458,-1.86256277398002,0.398266942550972,1.01816092822336,0.546007100395378,0.572884398736557,0.0458491457350205,-0.180076496369464,0.350030774457948,1.50802714950372,-0.0481384815291232
0.771204716747161,1.63885994781835,-3.88126127121497,0.430624847721939,0.388681337615851,0.704260645854703,0.027353180519238,0.0486776948884567,0.0267556856753868,0.071893399081811,0.121284161960084,0.0226482515619221
1.31279544830322,1.45336825114912,-1.75804451991602,0.514192939967961,1.2074115499134,0.0858380191185611,0.0363826228751747,0.0194721171306425,-0.00720173552182949,0.121816059400349,0.0462438771234099,-0.00188003815316876
0.128736546670552,0.773123237806938,-2.60508750783102,0.567661545568404,1.1913224103746,0.67526779807375,2.66787593501231,-0.274019748958996,-0.270085192072064,3.77526806173001,0.733997282081243,-1.667405284166
2.09849625201896,0.898083361429871,-0.905931740379551,0.50247441541114,2.36942731873342,0.564666789312443,2.56280364700779e-06,2.89802340087434e-07,-9.18631952631935e-07,6.79471424633584e-05,3.8898010688695e-07,-1.221127608223e-06
2.66605295834597,1.47572539966705,3.23885048852255,0.528627933160678,1.23668696297315,0.392895699303644,6.08415705103598e-05,-0.000112623352804467,0.000218389181865795,0.000403170216780552,-4.90969119860525e-05,-1.7665935672701e-05
2.59150331364945,1.14964059989202,-1.35847679725223,0.448118958437064,1.67840111385249,0.192170792126137,4.30078629730235e-05,1.55553645854906e-05,-1.30900007174136e-05,0.000655774352968007,3.84846396866252e-05,-6.1554343220692e-06
1.20086105428636,1.24237646633564,2.17223329300604,0.525776617886535,1.97490926306945,0.35560370628116,0.00956291892998848,-0.00548396198141657,0.00222965170304607,0.0441150784680061,-0.0017581994805995,-0.00259227148990043
1.06466462259414,2.11655556511154,-2.67748678042214,0.529197840271778,2.0052614736202,0.198636303923415,0.128072984180441,0.0415989680648995,-0.0245471589076292,0.109605437231131,0.276932839481158,-0.00405437423875715
0.452931127953343,0.867848422356817,1.82168799691675,0.471970681913977,1.08616209698771,0.186272782193728,0.0684105490157848,-0.054997740481044,0.0261578198414224,0.282298646194451,-0.0314824280862266,-0.00979526778425872
1.09969325182028,1.44920459141378,0.410124164835079,0.531513995620524,0.401346958977371,0.28600347199783,0.0738355556421232,-0.0761931077604758,0.00416959883154742,0.15189545797945,-0.0477059235885799,-0.0165096236707983
1.4049482829636,0.887153806137209,0.227013157858089,0.483050898086718,0.525352013005457,0.0651653431935947,0.00046670037430428,-0.000251387139175263,-0.000177046142746221,0.00819856486772385,4.58183416147925e-05,-2.46821991714003e-05
2.61725661618402,1.5733533763964,2.69651763590324,0.542472511592981,0.722396268406777,0.433800331910205,3.10116566298314e-05,-0.000103109251531487,0.000223011854151134,0.000151089738331606,-5.25292210821956e-05,-7.21881313577126e-06
1.93641493030591,1.72792688171295,-3.0056164890632,0.536003326789114,1.31657326762109,0.602948110215691,0.00548655919961536,0.00608367855755154,0.00570000325027434,0.0174729175997959,0.00499906200374096,-0.00239877450467036
1.45861820578575,1.4450738598604,1.7347123355981,0.563043661933925,1.32119612345737,0.546905639208497,0.00949005483630993,-0.00887322014395895,0.00585012916232189,0.0317571944097343,-0.00706228633815845,-0.0040587267771937
0.606979492481332,2.09047098094042,-2.37994849421409,0.372450187883225,1.95126473735548,0.111773109919754,0.323416483357256,0.0643373817585829,-0.0904554919308163,0.195790354330467,1.08617985563005,0.00571923419013287
1.55361202403437,0.795303352740217,-0.357819602619892,0.480766498468941,0.799485006894027,0.627024958560587,1.6955984072352e-05,1.38561198534603e-06,-1.0416152393458e-05,0.000476894613214095,5.92519912455924e-06,-9.11200296952835e-06
1.45836799442768,1.74633602465967,-2.40707480696735,0.334001172294455,1.58949319290512,0.311655696802124,0.0233246758414773,0.0143503303805865,0.00252984992636017,0.0439031977203335,0.0730642198373403,-0.000775066644577429
0.57187801040709,0.925794961693225,2.53106985138295,0.543851741020218,2.00465729997826,0.367287285903566,0.0321629605864903,-0.0189659028057317,0.0112947624495309,0.156882466576705,-0.018297937276858,-0.00885335589824514
0.87781084200833,1.2812591046815,1.43140572761455,0.557153434141288,1.42039111382119,0.247976411831366,0.0475510238011752,-0.0337468504747,0.0126949468136825,0.12172839322086,-0.0272979261758298,-0.00866623745958391
0.387490724714007,1.79567456807026,-2.48624731514044,0.535750017132197,1.21454099134706,0.0978914607811033,1.26486471751572,-0.00103577359974292,-0.37717671254146,0.714122820380036,2.33235494108902,-0.0577389098334947
2.23371058998164,0.991140814721038,0.925972485016865,0.487007831194333,1.1992807926766,0.386660310992402,1.46334913964032e-05,-8.86492968480302e-06,-2.85336600395927e-06,0.000301475572268664,1.18549377127194e-06,-4.63602782613557e-06
1.51502995847259,1.55980866466976,-2.6402591485381,0.410882178316927,1.24523277174001,0.762413865603628,0.0107460258266493,0.0102364500819465,0.00618335120945266,0.0352985657184247,0.0194248899110245,-0.00352681445657157
2.93651940005366,1.75846992069107,5.33678756349546,0.554857084917378,1.7221591398574,0.424626560155369,2.53345159595848e-05,-4.33704939086742e-05,0.000114688643259589,0.000102858161238117,-2.364786053002e-05,-7.75812395327343e-06
1.9709963443689,0.93750981439314,-0.517005638818135,0.43196471381405,0.926556859451923,0.252081526617677,3.2676024083651e-05,7.39381788122077e-06,-2.05971745471031e-05,0.000706366394804403,3.16248410079107e-05,-6.31475006701239e-06
2.42708557483274,1.3526048791799,-1.87270883140374,0.516704440951648,1.41796210829087,0.779777954343786,0.000521700116182839,0.000338857744916538,8.26681442881839e-06,0.00444674932515831,8.90878818405354e-05,-0.000364264661463383
2.7384900943609,1.25661085802824,-1.3976240469797,0.388118075323889,2.03265668457064,0.221250921919906,8.89073094987012e-05,2.40556492145448e-05,-2.69500985270417e-05,0.00107945548985359,0.000132252864770178,-1.3940296958748e-05
1.49568755821092,1.46977849585624,0.425534281693391,0.55222000862881,0.370559299715555,0.0862071106436171,0.0297983939001282,-0.0357786010143935,0.00222749538872493,0.0937013805690055,-0.0268545444220348,-0.00194599809963945
0.188285810686648,0.908210596305402,0.378588134071808,0.43222797235087,2.0994727079569,0.0774869871120945,1.00902387222633,-0.255996740676049,-0.0813521683082869,0.807017609692221,0.95012285757199,-0.0513901533351359
2.19157735469053,1.39710545305256,2.91241098005906,0.471866813465899,1.18966880503047,0.321338954590509,0.000208964976405353,-0.000358531328230393,0.000599237337275007,0.00131174291178206,-7.08459906819556e-05,-5.24893712189855e-05
0.340728595783003,1.79178323648131,4.01873536369291,0.56271308824844,1.19040968900202,0.632411848132322,0.00929026529780396,-0.0131189373188288,0.019779363457734,-0.0108736487796198,-0.0441316515274113,0.00804710844060916
2.6698922879179,1.33410134280095,-4.19631512412693,0.202229542269946,1.87178902885106,0.180990565968649,2.30474835934773e-05,2.42980555549876e-05,3.68265810743951e-05,0.000223743438161209,0.0001124924300457,-1.12482121648521e-06
1.20966322622262,1.19385443759609,1.47462073056191,0.502892110015674,1.35202798018113,0.251296990363369,0.0101745644847595,-0.00755075923160591,0.00240405449570936,0.0537759600929497,-0.00164963958335463,-0.00195349924489304
0.403089233953506,0.915602387641052,4.21984009062744,0.559071862651958,1.0054535610365,0.206546378599051,0.00534174269628062,-0.00836167789276498,0.0116299744285111,0.00826182279431545,-0.0156338989300941,-7.53043426104395e-05
2.49181519025005,1.12950592405391,2.68711829176476,0.451483413933176,2.29914048795469,0.0173902050722527,2.12807895094078e-05,-1.0820353907802e-05,4.04628706460521e-06,0.000325517712823005,1.02843013203096e-05,-2.8969865160979e-07
0.849891123338603,1.03103781691658,-3.88711618190172,0.540884834609929,1.37900013534335,0.194491045342856,0.00763888190432862,0.00800339127531217,0.00814632960191103,0.0515582974087778,0.0113480992848552,-0.000875976358175146
2.85636691128602,1.62214386825881,-2.17631465400814,0.519006822731959,1.51926449437168,0.419556971277961,0.00111168299695306,0.00078465740961201,0.000207127128153078,0.00630049017030415,0.000630629896422823,-0.000354976699733444
1.96962131520268,1.70627615803788,-1.8502966889096,0.44089810507046,0.495639117493167,0.145658174935566,0.00851965280079138,0.0165547904579474,0.010348440789158,0.0285775555785378,0.0246213646639475,-0.000131705541035009
0.460629842441995,1.56946075551916,-1.03396129107231,0.552939175696533,1.22509327870889,0.350603324302546,0.726102725516973,-0.173578914509021,-0.183882678478088,0.360392459982443,0.540016830396729,-0.165714132884368
0.288612167839892,0.883698962160469,-4.07154901305848,0.495343539570197,1.23402028212967,0.424800953615464,0.388119298113658,0.189200445140208,0.0201824023361538,1.41169378437585,0.973770405900066,-0.0290187699395156
1.38163010205608,1.05516045677251,0.491509787635935,0.535681458459,1.76393757217947,0.151469298832281,0.00267015269739302,-0.000626911406495313,-0.000968087138664869,0.0262773661747839,-0.00028379946085318,-0.00031614850109069
2.67879602167523,1.55242747493177,-2.53469938094461,0.491005527506235,1.76417155434915,0.75401173936284,0.000769553967806801,0.000492269491360561,0.000167428135823639,0.00468169695010043,0.000388781130592764,-0.000481004993411381
2.37380804552231,1.03595519884797,-4.09770451141596,0.514379811549186,1.90216176688498,0.349675718885737,2.71344746075283e-06,2.60033306852271e-06,3.46290854226287e-06,5.2839895142717e-05,1.20442427668783e-06,-7.51668081044746e-07
1.54324972567847,1.5106168570073,3.55419988320621,0.428353464111546,1.65386849554172,0.318457107443039,0.00222839132669815,-0.00261842932414666,0.00400171692468556,0.00658511994150076,0.000560202772976282,-0.000558740293067111
2.42176926070824,1.59587699788985,1.47252643950589,0.525753377706456,2.04185397939305,0.180934709004176,0.00269269571740273,-0.00106897152812446,-0.000333100002290216,0.0127234431844282,7.72820743619816e-05,-0.000367567188397172
0.20491396774305,1.30133538000408,-3.89476866625445,0.351268913107683,1.47703881534463,0.653865966911866,1.4350524783882,0.174227411780443,-0.232766791069438,1.40471528260783,4.65826181254987,0.198723098873035
2.39611388106132,1.47963329917848,0.153991991234165,0.517016872434298,1.22619829727007,0.318097863218115,0.00308927704395448,-0.000762272165965468,-0.0017381921455906,0.0187367131129318,0.00038838885982558,-0.000768665484372792
0.795986156875733,1.57890164399034,-1.21544352215227,0.581137138499261,1.52239112563033,0.185722980261279,0.248651793407211,0.00400445432864387,-0.105487494339873,0.339506929293975,0.219119612202879,-0.0299290367593037
2.77486793816788,2.16222820582878,2.97942050701467,0.48906475861201,2.14383678193124,0.232632087765477,0.00372017791846582,-0.00252337699334589,0.00206113365907691,0.00690209878750994,0.00145583675841489,-0.000598607808025699
0.883963759150356,1.47518944443523,1.18997842295609,0.187534431777325,1.6263433632344,0.0427211339447218,0.0461378106861962,-0.0183766385658622,-0.00796435930970743,0.0646853614332301,0.206853049831656,-0.00168308288568326
2.401215807884,1.66485239270399,-3.04758612501919,0.476235243030896,0.989688866430676,0.450935836982721,0.000666204924549621,0.00128569111819486,0.00198578519943508,0.00301927477136944,0.00122251711161639,-0.000137274220312815
0.591492735175416,1.425319458799,-1.64621513674285,0.398328381355614,0.997961072461324,0.443809492811898,0.333111448745766,0.0717439352556722,-0.104525772625875,0.4363655468562,0.864884229263198,-0.0291174705411048
2.77942609995371,0.692922179159977,3.0053211652916,0.594310431195698,0.70219609281657,0.412231589167526,4.57569243739531e-15,-1.68856978547576e-14,3.99924115059508e-14,3.60986282905668e-13,-7.5655758167431e-15,-1.23158838052253e-15
2.79968879595399,1.68099119500676,2.49278859990402,0.417539751356116,1.3255853029445,0.173394206082432,0.000604989836428407,-0.000785213163215205,0.000971801352082265,0.00274654389023569,0.000293688480904076,-8.36886085738736e-05
0.596629264147487,1.54784986263008,2.97062726840949,0.564174102663226,1.83343758447012,0.378223886464419,0.0549143178908566,-0.0480093575071324,0.0572721503392565,0.0119086934366605,-0.0520494886438308,-0.0121764280402425
1.3639447805821,1.76211726216015,-2.25574239399707,0.553304055510161,0.265560721348877,0.734892613674038,0.0323089639638271,0.0567616720906079,0.0164775331980621,0.0873270533086998,0.0407806995104571,-0.0166491403664137
1.1028778783395,0.864438234508421,2.42049402917271,0.516268810313322,0.53780224563787,0.23100915206666,9.61856263010704e-05,-0.00022675762851032,0.000244341970979934,0.0013132411617244,-0.000153623141481536,-1.32177930867249e-05
1.65218596344348,1.39528793302723,-2.98877744696227,0.488851072384135,1.78027081770218,0.505113394085344,0.00431686979662859,0.00292201130595318,0.00149248469672224,0.0216554178561094,0.00446192193846522,-0.00147525399329552
0.0926261074608192,1.37429628748374,3.74604179830814,0.481368825246399,1.57361359926541,0.654617855563225,0.206558517299248,-0.12486663835605,0.0989145026352706,-0.266696078062074,-1.04641438789696,0.209571753791041
0.493338482652325,1.2998818951362,-1.48142148384946,0.505439865410296,1.30445841325534,0.27280938357205,0.491570938200886,0.0163298974231032,-0.169342729500059,0.688977740609802,0.753400969908315,-0.0672892898088544
1.13609501931351,2.03457128130358,-1.01453427333006,0.56065682745858,0.653171200584718,0.0732985614791345,0.275738791093284,0.00200354630231612,-0.137656196121099,0.237835070454288,0.338937955708451,-0.0125607435772284
1.01834463437553,1.33645348589846,-3.59778197568544,0.533503151565965,2.60387320168958,0.701081937309057,0.0234782706902327,0.00863294595826345,0.000448197267004874,0.0792733047222942,0.0112842242871734,-0.0133380326208929
0.432999358535744,1.54889337184707,0.665737098828114,0.58845824401259,1.19316015179216,0.384823446920215,0.334700983858759,-0.24380285362065,0.109201286581098,-0.0577530195601521,-0.376084207371168,-0.0806238674009615
1.29574312884361,1.79062290384352,-2.03791757273519,0.536409352673562,0.386487178863164,0.780711506096922,0.0614181597247062,0.0772016935977032,0.0135392348034423,0.139508066702559,0.0633464535204166,-0.0354856154629152
0.120478043612093,1.03400527202132,-1.97568405383893,0.515635730130521,0.986592984890116,0.402813614637562,3.21710440122174,-0.839107723191166,-0.0919612281859933,-0.699978825742286,-0.674127834093176,-1.24511576871938
0.351358873629943,1.33884149575207,-0.808600210442387,0.508860667277659,2.94951675034327,0.218924097052466,0.595869044213158,-0.0594620397478728,-0.133968219520742,0.453420627822659,0.84202228932642,-0.0483214645862174
1.37681366048055,0.880232568524206,1.32652733978024,0.44248917856762,0.131880315567499,0.169794579249829,0.000112154921357283,-0.000242582669188133,4.93337800069446e-05,0.00191600441477436,-5.97463907118471e-05,-1.58015205033262e-05
2.49801905864151,1.51090725362168,1.52413647620645,0.521557257380496,1.35046152669139,0.228037265606363,0.00136484852018367,-0.00112852762351622,0.00043198860138268,0.00794061933749054,-0.000322774283293971,-0.000239134231858571
0.644445630826522,0.86044719249752,3.01423406707328,0.385390976622928,2.30946669335984,0.520441058432055,0.0101383743807399,-0.00524202656234517,0.00287648469112352,0.0768048184448754,0.01041555977524,-0.00449100322997992
2.06110844346695,2.67668766629916,2.47165965311205,0.558725309931247,1.43102427856319,0.637210160524266,0.00903518139918232,-0.0113209724026396,0.0152952643864767,0.00337632300881743,-0.00490050989262267,-0.00419241052671556
1.69654654262122,2.08805439125375,-1.21712534542693,0.489145402100915,1.92715130403378,0.409213534029144,0.0488633049782022,0.00670448931055654,-0.0200086354353553,0.061249658336836,0.0658884791025767,-0.0101526127361426
0.900061933510006,1.57126648779601,-0.730517731535176,0.614379089673479,0.645634624682647,0.763152961388898,0.201646868621887,-0.040172636794391,-0.0740951219401507,0.299518078108442,-0.157533188696938,-0.177258948952418
0.3753324039164,0.848669393195308,-0.0428999178584689,0.426955297536882,1.65318507604196,0.182771877308371,0.248300883221712,-0.0427750233011393,-0.0636737134987593,0.977027748754502,0.286036946440868,-0.0308712404997608
2.68403620667523,1.35636870395779,-0.833676859192228,0.41902072848114,1.52726337682827,0.272224268353144,0.000441208380644151,0.000100816420976676,-0.000213775969494271,0.00409097077933312,0.000528668074569499,-8.60648537197708e-05
0.492366947187111,1.2773061394177,2.18831572768478,0.491904369908384,1.33341083965126,0.795606667476548,0.0776123606343319,-0.0690003176547973,0.056577475429734,0.043715591842674,-0.0227489452590821,-0.0523430968620147
1.50704331835732,1.29095201249345,-1.67115839313664,0.586612427740109,0.839867450129503,0.647472836845623,0.00886831940360127,0.00753315436748041,1.82266029553862e-05,0.0533265062825885,-0.000633058844908048,-0.00569334956553055
0.64046282095369,0.941079038911052,-1.92296503240925,0.656792831900514,2.22104588331519,0.210765163522463,0.0531083232222898,0.00785987427654193,-0.0155571400157824,0.331556853742277,-0.0327936978316058,-0.010795096864759
0.682014019216877,1.12041148503017,5.70471753691297,0.314868106734369,2.49673518474539,0.200969249928494,0.00544495508820256,-0.00440511081717179,0.00713447818595525,0.0152657093349294,0.0073900852238403,-0.00101318854837487
1.27856697025709,2.21380900013194,-3.23077508166279,0.537935745285579,2.44518160216319,0.106683562774847,0.06956978933956,0.0236260584600201,-0.0055310935958835,0.0606045214837101,0.138793192977965,-0.00162081806203397
1.06474783864105,2.1611148868392,-2.18965919719837,0.528291339157496,0.616096631439203,0.210479760765299,0.209038038822842,0.173253469550279,-0.00810402026464791,0.224132988139731,0.671823599229822,0.0066896831904244
0.250856470537838,1.53017258455573,-1.39631739277414,0.558834256613322,1.64403541861941,0.17338534434112,1.53024380383138,-0.460201497526177,-0.14336750677658,-0.0246208426362028,-0.0693414447800466,-0.197871036327066
0.135354378423654,1.24633354781577,-5.03813692945639,0.537129879154478,1.26598428288117,0.383440226496379,4.59986654401173,-0.0600493190908078,-0.578352867759081,3.08127297455666,7.94380009341252,-1.29473189838975
2.09546211923007,0.847653027712446,-1.01613200444824,0.567800966459793,1.70552944392934,0.373848375764493,8.20399032032239e-07,1.91028697618198e-07,-3.37144690792449e-07,2.60819455717393e-05,-3.51101694736127e-07,-2.60074330328856e-07
2.51168204268906,1.17981259381069,-0.825250069246496,0.481580038500167,0.82180030748688,0.162620793961823,0.000166428815917775,9.27579716448833e-05,-8.48647668816945e-05,0.00226626856334831,0.000116493336035973,-2.05259646818573e-05
2.74446397501742,1.95750180387132,-1.57658620672727,0.576885623168669,1.66615410638903,0.526865283659909,0.00718571306859931,0.00266051065639656,-0.00215819603019606,0.0209881616728254,0.000146014267184723,-0.00325535321110783
0.945743243582547,0.814102158537342,2.50356482105582,0.5579052966452,1.08498034413024,0.298429426702593,0.000413931047214576,-0.000551163206402449,0.000595751977633852,0.00593290052838542,-0.00053059911448799,-8.46993178018365e-05
1.242577093211,1.40908863816973,2.31170099404569,0.367967942117185,0.250234667052504,0.194123745454421,0.000954072099605477,-0.00299564197563702,0.00207968978759194,0.00209729332462189,-0.00141793191725733,-0.000147796926466166
1.54213674230268,1.07994485613529,2.69569360410134,0.357113893174013,1.0691175791501,0.327554053989091,0.000189396083514556,-0.000311899506587957,0.000436376125017461,0.00188268410215907,0.000138956889417535,-6.03916522372967e-05
0.202414473122917,1.21910128666725,-4.48984845696982,0.37257754884631,0.939418256102767,0.0547764001637866,1.18972917112218,0.457344725534171,-0.0264872363874406,1.82706163819985,5.93667888123706,0.062344736874012
1.2213597349124,1.40620198654169,1.0981584706047,0.540042537465216,0.926624191780901,0.772776551426537,0.0216772234019635,-0.0217168688315632,0.00854727085694681,0.0610209841355908,-0.0121371705725775,-0.0142488993739113
1.45264865434729,1.32126931532187,-1.98143196067708,0.277444436480354,2.76723298037054,0.10879497374012,0.00568805440991293,0.00117648968431276,-0.00121240028563373,0.0273852525509702,0.0179645900164687,-0.000296933677487474
2.81131901259068,1.72647715266571,1.62942552785144,0.695661788161578,1.60691147861526,0.251071029601686,0.00174675950442826,-0.00121906871029121,0.000412348110925505,0.00760597104266575,-0.00339551783867149,-0.000379805395630296
2.41046951252501,1.07980492408552,1.99525320393396,0.504168932251242,0.866340726032913,0.0530841601348822,7.63006813747783e-06,-1.45414440238373e-05,1.83372401339957e-05,0.000127872258783083,-4.9570126043073e-06,-3.08559699145311e-07
0.257460774772335,0.924164217329366,-2.65669545136659,0.562044295798984,1.01800220366419,0.295047358511511,1.13254976745358,0.138185487058166,-0.212870576250243,2.72889491952234,1.60179007949535,-0.211015465945215
0.713813964591827,1.15757299820468,-2.97242188231761,0.497255968568535,1.67793350023552,0.208880851172269,0.0698102306887136,0.0356907077594092,0.00289766035898833,0.250612943597299,0.121006058815822,-0.00681345257647079
1.50551409814507,1.4021338235953,3.63468989254301,0.12630810902327,1.06101895386343,0.171505141397936,0.0001633019457329,-0.000343575786754076,0.000670270732402002,0.000618484598211975,0.000983470996139393,-7.91841583404255e-05
1.6857859974145,1.16634913080124,-3.08258950042328,0.525653163399737,3.09771532830579,0.584122826889656,0.000833744650756745,0.00022205258130832,-6.99819000694658e-05,0.00756101171556275,0.000146756768992953,-0.000404837096715079
1.553878444375,1.29249806495381,-2.06054335946687,0.443120281318269,0.470937293399951,0.37558645998704,0.00338093285356774,0.00651346412959655,0.00408521559304432,0.0214020731098556,0.00820236358053709,-0.000366221683934865
0.417112931224983,1.34178600769997,3.11996649911179,0.462102628354829,0.354203652069639,0.384963649343874,0.0132200585341198,-0.0234008265855523,0.0128965786337961,-0.0112400582373181,-0.0442459210654473,0.000949682936528788
1.20126924123615,1.99925297130469,1.05274549826154,0.520718250948029,1.64318409224854,0.273470059212,0.078490836095613,-0.0427541131529868,0.00193091537016539,0.0544836774908186,0.0349510376866927,-0.0132203399785706
1.0298975480604,1.43854364669311,-2.04842915782402,0.502751777740553,1.36137846491162,0.345903086783819,0.0692682974760954,0.0324788206337216,-0.012437971507108,0.183067297787951,0.103506618937273,-0.0127329789259196
0.261561708489899,1.21143791003325,3.45481212073067,0.589774154519598,2.04515616475585,0.509682334215616,0.12636799668474,-0.0944924625507649,0.11386812990797,-0.0720941538147723,-0.23583426171173,-0.0238406941630404
1.06047325815307,2.11809743764865,1.58053424616141,0.598806362447972,1.75518956682321,0.0153793303898863,0.0792945421149935,-0.0547171758047992,0.0316827790078682,0.0281941619784315,-0.0179475959294802,-0.000745872324100978
1.41353513554204,1.62261684786456,-2.9321129325997,0.467624774916829,1.38179415840018,0.522435054836634,0.0170315221932629,0.0152410048729413,0.00994128630846773,0.0456115329522591,0.0315511142099554,-0.00364278947402428
1.70695986571955,1.62233315276696,0.260830160801775,0.400650302783288,0.945944498619727,0.351016642905679,0.0274339631327767,-0.012111185716473,-0.0123650080742351,0.0761180949876868,0.0331166234682484,-0.00701791029756227
0.505559370026458,2.11845443816323,1.86574201765605,0.453171622704566,2.41223475736499,0.518219442404932,0.199034139825446,-0.0968478829985813,0.054981659212732,0.00301624309405412,0.0762068181054621,-0.0660872482725498
0.538019441824872,1.21299466571845,-2.01216209252121,0.560629308334569,1.28242686096404,0.259841760487857,0.348159000218647,0.0727132854292515,-0.106960050944912,0.782254032718445,0.435232002339967,-0.0564370634398962
0.873235730815213,1.2400188840145,-3.39846297299058,0.409330516550925,1.53996562516548,0.562956039976168,0.024634391089227,0.0190657174209243,0.0120665302659568,0.0904832219653443,0.0572972479500179,-0.00366039753472512
2.82066922520753,2.66840058197724,1.60182964790975,0.475845148350385,1.49515933240515,0.600211865621788,0.0120951794650519,-0.00966676073022652,0.00463343648961815,0.0100311255406357,0.00682775592087502,-0.00514283817367663
2.6071082930197,2.05883872236761,3.03177052740775,0.502324325919454,1.00765835736263,0.161917032849523,0.000340236676765868,-0.000833359176656621,0.00181198550600449,0.000580430701366534,-0.000381618034581453,-3.42718247270399e-05
1.09915362505708,2.02748342355114,-1.62094571171465,0.504374346977535,0.997342685909425,0.273971968316585,0.198315727809996,0.0692507584763434,-0.0786205995658811,0.190833936185323,0.428507308973057,-0.0146157275038177
2.91515881078085,0.765357563535853,2.13485125607885,0.515514906770449,1.27037546109506,0.19956367902032,1.31187818293364e-11,-1.52171093675314e-11,1.39079880401451e-11,8.05857706880237e-10,-4.56256814045194e-12,-2.11007827297931e-12
2.92651876827003,1.90524865808226,1.16301965817312,0.663943799921299,1.37941007181818,0.0253553088302665,0.00409953242117929,-0.002913662744922,0.000337056141136805,0.0133323927734933,-0.00581202864435663,-8.63834333133215e-05
0.831260397622827,0.962606008098402,-1.53590225945268,0.442373222799781,1.91711792906777,0.484303470036068,0.0183493530409118,0.00374184068045022,-0.00571316889998227,0.137678174897613,0.0216484910799646,-0.0060670558587166
0.126772706757765,0.811074541322307,-0.824319443914345,0.529667940892523,1.75741253618951,0.585202120283568,2.05159302723656,-0.485947784918032,-0.0951114493131283,1.04131332208058,0.292628432662177,-0.957328607720678
1.43396663601743,1.1423918207065,-0.759914146656164,0.487161555782519,1.13971838468842,0.667790905746786,0.00568491129668979,0.00100520296377318,-0.0030109423065055,0.0456441829732281,0.00281974898963842,-0.00312461403729263
0.915110544138588,2.15831444548593,0.76712397136578,0.500436561310179,2.24614894599428,0.137303922306155,0.149097354912435,-0.0474044416376929,-0.0206303227914125,0.0567038482233007,0.164349046933148,-0.00833286463377315
0.149445525091141,0.874169637031014,1.12326036433553,0.466954817116127,0.956503115348834,0.293381657566025,0.949561713610966,-0.47663315106487,0.113159217943701,-0.233892881869995,-0.777106749743404,-0.217232417780003
0.653635429532733,1.57374894190136,-0.193501898797965,0.449616240196676,0.799490424671512,0.142372622390997,0.351567607357083,-0.144735531003914,-0.0813630715242659,0.228410786726087,0.339977060532577,-0.0345214494445045
2.38007736045402,2.24455732057531,0.74420418548234,0.651341023543053,2.73837547107523,0.226811208274652,0.0168916965057654,-0.00289379098508148,-0.00448092126039835,0.0258579547083483,-0.0081137998785731,-0.00338610367792879
0.801658096036408,1.33652048723339,4.2183113396417,0.216445437725147,0.0285204292445333,0.399022721399204,2.35033196989735e-05,-8.60261247611751e-05,8.45596095692232e-06,2.2805654287921e-05,1.70683655910298e-05,-3.16086734096331e-05
0.25578769511776,1.0641237649849,0.666036894780912,0.487798520599914,1.00226314024746,0.214317214334621,0.647770446301693,-0.354404142085113,0.0639740618728427,0.122891234922018,-0.268976910606588,-0.105359927923251
1.43036675760523,1.83080616162371,3.36437101558921,0.543148478361125,0.790886548141638,0.692280651785941,0.000225396180353857,-0.000668506859418896,0.00143824832178627,0.000128083597010556,-0.000476160498077361,-3.88890981170098e-05
0.0543462286004797,1.56281459574722,-1.08877272225982,0.555249814180213,1.20154834538232,0.595041456290829,0.789171352596404,-0.344444595237686,0.142051972084463,-1.74114804599452,-7.4960875550546,2.42186426988345
0.670043376856484,1.15808268300799,3.17698740384791,0.649267964800276,1.13638206967052,0.356918142115673,0.0070541760446447,-0.0107595086014389,0.0157991982574547,0.0125623091398989,-0.0198626751359685,-0.000632303907100534
0.315975959412754,1.31682029417825,1.78173253611302,0.503519546742458,0.952775559048272,0.142667659490888,0.203279219007178,-0.192942263725234,0.12726609315154,-0.130001743371661,-0.417501035536039,-0.0118603172858368
2.11074876335915,1.45294512050947,-0.873964862686447,0.492573941011069,0.972604188818663,0.25221783570397,0.00617147968323128,0.00231232312500439,-0.00337790787860733,0.0350284820584678,0.00486527916622401,-0.00112595751514145
1.21578228163999,1.11358263006484,-0.733498181315738,0.532500116540081,1.12619431271783,0.246078567750849,0.0139308811631261,0.001627835728856,-0.00727454819181036,0.100423543412332,0.0041338201871056,-0.00268436183525228
1.45140657194424,1.50957611334366,-2.74888432942908,0.388374895258555,1.48079014813843,0.414264319888095,0.0115551573188511,0.00925269293332921,0.00506184817432625,0.0378038936377288,0.0278822611162511,-0.00149369657199738
1.08395041676704,0.902834104284553,3.38022103424307,0.411091524194677,1.08167896622253,0.420389326052692,0.00012497183407306,-0.000222200012954087,0.000363036474855562,0.00147432790792022,-9.94483375608733e-06,-4.75956919869909e-05
0.546005690435413,0.702405396821684,0.883635319857869,0.464904973057608,1.47207934478286,0.0511160777577819,0.0152310702127917,-0.00564443131063904,-0.00252771006763024,0.192908218693574,0.00443704851552583,-0.000611240153787921
0.856156891374849,1.59202101835756,-1.05367715282837,0.472031156304749,1.67117366821137,0.699256377473854,0.155384450055662,0.00251752901396535,-0.0636236125669244,0.217551781577137,0.183661006180747,-0.0648274377828744
2.89938157963334,1.34833718660735,-2.69473744791243,0.527351023175578,1.16064834880041,0.416707543606735,5.14918251594277e-05,7.44077365325988e-05,8.95353974450957e-05,0.000545668108695716,3.03122801943605e-05,-1.68348344341013e-05
0.809194690478034,2.42333210135794,0.777876058236114,0.466486718233514,1.92765028218509,0.328217455620154,0.186583719690829,-0.0828004439257203,-0.000658173159636103,0.0299630200602809,0.156427295723232,-0.0312160270197794
2.99669369930634,1.4787668425811,-1.83525026820304,0.471669414973806,0.56361678972517,0.140850391388671,0.000177972086701281,0.000437442068417837,0.000452098257481166,0.00147622592842454,0.000322835740777244,-1.31133240911356e-05
2.88376497669378,1.57132732991868,-2.56807781493748,0.437364163643346,1.22965712935391,0.582572981137316,0.000385432610102132,0.000478034400125344,0.000475043257440509,0.00246973957414299,0.000537424798153239,-0.000142573964682414
0.411325680185109,2.31797640570208,0.681562785500827,0.47276748438793,1.57754602864167,0.575794817412492,0.331035647526885,-0.211133225852933,0.122322094233604,-0.102223656451241,-0.320921089709872,-0.150343301563911
1.50259960027179,1.52208277461234,-2.26930548657507,0.571653241554303,1.13568508589759,0.0929465077986725,0.0194059165539543,0.0167678481685784,0.00518705123864042,0.0689368465350723,0.0198798907651837,-0.00125357001847452
0.879794474889059,2.22927872788227,0.593750071836317,0.534875547086408,0.699165759034217,0.117933490584777,0.147089055550222,-0.176028247815177,0.0843072415607578,-0.0308149911482573,-0.188507555514703,-0.010095091807677
1.70701950356597,1.66888596361478,1.51436193378778,0.555528894338313,1.17034697219123,0.484476693376311,0.011803300583407,-0.0123383968729394,0.00809282278582899,0.0282470937129454,-0.00787216040567658,-0.00435971086944679
2.32713977950625,1.17143163413841,1.32223711678509,0.467494123119682,2.74658670661329,0.347304457658109,0.000107244572277436,-2.09835475235925e-05,-2.56543029721104e-05,0.00135749530653985,5.18963800690419e-05,-2.92072757893406e-05
2.77859435502905,1.51181222346257,1.92568210883568,0.646465542058355,1.75505119803519,0.243556336155493,0.000539063884974698,-0.000356278271361546,0.000138361475720144,0.00360437820259238,-0.00075531132636745,-0.000106980862878073
0.228780444839504,1.78671464111654,-0.2002062279077,0.475466762101677,1.25973635944797,0.162449891112144,0.932889933303004,-0.543482148492789,0.205959313661531,-0.606049149054907,-2.24053847436632,-0.108479512446857
2.99121412358945,0.980510311981184,-0.422407028639829,0.469903447205107,1.91999517385958,0.0390926955388716,2.06757751184925e-07,1.37997031499535e-08,-9.69639556809151e-08,6.07060064503975e-06,9.73081319619705e-08,-6.3615983211877e-09
0.942647433688399,0.9056883962922,-1.75428507180687,0.461564013236375,2.27508702729872,0.648649701586532,0.00442393820420305,0.000907694099431384,-0.0011830439888815,0.0472487625909122,0.00344932326628274,-0.00223382291386395
2.56501597409369,1.73635751324218,-0.873482631953446,0.567264859364616,0.451506302153551,0.429817039138734,0.0113413766124918,0.00926115889990637,-0.00511462816351318,0.0464229480740584,0.0039740681573031,-0.00418518438176488
2.39454128762009,1.5326666695723,-2.30778778865987,0.496950396259588,1.20356650991458,0.627894443749171,0.00141010370794043,0.00148694051588296,0.000983284102543506,0.00801988130533867,0.0011532716959724,-0.000662704680519574
2.47103135955986,0.823322679106334,-1.93085529224418,0.456910229465282,0.932357197413599,0.30220027358161,1.14540193194567e-08,1.59681641649223e-08,1.23783371555039e-08,4.76545843783283e-07,1.1156835061242e-08,-2.59548878462228e-09
2.63780952502275,0.785526557057653,2.40603604455175,0.603966392568557,2.09164972984571,0.217665323366068,4.75572902656389e-10,-2.58549390926975e-10,8.47863300044582e-11,2.43251536167165e-08,-5.15969006853052e-10,-8.36206843737249e-11
2.058541755646,1.43842348185631,1.36232266224251,0.473023411626636,1.40900076724501,0.734849992561288,0.00249183727891416,-0.00171648744029651,0.000255305544668181,0.0136028513786703,0.000687845286862343,-0.0015892003171459
0.863257754105143,1.44536780412782,4.26935374050063,0.510074022792004,1.23662459637109,0.232116859521208,0.0013190367373618,-0.00250689234954429,0.00528771724599185,0.0010014031211168,-0.0026484582934642,-0.00011286392720217
0.842059252597392,0.931199635460429,-0.0483803749371458,0.622420292816663,1.09184678329831,0.70337299752346,0.017658149017694,-0.00436073536755522,-0.00679711906203725,0.147602172234532,-0.0200487244608788,-0.0118801679260678
2.40458024153486,1.03042101596591,0.964547543132775,0.491285109259421,1.87914159126625,0.38266937987352,1.12321371583816e-05,-3.34650014005633e-06,-3.47098891395261e-06,0.000222378911826703,1.85517078009162e-06,-3.48754776775101e-06
1.57453937692335,1.28141380943318,0.188315586213964,0.436528337727844,0.75079851498111,0.58549873329086,0.0102346014777782,-0.00479014674711006,-0.00463878252287164,0.0600657814246457,0.00721192334118187,-0.00498247235276884
2.02189152345527,1.24182033507506,-2.2474732741594,0.510463653804388,1.50270293291624,0.393157469317155,0.000706682967751882,0.000495124340454616,0.000136153096962512,0.00647416546429363,0.000434901613849481,-0.000211733665977062
0.591488100308925,1.56318094947909,0.323982904319079,0.440854393053147,1.07978373956068,0.463351176967647,0.281921519794987,-0.15037812003858,-0.0156332019900005,0.129476482681964,0.202305050028893,-0.0960930372304707
1.98362733981339,0.973067629974548,-0.790433412196824,0.540631769630351,1.25483430223271,0.242501072187527,5.14041436489991e-05,1.29900528084625e-05,-2.68938037825949e-05,0.000997610420607576,-2.06908549536601e-06,-1.01732324888139e-05
2.73393819459016,1.0888337234952,-1.37056602361433,0.439819178796712,1.77001340265974,0.405613956231795,7.67728476201852e-06,2.61198551746768e-06,-2.30876678433782e-06,0.000147468246287881,6.80037350682363e-06,-2.4112995521215e-06
2.0816054996918,1.32168617660629,-0.720950160827332,0.35535356846778,0.403457530273106,0.163919450942509,0.00337404040057814,0.00258114104472462,-0.00131692527871494,0.0256447176348176,0.00776511344731477,-0.000307202761591451
2.37831538656028,1.13586784224441,3.19049163927427,0.566528203127711,1.75134646563682,0.22234961640239,1.78096169659868e-05,-1.76652922371502e-05,2.17465593736274e-05,0.000252445784947951,-1.47366980881179e-05,-3.0479501723293e-06
1.22984974982683,1.37315842684463,3.74344974362931,0.455369079572177,1.04226076000039,0.046530867995569,0.000433807765972452,-0.00097102549487277,0.00202736220089548,0.0011431177507233,-0.000588046684921005,-1.23710143362817e-05
1.89357021210017,1.57570301039806,2.06288415962538,0.422407706982668,1.13280855963413,0.342356170395642,0.00329997400818831,-0.00440253203618013,0.00459714024974057,0.0111021649860074,0.000946235817422726,-0.000925943816901574
1.39581876911689,1.74810527206947,1.79329619962956,0.428229627183971,0.131027394029542,0.246702049039443,0.00310644500063074,-0.0098043817684104,0.00350546822570071,0.00223355605538944,-0.00674200899212068,-0.000353260396576441
1.30220702986699,1.35911386278757,-2.90228257904949,0.292963570077183,0.335312972198816,0.0264673021304206,0.00090096737479185,0.00265692317023676,0.00228410070832361,0.00396684990899296,0.00529839231652967,3.81536979339352e-05
2.36815941669047,1.30304772543026,3.44657877554636,0.549136929507137,2.25081492703027,0.244110096197415,0.000157366437809494,-0.000107447696240593,0.000100609595661387,0.00142235556467012,-7.45018500917369e-05,-2.99287442431972e-05
0.458455482881982,2.24206938215188,-0.604425388979476,0.498522358316142,1.37804702840011,0.309920528631497,0.668704487123035,-0.299546778330541,-0.0306796380304968,-0.0393858255131686,-0.0778949903125555,-0.169924265224593
0.506530178803951,1.60204268565419,-2.42694641587113,0.501558894911634,2.00006842514591,0.60371537128763,0.454644094073519,0.0489029907857786,-0.135224827739508,0.435648388728201,0.822799885003964,-0.0849520713990478
1.69551696623676,1.75167115264375,-3.05323550984074,0.533051414219183,0.854037284347929,0.323462186454363,0.00530149483312098,0.00996794234619616,0.0125967153415297,0.015413053937539,0.0124963957473189,-0.000457098338193234
1.61745925373398,2.57604235365396,-2.05845707450169,0.494893996934718,0.377745724377455,0.60963929830802,0.0817109072307969,0.117558167785448,0.0261486772051981,0.0967556644756902,0.261460441890851,0.0150043076476476
2.97966614973266,0.535455181328936,-3.29403152893744,0.510239765527641,0.867317764346731,0.195529996294852,2.90434548009236e-24,8.54891493538942e-24,1.95095291300729e-23,5.47105524915736e-22,1.33246774617807e-24,-4.57153545626085e-25
1.19496978593525,0.783435846707164,0.67824816152621,0.419314394657667,1.95148610260136,0.266763376291327,0.000130422124849393,-2.6860434768181e-05,-4.39674234760428e-05,0.00287220774958357,0.000116314064163098,-2.73829644004512e-05
2.47536557308631,1.69150072624397,-4.56232964400195,0.666041119633546,1.28197088847142,0.328527706827111,0.000117380964185254,0.000235404503547545,0.000531862578782574,0.000553553562912253,8.31804204914553e-06,-4.23985079767934e-05
2.50106392072048,1.83345027804773,0.495631306382711,0.526079400465988,0.711934416486687,0.171989846924369,0.012208761080521,-0.0118603313185365,-0.00136976422968342,0.0355705700037327,-0.00322294330495357,-0.00160595037462026
2.32421097247861,1.24503940300392,-1.17220863329866,0.457491233017325,0.628409534129195,0.570319338176821,0.000504864420090431,0.000556240316594404,3.75663528273878e-06,0.00537548209119362,0.000545841672870049,-0.000209250102217595
0.668400462984573,1.47983627227081,-1.08118158228201,0.487078965673818,0.234685170783464,0.134734678083105,0.45870716773988,-0.000741487836677939,-0.0690703275710713,0.560435290021128,0.72016460612188,-0.0377284271428631
2.7687655567308,1.5844281687091,-1.05261013748547,0.49754264854258,1.00821898180758,0.492423674547592,0.00228987675549238,0.00126225254933524,-0.000966917214391916,0.0134368062367818,0.00147374262647936,-0.00086412995098303
0.528374352655374,0.851162934918592,-0.946031787594795,0.447747277770039,1.14649188081202,0.0847803908601511,0.10207363259803,0.00711513436843961,-0.0359042598409866,0.662554340590739,0.12687403489511,-0.00579705736793654
2.68922849210212,1.13350167216862,-2.86412575210717,0.552250704577792,1.14567824667704,0.346017412629324,4.85811772667945e-06,7.58487804159345e-06,1.02663026340278e-05,8.21812744847123e-05,1.49415142248527e-06,-1.3938244154465e-06
0.437900012091268,0.81445654859492,3.80065636789593,0.459451692669187,1.05881094475771,0.505585965048828,0.00661124551524059,-0.00894293462305828,0.0107921690555104,0.0302021511368059,-0.00688984775385214,-0.00244032294089497
2.94844472608529,1.16347801751458,-0.0367629017027186,0.439993985012744,1.20837930473765,0.483537276973872,2.01577873130863e-05,-1.60065915853348e-06,-1.33629167197983e-05,0.000339309150708359,1.49433938205702e-05,-7.88785043538414e-06
1.44572645720327,1.6604188105213,1.85683377933272,0.466914079148271,1.52441025960714,0.402752873616258,0.0183413526347116,-0.0145852285455659,0.00846077278038942,0.0352333047383142,0.00571531230852744,-0.0054469651010258
2.29567228277447,1.19601084659172,-1.21325042225064,0.489054477463766,0.360885198663183,0.194930763923033,0.000330657728588628,0.000558857569896577,0.000130299456019665,0.0039881996161571,0.000416140803534257,-4.3827302197196e-05
2.41992845905479,1.72478309158044,3.10345187033994,0.827552877525518,1.69749620065669,0.066851983096253,0.000667991670191031,-0.000748527223446227,0.00107967273353439,0.00240392694716883,-0.00334451777069002,-4.10895459671103e-05
0.256741339503787,1.71334838940741,-2.98474402640685,0.506355755456059,1.85372295362953,0.106226965822101,1.91206158617935,-0.105500250027592,-0.469930421208103,0.902052024778137,3.07281768482254,-0.124658904510529
0.390873469796497,1.79565599537212,-0.856540821575044,0.497557756849153,1.14724938925779,0.64385463988835,0.771259230899322,-0.296754318689251,-0.0606089253109763,0.000231420763398188,0.293760457144732,-0.401439702174203
0.869176691537723,1.52247281611277,1.04872104290665,0.473042124626444,1.54668511018305,0.556356303447117,0.0891942030534543,-0.0478871498841549,0.00160962857063009,0.112654892640219,0.0448389457429917,-0.0362087784531415
2.13656012398424,1.75707460636101,-4.66667069411758,0.735231275664318,0.922825599407311,0.412910202139247,3.65275897939215e-05,0.000112393355524107,0.000293758531843978,0.000155714279010289,-1.28543983084777e-05,-2.84207015459018e-05
1.68888066026848,0.916402987335454,-0.964403284940898,0.305884771185736,2.21722611658565,0.0684982915365067,4.7488153605237e-05,6.87908710465252e-06,-1.69056376131274e-05,0.000928592202446333,0.000115148168925436,-2.26811239689183e-06
1.49481075590011,1.22223319054345,1.62983780293255,0.472179155978844,0.777315917723183,0.13781525285417,0.00244918653622472,-0.00387655719872966,0.00327540287744714,0.0150063321104159,-0.00131001405890204,-0.00025932696776117
0.948044921166729,2.13054033300731,-2.64035675917539,0.579049371219867,1.15027716174979,0.113960784579214,0.232876427732077,0.13050550446637,-0.028265216113552,0.230444933283268,0.614519615855822,-0.00152179833918306
2.32572102750419,1.57715748186957,-1.81038600606413,0.713430128407898,1.83102467256277,0.114758345102854,0.00341609813256365,0.00119905250944612,-0.000882763946947679,0.0171984153743778,-0.00515837201598148,-0.000424112785212297
1.70196291436441,1.0549984035829,-0.90940447425733,0.553033927964509,1.39161617073971,0.66247763027111,0.000610529484222927,0.000137906398809456,-0.00029167817402074,0.00774294932917472,-0.000143398525839141,-0.00036398458495353
2.49450071143219,0.960056996799019,1.28693175064453,0.476869671836418,1.77722409284662,0.104787785147379,1.38501823018388e-06,-5.72213238792997e-07,-2.71369844209555e-07,3.56613704368395e-05,3.40453393373096e-07,-1.15546921488431e-07
1.63290900834836,1.28463054614795,-2.12895477180541,0.478497374506147,1.73689158557624,0.506244070442898,0.00397946584758781,0.0019030348909385,-0.000317581070999392,0.0254723652246473,0.00359308056339697,-0.00144432376753663
1.33471255261684,1.04512406479206,-2.93031234681626,0.489639657710988,0.474297077490909,0.161574277179022,0.000238726294931549,0.000623074110241594,0.000655239748853136,0.00257498033094017,0.000596459592320258,-1.07645142578068e-05
0.8212312526186,1.65660481132633,-3.01270291566227,0.556889133915152,2.16323839288149,0.271852060126953,0.141800507741003,0.0449119760845614,-0.0210291104430792,0.198543631993695,0.237278087352033,-0.0154915099143173
2.5115819459199,1.0603540818119,-1.94258664387267,0.74659460572139,1.03148044030458,0.373922797457886,7.16800759433136e-06,8.03785053526223e-06,4.2463191002786e-06,0.00013939513816423,-1.77148700205492e-05,-3.2544596016311e-06
2.67111484591151,1.03872207248413,2.34559279759739,0.505795337542829,1.65845199009163,0.834515501538482,1.3868611617356e-06,-1.12683288593585e-06,7.83868931232803e-07,2.98966406975069e-05,-1.36700536744673e-07,-1.06661604615926e-06
0.790525847312529,1.83336382200036,-5.62128272430782,0.267659827156755,0.185567416354245,0.351916697141079,3.28860991551846e-05,0.000120825601815761,7.77729458166557e-05,7.75532941406074e-05,0.000371453746271424,9.57121809874857e-05
1.4670519442996,1.19779745693421,-0.170387502290099,0.456974749337834,1.49453035336313,0.195686430323221,0.007322523247038,-0.00051451886393679,-0.00369721312323209,0.0505851983695585,0.00590726417266758,-0.00104064027314001
2.85052517446456,1.21426608138399,2.80092121150448,0.554869949773294,0.623299498812943,0.304991671714336,2.14666386249194e-07,-8.80020952567623e-07,2.06798112666084e-06,2.88004436346847e-06,-4.07434273603983e-07,-3.34604177617771e-08
1.5039192342665,1.89947535323308,-2.68540158043519,0.647550042281137,0.771753491556553,0.606428430015484,0.0251099790737974,0.0363774190568245,0.0257737612059074,0.0587871929483803,0.00686276307159526,-0.0197055068050888
0.470961344486568,2.29272549952387,-1.12200193311449,0.488317236490179,1.66903811783141,0.471484430854021,0.716805095861725,-0.194320896867647,-0.135639428161342,0.0808439156310221,0.585682148794964,-0.231597198714305
2.62792007852113,1.46003438823192,2.41580215742345,0.781817325962382,1.29474297165276,0.360388025899791,0.000155608157303322,-0.000213781248623446,0.000282443510127967,0.00107124074384606,-0.000617723849000525,-3.9149042608797e-05
1.51156959105283,1.64017592169697,0.670930546665798,0.571357346698816,2.20800055617527,0.214477528286321,0.0278049431834148,-0.00648321679594424,-0.0077414737403681,0.0675480985378543,0.000393396213182734,-0.00445799563088252
1.83581396830268,1.06380565073491,1.74143482267902,0.486094907510635,1.9295021122181,0.144723358565734,0.000218374563830596,-0.000103529530209733,-4.01286505080131e-06,0.00287871958919784,3.5375848481722e-05,-2.46662032505316e-05
0.141659412323497,1.14159122538856,1.48936515181715,0.829681835255146,0.725102911959565,0.31185896095403,0.0923196351362974,-0.093375811196296,0.0600473872605512,-0.405417462033041,-0.739337716292153,0.0891759966146552
1.94147354159504,0.859245175113874,-1.48858667117261,0.268621486522385,0.221068233469214,0.510704699126215,1.31867051842402e-06,3.11851299712642e-06,1.11607418964109e-06,3.73956865935367e-05,4.6621975401838e-06,-1.41645295472219e-07
1.54647787378635,0.864737091577272,-1.32759203847103,0.416890714056362,1.0093404930725,0.479490170759518,6.2713111854813e-05,4.06542281829243e-05,-1.1285232555815e-05,0.00135417770899389,8.13645364851248e-05,-2.18447747282639e-05
1.6569848202751,1.79094742509423,-1.8748185263139,0.472502611050904,0.63530014998504,0.425681260690447,0.028497529704299,0.0374588136408174,0.0135845399326388,0.0689861230057745,0.0659351133210541,-0.00330327594168209
1.23721617570845,1.20399243221291,-2.53632020893715,0.502600101701966,1.26597507258951,0.242539094038971,0.00888112796889543,0.00751731088862409,0.00340066643943015,0.0527463497200045,0.0117725016295516,-0.001322091131177
1.47195861466462,1.54599821772632,-4.09897816733061,0.429713395893007,1.26701089617975,0.384577550336104,0.00211285503141166,0.00333830183671624,0.00551735656832143,0.00712951908248575,0.00595213175424566,-4.24945609862434e-05
0.577863049635198,1.69756107277322,1.18564249892261,0.49182468803682,0.154761198908559,0.565454454040364,0.0960055184288248,-0.134882360169814,0.0217680933849223,-0.0394557417025846,-0.166686629417337,-0.0289312957800899
2.66102722177748,1.82400842016746,0.35675981465135,0.51212783718959,1.25130706548039,0.464384512224361,0.00765255827641724,-0.00280132860800183,-0.00362880204952732,0.0256538255862123,0.00154877549985395,-0.00276884025780363
0.0939077132963576,2.03433655495797,1.55212815106622,0.442908468857338,0.663325424417802,0.36081297981541,0.138940920633904,-0.10755696924046,0.0479629987001517,-0.31206786140768,-1.89155802565635,0.562440993427903
2.65801588417962,0.767069931077824,-3.03999531764421,0.578087738323463,2.57981526361028,0.307596744722275,1.38315156575226e-10,5.65412819268462e-11,8.88676365059777e-12,7.70436693033629e-09,-7.7771972512749e-11,-3.6072238045663e-11
0.811239676957484,1.72955509092756,0.495948757844729,0.878784223218344,1.61850536741808,0.183032373675501,0.103412705919692,-0.0625887085773991,0.0179830546360016,0.104832402699926,-0.666876783797648,-0.0536563651218435
2.11588297077687,0.946435656620645,-2.05811548844725,0.360248969402354,1.81956784660623,0.618460434322976,5.41466753456688e-06,2.67650772133357e-06,-1.93365708921194e-07,0.000122948671745492,9.32290468389602e-06,-2.49040949232914e-06
0.413378833315801,0.807791902630417,2.05396048313643,0.509343970118958,0.58348293472143,0.293361129948424,0.0437843115711429,-0.0480685000292452,0.021622157536192,0.19383820415455,-0.0592541859616797,-0.00839437620866234
1.20456733956235,1.27306986786298,-1.70402669994611,0.522164749067825,1.62563729116421,0.364284811309237,0.0228674755047921,0.00752625523273904,-0.00664098561330754,0.106156288211368,0.0165572902297876,-0.00599044907289965
2.37177309667459,0.975884178762934,0.741298599115579,0.597571482771365,1.24687261584555,0.191816232197123,5.52559809971044e-06,-2.75663617194279e-06,-1.7704843281685e-06,0.000127967604908934,-5.31562216857935e-06,-8.55852179890829e-07
1.5893547166721,1.62696240857775,-3.13803409270342,0.469237753219911,1.97006447484718,0.450350668461863,0.0118921531547498,0.00693428863016613,0.00278998653232208,0.03402379533571,0.0176722220990033,-0.00285925830265425
1.75606627413072,1.3669415454086,-2.06562337230717,0.511437931230147,0.257183811055389,0.178666420133565,0.00197529837877588,0.00516657725695916,0.00267821206866072,0.0124502228394641,0.00475251905217155,-0.000113942322809179
1.079301212274,1.16575349745934,-1.64743527154294,0.47770636158905,0.900542442492957,0.522786972192326,0.0245423336209672,0.0154938853358336,-0.00373962754845854,0.137367360713754,0.0303648236648636,-0.00841432117882224
1.79474799619056,1.54217891118219,4.26740034827565,0.46120026697721,1.60694907390945,0.252594916108972,0.000469277361347503,-0.000696935113528131,0.00142334164375355,0.00156624568579538,-0.00011553622918924,-8.91944022290066e-05
1.04807578428881,2.67857351253743,-2.74875895755635,0.51585989663059,0.13574431564752,0.540818659486253,0.216310524077047,0.255274452022255,0.0138300580762599,0.241594322527185,0.948982185102078,0.118782661894013
2.98793250143062,1.54032308543322,1.2587507071755,0.52837140722846,1.51787238821785,0.110728335658331,0.0006698706529938,-0.00038869037891706,-4.29702687154882e-05,0.00456353927275743,-0.000108307379330766,-5.72075929562434e-05
1.30570612122538,1.57494171165516,-0.0404276833209638,0.469322472760109,0.656226704721003,0.15035088033191,0.0817929401073007,-0.0360370712817533,-0.0343384211547175,0.174995125817359,0.0535231132840402,-0.00911106674280129
2.87870371622266,1.93332850471591,0.444469671862571,0.456564084746806,0.826817883800398,0.26495377972421,0.00916651001824175,-0.00669668512571131,-0.00328765581595014,0.0268128254624638,0.00487047494700331,-0.00183402879680481
2.72781697284663,2.12669301636368,0.698847894879334,0.420766554179773,1.29175070786542,0.281973921863448,0.0126788804500117,-0.0064328787543404,-0.00381576138358345,0.0244307632969587,0.0138178941410474,-0.00242058179459106
1.22916779804509,1.6109255536885,-1.98868827880312,0.523376298643045,1.84378404513304,0.308844069249096,0.0544295605865046,0.0166663885636007,-0.0143361943334803,0.118143306441494,0.0633570413765964,-0.00984264434891811
1.41495498238364,0.992371257397055,-3.93165151923333,0.169417887888723,1.70119325737258,0.205177714970365,8.02458822046921e-05,8.46350697729659e-05,0.000113959547835592,0.000998565045212135,0.000488880979394804,6.76554050829683e-07
0.537039499310777,1.43872035438007,0.624134706414707,0.529494576192032,1.38716955642469,0.497986813060166,0.265159873358753,-0.143072445666417,0.0134710877800237,0.156171568561264,-0.00432587232562986,-0.0964651075749217
1.32672917023301,1.39101704834242,1.64833938155375,0.571599501025424,1.35741988299414,0.704480636800862,0.0114407681312292,-0.00973976374638442,0.00535766412664054,0.0390009789625561,-0.00909028686293819,-0.00672076935903517
2.60693799945293,1.17911292869612,2.58900123653189,0.528973177060379,0.903831293569493,0.0862360506443264,4.68057765353209e-06,-1.10257670506975e-05,1.99514673949128e-05,6.38803508922344e-05,-4.9876590855715e-06,-2.84539579500693e-07
0.281780353339855,1.49650820888654,0.905809263328451,0.434131147250728,1.40106387372956,0.576325965822779,0.472033127786602,-0.268721219492077,0.109128746747456,-0.116394282693587,-0.116833500697904,-0.249724967261862
2.51279964101268,1.58649772003484,-1.95079935210614,0.574483872835253,2.1661255515396,0.324101066716437,0.00217289743102071,0.000677986092767335,-0.00046585303690405,0.0113740640183249,-0.00010625626485485,-0.000577358348565502
1.82389125779737,1.59514973884273,2.17871114485274,0.526843948273196,1.70633750552958,0.36466858614589,0.00601456367580249,-0.00458491351694618,0.00300450763664454,0.0193087605785985,-0.00125360484023074,-0.00165487727112922
2.69215711780125,1.45844963233162,0.834249718012605,0.479740574963946,1.71415964050546,0.298166908972677,0.0008457906362114,-0.000280007863876948,-0.000278858251893504,0.00614380089719192,0.000327592293807717,-0.000194099760054942
0.950428824359551,1.05557287190363,-0.71408957823593,0.545111305782517,2.35169513977994,0.396476165004405,0.0185546384160305,0.000299701073882083,-0.00660195257185036,0.11938397136482,0.00225267919419238,-0.00582009205442658
2.88836384947645,1.531925235984,-0.966307732662469,0.43627710570032,0.289357104641618,0.677720494156109,0.00136401513591466,0.00222223248901003,0.000147349016654594,0.00960657157724158,0.00189660610019559,-0.000597687582573569
0.478342740959488,1.38907392663896,-2.42024294930317,0.48516005730956,1.47856475192104,0.0862776094326309,0.479150037403251,0.112813563265209,-0.126179728355325,0.60835374807209,1.17939994209805,-0.00651841330243868
0.0607569152023643,0.847246176929839,-1.20858277953961,0.537997138315733,1.18436980964475,0.11876159475323,3.83418750979329,-1.34036005047387,0.303928732577771,-7.31644024907693,-11.4926073531771,-0.195655478714386
0.268034379219171,1.16402404967777,1.43720641063357,0.652993866165915,2.83831557605858,0.562565617513552,0.469848890383424,-0.166485348300208,0.0584608757506348,0.219635492467128,-0.472819084135579,-0.239924140405797
2.24872100073844,1.40022311148213,-2.47997754252023,0.495527065807531,0.163946786888282,0.553253738443429,4.05139168853045e-05,0.000182648307022621,0.000121144592023064,0.000324014861128817,0.000101617720996223,-3.65188759375099e-06
0.0684403644409031,1.48103486296689,1.12563256449317,0.550666318894713,0.0898286660338826,0.302600405327205,0.116544774238887,-0.0884382207463224,0.00537970094478542,-0.523944642966524,-1.65764942374983,0.452185195795341
2.64862673950847,1.15948775883753,-2.03595976129722,0.638694495438192,1.5038844537003,0.624840825322081,2.46389159389038e-05,1.65415590025593e-05,2.6878849034105e-06,0.000378618093092399,-2.78332492619736e-05,-1.55874602675206e-05
0.810966315993574,1.37774480407416,1.37564931236199,0.484627994741929,0.174619643867333,0.133740305058772,0.038339374264736,-0.0665916180953186,0.0149166545582956,0.037376899057215,-0.0638553058529223,-0.00301274463346625
1.97643841668032,0.709046405227437,3.02404018139888,0.562544587852878,0.891554318110647,0.193112431677942,2.7025506420532e-10,-6.69873822633815e-10,1.29516526164871e-09,1.38676693528532e-08,-3.64480046212379e-10,-3.60625167735113e-11
1.52592141324421,1.15153982884488,-2.22375071582672,0.463183864305391,1.72302004804487,0.705312962485066,0.00193624029868637,0.000983824182469793,-5.44245155786744e-05,0.0164749148960431,0.00160759884181449,-0.00105360976628409
0.395300371723715,1.69614995091635,-1.4238446536391,0.526671785430161,2.94692767878624,0.0399520799262773,0.658128738726919,-0.0491140907802838,-0.162109153730942,0.337870807004768,1.0161650845747,-0.0071970327043808
2.05510565327713,1.80466334272974,3.44159017596416,0.337336747275481,1.02694939437485,0.510235717656986,0.000215017002740867,-0.000522756021864563,0.00116328105653257,0.000440874248942788,0.000146062487339433,-0.000127548908831023
1.11413234178908,1.14527169359066,-0.955798402212114,0.5765962968462,1.18259348652047,0.58124535713482,0.0224809234002984,0.00358058995462473,-0.0107729224829983,0.135107507772807,-0.00452051314119998,-0.0118662689898436
2.48699982428225,1.73090051268773,-4.55733274022127,0.499103222054861,0.88033484065885,0.691516717035439,6.13831439006007e-06,2.15993459609805e-05,6.23711914352611e-05,2.87476570120319e-05,1.16221230813214e-05,-1.52944939835967e-06
0.2606039787177,1.28013884041722,-1.3082481442715,0.45456019871017,1.68471567290971,0.410761945446137,1.17978576878873,-0.181394503222808,-0.236667409599033,0.623998965145714,1.67071462500574,-0.273181119384519
2.8087716314476,1.69623829276245,0.720897266193528,0.460935695780695,2.11566394542033,0.514972733796838,0.00216964296826369,-0.000453021784578985,-0.000748394193220139,0.0100110659004898,0.00145160017082923,-0.000852592977840164
0.45620268706698,0.811571710666709,2.34977056314554,0.526902690587192,1.11818085235284,0.459867743177073,0.0294083001667831,-0.0277757585858222,0.0199233394335872,0.158126035884402,-0.0307403311895391,-0.0095735454585655
0.178767479758244,1.7212040964566,2.23918708854295,0.540426094328937,2.19277549155457,0.757172891922029,0.286042602117035,-0.163068612086895,0.157197004864484,-0.220729579868491,-0.691790618945122,-0.0116946476156263
0.803750767104793,1.41147136923414,-0.482277769061051,0.514093810266198,0.744029209395543,0.260287172038048,0.230576021081352,-0.0547919527971902,-0.0848371187903637,0.39662561708576,0.149651355955289,-0.0441255003366487
2.75791427446529,1.92322575064628,-2.68424929703272,0.587717038765266,1.49481661860059,0.340438479440389,0.00342735938153865,0.00299768630370419,0.00194994210971529,0.0110493598567737,0.00125590296318681,-0.000953634981356808
2.96513199211331,2.25211488618185,2.23568613912117,0.561048099861486,2.18477747007915,0.397547138065724,0.00538457545250447,-0.00280353981954745,0.000890420370432175,0.00980827899674644,-0.000693845536497482,-0.00163287076423929
2.01638323807856,2.0371156013194,-0.306989306638008,0.57832334298861,1.5786096398998,0.119907419326135,0.0376542558947116,-0.00349874202323849,-0.0193724195973046,0.0632516185714405,0.0107400404226847,-0.00328821383762341
1.62806851052446,2.41785987651739,-1.83844108351241,0.373842360524454,2.25833864469118,0.668608918731677,0.0456389274217143,0.00908348586411729,-0.013768819346574,0.0340010107606237,0.111797775932827,-0.00567765185942526
0.370007555675693,1.08173917429581,2.22818591099847,0.441620927051835,1.27045448935081,0.414044108809446,0.134158354359305,-0.10881626885729,0.0737009822530455,0.0951567782794608,-0.0470541640839509,-0.0439319837265847
2.34691332125803,2.10563026671518,2.15397397824826,0.528824519254596,0.830335843613116,0.606345688939965,0.00168232672424265,-0.00391077904532687,0.00632007181218753,0.002147154935939,-0.00182767039836986,-0.000679935266357433
1.50990758067928,1.36471324542756,-4.10116413966861,0.495356314438449,2.02016495365803,0.176671895954565,0.00325629178738721,0.00250590694686435,0.00250955153855494,0.0158865719968637,0.00430770889659987,-0.000339610138948559
0.84616401756648,0.67474839571115,-3.18608093233731,0.441177218186525,0.830450322560113,0.252307776486072,6.79545270589374e-05,0.000102608710514962,9.85638917556943e-05,0.0017118667207773,0.000132903508067844,-8.67019092632161e-06
2.95368919153698,1.33848795964236,3.10502559495692,0.536657601024728,1.46254077625754,0.393857938541687,2.01835182409751e-05,-2.72452528731854e-05,4.18864786530838e-05,0.000212985543931981,-1.24440147905091e-05,-6.20589547534558e-06
1.70378438667394,1.17121117575894,-0.536022774669861,0.353462880608668,1.86873642110295,0.187088916968728,0.00174329708975053,0.000123615279883585,-0.000782001798531843,0.0154530327367636,0.00328374627771142,-0.000219918301211335
2.26228268877603,1.84401437071347,-3.71946160915586,0.51719790023177,1.36506125713993,0.644663704962684,0.00156004959069767,0.00220364375489056,0.00333295901931228,0.0048550977406264,0.00172823649216989,-0.000665531265365612
0.867218597128522,1.60844912300948,-2.140293407496,0.54117041792533,1.38945664172438,0.0361943124412846,0.176097517085694,0.0648841817791555,-0.0461188081036984,0.27552542062606,0.316966623013132,-0.00260342774673899
2.48907980510267,1.46303992860925,-2.07949285310286,0.455763604490284,1.93929332429121,0.366311707548738,0.00102349441082101,0.000443706448748445,-0.000103374108662088,0.00685050170916322,0.00104595156717647,-0.000262654537780027
0.546633299300447,1.59547682971873,-2.93618905612871,0.51170398800053,0.889324933926371,0.326427360525801,0.442706630734719,0.229776736532589,-0.040220189631078,0.597830466754656,1.37218513144047,0.0179929899476077
0.875434145936743,2.3116440778208,0.99371745392968,0.515910444441976,1.58217996938661,0.418710030229658,0.143523936986166,-0.0930225073314191,0.0347717047957656,0.0137967179758073,0.0259793355727847,-0.0347230612848053
0.873899538756814,1.86849612379593,4.72690991885628,0.510368837308177,1.76951069631945,0.0806446516170659,0.00432400615824019,-0.00588269237441754,0.0123732570706711,4.06800676183771e-06,-0.00552403891959303,-0.000156568193161252
0.695255518204067,1.07135551279328,-2.08554312299696,0.491469858192918,0.525159979436688,0.449185687812184,0.0877146726555607,0.0654083623131471,-0.000697597472675187,0.412378014245019,0.154077630022181,-0.0204033994105812
2.24569786923239,1.61154860916014,-3.72632243038302,0.489699408311811,1.808374780193,0.635917773196642,0.00127656077480037,0.00114994885259988,0.00125441415767076,0.0057254484689053,0.00117713878592407,-0.00057780445219325
2.42174087936291,1.56040575543949,-1.20930914469364,0.383969369043508,1.53946864156103,0.205846688468287,0.00308811478838926,0.00106284816788967,-0.00114429141871401,0.0159493957388709,0.00552318354719667,-0.0003849016370604
1.18814732839819,1.33046587908334,1.07292963022897,0.439940415659111,0.705556789160517,0.709912667915572,0.0187283753158502,-0.021980035524342,0.00864868836961162,0.0612918357380876,0.00496422115560018,-0.0123897939506448
1.46438406761736,1.54055155726896,0.395910660358707,0.465035508133212,1.96967745233252,0.599495368984891,0.023402898354857,-0.00467868490238029,-0.0081968644812184,0.0670389962428503,0.0176375214832088,-0.0103020121034601
2.46023321684916,1.39156192983534,-1.25510955796564,0.373185402837408,2.13307977339059,0.455382535615613,0.000715345536031588,0.000148215152998961,-0.000242045675165661,0.00551363691206942,0.00119574480070226,-0.000224900964964509
2.66974056815961,1.69004141164549,-0.723586162453798,0.538882166778928,0.635578395368258,0.526224176043817,0.00715349311291834,0.00346100914184713,-0.00471307755542654,0.0327015529169008,0.00206970159682666,-0.00314823659887784
1.75768577739364,0.999269993109261,-1.64770251348251,0.520087199397144,1.30368668248131,0.318819669502411,0.000184143748694573,0.000109587564466144,-2.0677566339831e-05,0.00289489613275714,7.052720634413e-05,-4.66146513750211e-05
2.02271282481961,1.90604225974341,-0.208557200510561,0.590590552014651,1.87532420832116,0.0988250371718772,0.0250586377620293,-0.00217404790004666,-0.0113595646126338,0.0535043113471258,0.00121148384080655,-0.00189288393012704
1.46432956672506,1.01602431126052,-0.3798729047312,0.581119403365099,1.93953576517786,0.134682564165379,0.00117684460691062,-6.06290129025452e-06,-0.000513395456274175,0.0141732798112119,-0.000493396248463622,-0.000129651193596575
0.747642803541385,1.08642022937239,4.08314310374394,0.46583443288322,1.62330305884713,0.200787704269911,0.00455384280312047,-0.00545279494275224,0.0087413680038188,0.0158799820944817,-0.00289854553993538,-0.000656792472257186
0.586560494743753,2.00960760290352,2.66091094653255,0.565305445186018,0.90115373787613,0.5228469831776,0.0137888978303176,-0.0235276036897938,0.0316224807120768,-0.0122919344878916,-0.0510378242694317,0.00417750748569703
2.76779505222803,1.55627953661291,0.806149505621799,0.483074735204513,0.62815942840986,0.327412832034803,0.0015672232064348,-0.0022325871179286,0.000700108406172466,0.00916380285012002,-0.000279612685083383,-0.000411462199551513
0.423551470984239,1.13489308779177,-2.39680565493429,0.540438695782732,1.31441287147194,0.184577107481433,0.500681985325527,0.114554329366695,-0.125717143761859,1.07887963155659,0.857841126456127,-0.0446232867094878
2.30932672995841,1.0800081069964,1.30541214394839,0.516674864107867,1.40908226397605,0.461308758453337,3.89309357181665e-05,-2.48750155508779e-05,-2.52169135308635e-07,0.000631784940477591,-7.68732800188423e-06,-1.4764605698315e-05
2.5250274010119,1.1319675258198,-3.36966304390687,0.483476321065902,1.69512624403564,0.27303060560902,1.15037018641921e-05,1.10854641473713e-05,1.21459830204654e-05,0.000180730728321496,9.21449300488512e-06,-2.33078486693323e-06
1.62572283399059,1.80399292964085,0.409916117826265,0.447173898535926,1.45812118958263,0.172818045035877,0.0399530565136779,-0.0132487425287261,-0.0148223279211349,0.0704109663159186,0.0414655535914296,-0.00435952579385427
1.65685506599257,1.89943897712111,-2.92598986024543,0.396756663991156,2.2469843281933,0.376687902591308,0.0189765980078596,0.00818898156685617,0.000415814682645455,0.03166567338449,0.043358528966984,-0.00219927094557772
2.58221064261161,1.66517434869398,0.896708306305035,0.510591434603315,1.28338760779227,0.613967595315529,0.00341831112775125,-0.00206089147086949,-0.00054976253666901,0.0149795929282448,7.49530717914822e-06,-0.00173723671242811
2.63081398599315,1.99388351853174,0.857483724176026,0.590529317724455,1.36238435908775,0.113929175964223,0.0105624936302317,-0.00616242049629437,-0.00153512494317066,0.0254090690601587,-0.00501553100816556,-0.000930178480911708
0.551597398601007,1.94746301339981,1.59163036003898,0.564114686338377,1.1463726872585,0.277109684105735,0.102992108730583,-0.116320936018749,0.113772209781614,-0.0597622659604534,-0.22893705919163,-0.00696734920370404
0.584778005315457,1.00187861021708,-2.042392029151,0.37246975861823,2.26954240268032,0.410332648683863,0.0763979904167529,0.015026643323531,-0.0184281479937964,0.319249474225767,0.167775635561331,-0.0140446947563158
0.362541015166789,1.19075575544446,2.64452019573887,0.477369691223316,2.98817046684223,0.57578980054589,0.20238505532364,-0.0739301229845363,0.0301480729299931,0.162626955843742,0.117491576820648,-0.0758550964290154
0.447765237500425,1.05268256796262,4.11631320500545,0.547206159825043,0.820285064893391,0.118009512081101,0.00319531572488734,-0.00592981534938803,0.00812686056173043,0.00101012843953108,-0.0111314763258682,8.59541023851273e-05
2.91414328323444,1.19240007604265,0.826872124457908,0.495843832776074,2.40855592268278,0.430241470010551,1.91323812291591e-05,-3.210545495146e-06,-6.19929602887358e-06,0.000293990070504191,3.60672775699482e-06,-6.68156859971712e-06
0.200563377642538,1.1776617260193,-4.71219484015416,0.504372690850268,0.833881969037513,0.428583400787934,1.92285718900987,0.488268973151009,-0.156939153395461,3.03321445247255,6.25568681259406,0.135851266400538
1.85883306569885,1.5176311498476,-2.29518142408465,0.56309088572774,1.53862917115499,0.49869372871932,0.00662938384660574,0.00417088059193872,0.000541968194899977,0.0291984509288054,0.00209935090374149,-0.00274165862996253
2.3762942859903,1.59922371681735,-2.05750223261454,0.628076532183055,1.75054530331888,0.169798032208467,0.00333380957230274,0.00156434877401955,-0.00038898227071562,0.0162475119564327,-0.00124752395802024,-0.000505222211272326
0.644042112398893,0.771301932387966,-2.2092653459843,0.548803908023732,1.19237742973665,0.129158531016917,0.013740747641909,0.00716477174010249,-0.00105001955062535,0.165817521551177,0.00866725200444517,-0.00137521830878321
1.7010014652973,1.08965337738557,-1.05745449910584,0.505549993102615,1.12746197961336,0.693476207550047,0.000986149873165073,0.000383145620215786,-0.000425874655231587,0.0112912478478192,0.000291925836931778,-0.000587057609603215
2.59526857121382,1.04786763775309,1.44292307369059,0.445208478911009,2.33091833266381,0.474876032957069,4.74040521432145e-06,-1.32596884496877e-06,-1.03358581249282e-06,9.66801685179398e-05,2.89923496047536e-06,-1.84384357429273e-06
2.26462029756513,2.41796097151559,-4.73314091958352,0.64975390069842,0.68296170021589,0.167969483181207,1.07497969358513e-05,4.76830031289749e-05,0.000136389332416512,2.67226799124041e-05,4.96640753332634e-05,1.57708019649204e-06
2.68022890218999,1.20903602236566,0.87235139344173,0.464650319991557,2.08631558207408,0.842260547526577,4.91872460420209e-05,-1.14036386835624e-05,-1.61593238072274e-05,0.000659047831773499,2.03349721179214e-05,-3.76619763719688e-05
0.578472649282776,0.650200959031004,-0.623593775244217,0.503583796043885,0.128266119809209,0.362640565797018,0.00897120482732808,0.000273724428305214,-0.00065330913160553,0.161575605651862,0.00291535256834964,-0.00270145689412501
1.72650688970461,1.49655173888347,-2.74794018666133,0.549051074541821,2.2438077763799,0.502217422299141,0.00692288543168495,0.00279145811080598,-0.00023430189171344,0.0288225016453346,0.00239580046358714,-0.00277131738253889
0.358300828712527,1.42944572330166,-2.01870861218086,0.51289310804514,1.09068627142266,0.614854501469498,1.02584053883248,-0.0593104434619314,-0.247782653261604,0.753531717974862,1.36593050345334,-0.364995826770465
1.66646359480219,1.49121493595209,0.828822783962248,0.487014678521125,2.55071681616171,0.39395827113571,0.0100680830825392,-0.00180153993965132,-0.00278659350224829,0.0382057821513989,0.0056727465048444,-0.00286993613770512
0.264610100293066,1.91774327016344,0.90316317488941,0.503467557376686,2.45605762692297,0.662473530274703,0.527388174231874,-0.230341593895664,0.136674459055854,-0.174764212478903,-0.347401217501944,-0.253438163730714
2.14868377394741,1.36692050853588,-3.2253112890094,0.465426893675432,2.08567048302823,0.6320857196633,0.000698661660213033,0.000421778438182211,0.000229172685795159,0.00499957067759482,0.000614473886715193,-0.000329637022557211
0.704060583841056,1.54528502667253,0.97084874103009,0.547004675414988,1.80499215314984,0.290104595495744,0.162188106781501,-0.0753792506198519,0.00110171790511433,0.138469413188047,0.0274741242678682,-0.0311241603443339
2.08084567693295,1.18820385551555,-0.751578628025258,0.502696338685917,1.37527100747567,0.47551692464429,0.000662193765276914,0.000128511511304302,-0.000348726881036066,0.0071273554246754,0.000226725608095825,-0.000253341694874795
0.760353422118351,0.800596830183383,-1.86194940900965,0.384191311581337,1.47625482125091,0.239802225583187,0.00622426698920731,0.00257837309402626,-0.00104881555535956,0.0778446321836736,0.0119667589374818,-0.000876074457518631
1.44384487655479,2.14641745020711,1.73779553815778,0.425878984571601,1.26243819000088,0.0817310515962241,0.0305856390498438,-0.0317218088848643,0.0246552219509465,0.0156452283115673,0.0136969960540112,-0.00169209533921548
0.310722036031075,1.95306868080532,-1.61625243844787,0.538014817049448,1.06900404790941,0.355021766471928,1.36599377108774,-0.540323658240285,-0.0762463110351033,-0.285796363143922,-0.736907554073048,-0.477377055796484
0.140077521675266,1.56376359667024,-1.71182684219762,0.488397006379106,1.53912781289963,0.372924435854711,2.25058045723888,-0.821675209123663,0.146796639791396,-1.47933019235393,-4.08484122511183,-0.853841348430318
2.37447741626529,0.609128714581748,1.3479435931949,0.511935462682936,1.19778778390032,0.275722519307038,4.26115061367647e-14,-3.39562012223865e-14,4.91481790933742e-15,4.27411581543674e-12,-9.99775677427064e-15,-9.63005417013551e-15
1.72525252092164,1.13656595390234,-1.24884390972823,0.518172411161352,1.36487527127274,0.209000108848864,0.00149204221530811,0.00055369895177924,-0.000552769597047015,0.015113669937742,0.000643248915969988,-0.000239804243902059
1.15462309455033,1.33601695416106,1.20473672721087,0.53597397832378,0.310318100606721,0.320415482796889,0.0146372097668249,-0.0275037201130829,0.0113710295101979,0.040227070325246,-0.0235234549037115,-0.00279965350424699
2.89133868234931,0.962457242332383,2.6696250564893,0.489407707362704,1.27101260164704,0.403087093483404,3.66145743605076e-08,-5.28616623348953e-08,7.32909250567419e-08,1.0899797077478e-06,-6.42406298498785e-09,-1.21614013936365e-08
1.11366431643255,1.54441029612838,1.87289448320999,0.507755534446738,2.04725328583882,0.381336319031404,0.0360560005371104,-0.018291065839173,0.00455562865713429,0.0659938757436073,0.00925457198567028,-0.00967791253812547
0.528007480443921,2.33685470776079,-2.40577631603024,0.505825977572442,0.915575905958723,0.498342293749151,0.956472869784574,-0.00836491401199027,-0.279587447448312,0.356014507003117,1.8084442454405,-0.239440752292245
0.949073815508746,1.39997803765518,-1.03619669201659,0.508209766879764,1.98491874921612,0.214707339186232,0.0861571104871007,0.00484335261310924,-0.033650186299836,0.207265138784285,0.0867571650166371,-0.0112783108355434
2.00625439399155,1.6978470190956,2.61225642263246,0.529739106469978,0.582658520605627,0.218923525093179,0.000122724265819004,-0.000446976293076109,0.000863479087363614,0.000264383768508114,-0.00031145177872928,-6.17638149898204e-06
0.138884780544322,1.52923770323247,2.33127066671959,0.62738339801539,1.38535333165496,0.315061728170459,0.0799581838902401,-0.0746082152964527,0.085175900282161,-0.25288707595096,-0.676779298413308,0.119965650685517
1.41992993735475,1.15616010557761,1.87135386162373,0.461414184799355,2.15559103303782,0.224201060291193,0.00302958135218224,-0.00127317890785154,-6.6494241922652e-05,0.022354620409878,0.00143255572603433,-0.000513995362850997
0.553233924764209,1.97663355913175,3.15771193784013,0.486198548558093,1.26293017625065,0.328358233558854,0.0201039548415427,-0.0283654846615339,0.0433154932099778,-0.0133549234924279,-0.0565714591295471,1.46970960251336e-05
1.92308768079383,1.32362564468795,0.82615895294426,0.547791423439745,2.24063794523288,0.580391271246778,0.0021188879100032,-0.000458666125130039,-0.000632628002494248,0.0144729861180028,-0.000502020242395194,-0.00103807962222809
2.96605031384388,1.32579766458763,2.41675302160591,0.423319499093879,2.00637666263542,0.456004393044048,5.20182113858119e-05,-3.11448529939674e-05,1.3508239517454e-05,0.000575157164713166,3.98547952894231e-05,-1.93387858349063e-05
1.45569713338045,0.786790834804068,2.54209165239541,0.620974374593291,1.32621218190752,0.160331126060225,4.51042584990243e-06,-5.30349169649882e-06,5.82513792224206e-06,0.00012026682949955,-7.30134450034725e-06,-5.14296756885781e-07
1.76191568513168,0.922563945298209,-2.86840894610837,0.668279534538129,0.6085470710673,0.588048445578717,2.79221872480179e-06,7.52413543390559e-06,1.05389561561362e-05,5.91989085567855e-05,-2.44799954321091e-06,-2.18393449692284e-06
2.81578913595295,1.69323305500934,1.72458955245284,0.476177108204319,0.241501889001292,0.176564292904422,6.67023142802287e-05,-0.000323867593123234,0.000340891202577003,0.000257836321249102,-0.000142871785905724,-5.02788435440466e-06
0.0809282518574037,1.45045273384822,-1.95293316214097,0.505920111297009,2.01864844202646,0.267670303107808,2.41966951987588,-0.964880353211456,0.508991526299665,-4.15558469567088,-12.082639291653,0.318940664519448
0.285516687633935,1.19978557940849,4.26935689010078,0.49788245189574,1.75084700242953,0.359939307241177,0.0504290366606606,-0.048117643098255,0.0673076644383027,-0.0306362394390495,-0.0997869765988218,-0.00593330842558999
1.45838225481566,1.86057513024108,-0.576918153330363,0.484453300806388,2.02344246756075,0.637750597365804,0.0503870002652295,-0.000952433360780923,-0.0210830869578584,0.0770903473267921,0.0473561788858886,-0.0209691569101665
2.03055850674864,1.42628949118972,2.37184800851155,0.448900379009423,0.554600760995486,0.327449140905227,0.000101601398158536,-0.000340199367374358,0.000561694069070351,0.000499931113204183,-0.000124828430468048,-2.31147603623628e-05
1.59891097891377,1.00767216118952,1.86138287005256,0.506554814643834,0.831598049878809,0.259300360838342,0.000156453276828186,-0.0002587281591392,0.000257180098363535,0.00204632523119947,-0.000116961517989504,-3.06577774196282e-05
2.61106075509451,2.26899337419193,1.38738390854448,0.357182556922005,2.62779598989432,0.435235924717831,0.00913003358428984,-0.00216163924076285,-0.0019421397724141,0.0131210215261253,0.0179843482554632,-0.00222597087502522
2.29559506018413,1.34956250905669,-1.36546555809665,0.468049618562265,2.90755718564276,0.112408871657704,0.00076766347766338,9.41137890101343e-05,-0.000217527417140176,0.00605721368464949,0.00058019442914685,-6.23079332153211e-05
1.21632064871956,1.25124108705133,-3.89424600088304,0.484770603687257,1.55320679079383,0.483734017222146,0.00403520172296782,0.00419309278532058,0.00484097743417897,0.021233036481925,0.00624010599923569,-0.00105422474027616
0.866626039613038,1.56013182946826,-1.80537872044746,0.476536598944141,1.55002345385093,0.404888518502804,0.149030704737996,0.037749464050018,-0.0493827749842503,0.236297444130024,0.267412714983875,-0.0242420546740565
0.418509593431372,1.02173988439055,-3.36048268929469,0.500467341070026,1.27316539908291,0.72319704350878,0.225353382869024,0.108316266531767,-0.00185990901676585,0.773290250333943,0.321240414031855,-0.0887901691046225
1.87117838838603,2.21758906647604,-0.131521464835825,0.534795906931391,0.807577992868814,0.340642896180228,0.0817956436175682,-0.0350002452096482,-0.0429591623792104,0.082647620994587,0.0358022563095904,-0.0200815989103162
2.39359328777064,1.07149488219841,-2.82733042201783,0.516979674859279,1.27360829627741,0.536192820908601,7.68060965279986e-06,9.75167778468043e-06,1.09834648538008e-05,0.000136344887128455,3.45832116627714e-06,-3.37785503257693e-06
2.23222493531648,1.58087190170015,-2.14048898712928,0.517380849388555,0.577535329378117,0.1347921474335,0.00178824868629177,0.00405442549815685,0.00398875036356586,0.00899849685320437,0.00354740581129809,-0.000109683846957295
1.13822721930919,1.40532536243411,2.39228491995544,0.530433505567464,1.53598481335771,0.671761671324372,0.0123325435043937,-0.0115110859016312,0.0107400102497484,0.031518346220967,-0.0057948399313845,-0.00664970316797393
2.94893800212303,1.42904428064098,1.47550323173395,0.524735702576028,0.600837137917804,0.43004580118962,0.00010424942519387,-0.000256425257889384,0.000289932268727193,0.000862991827587425,-9.9340903779483e-05,-3.29955578096492e-05
1.72097741842736,1.6050260089674,3.27122579779448,0.458522347313523,0.693522467290824,0.136093313263984,6.15410932291398e-05,-0.000214156795838546,0.000476706791034558,0.000131431005706468,-0.000130042790982908,-3.4003774757358e-06
2.47086699969368,1.67314927060647,-2.117638034775,0.530024426045788,0.561341568551453,0.406865557763579,0.00140972097506119,0.00341127949895284,0.00354323969841308,0.00672005261137163,0.00232816642548821,-0.000317830003114925
0.646906029921956,1.91119164668263,1.8856223790795,0.479791369007523,1.19510677662669,0.203703966861223,0.079355309671157,-0.0877939757098805,0.0845116955278595,-0.0188228529534221,-0.0966866876824573,-0.00882240643866893
0.22073487296002,0.86194484779318,-1.42973927143485,0.441718260629901,0.882908113683798,0.315468884978698,1.19642041091477,-0.0786814662043569,-0.189853122042049,2.18359286887224,1.93327178807202,-0.224659103901595
2.12401462630369,1.56380100788163,-1.29482236608418,0.578680855609769,0.966377077072659,0.341463501848133,0.00876704648152392,0.00541036735239336,-0.00278308656766553,0.0405466561741519,0.0018673575896635,-0.00251104946760752
2.52669524755329,1.96946120204396,0.4497120807148,0.380718589738782,1.05875225027527,0.500398621952224,0.0131686603373177,-0.00668999480703194,-0.00552635543806609,0.030412387608707,0.018711241390314,-0.00482252934694
1.07632765969029,0.583441736420518,1.16888788498983,0.489202920105517,0.69322715696188,0.212736233451885,6.15991143698513e-07,-6.26408934424514e-07,1.38894525060575e-07,3.06321056992739e-05,-1.69614625527693e-07,-1.06718813786122e-07
2.06843700465979,1.55518341600044,1.30106606120754,0.482240316959855,0.362572102536197,0.583025932260103,0.00180562887635187,-0.00481633083228518,0.00361722583148316,0.00671093612862883,-0.00156063095983434,-0.000811932306316946
2.01882343003526,1.11066517167488,0.550778489665911,0.479285968464811,0.590087380558369,0.120944308791515,0.000435726358090948,-0.000420693549968773,-6.49922557166369e-05,0.00550737708053785,-1.33858850375338e-05,-4.25340921261306e-05
1.1810104705859,1.41467944352658,-1.26231821213659,0.318383903723157,1.09868901350474,0.276233239017896,0.0411364568966341,0.0171809085984387,-0.014030592120444,0.122059876944692,0.123153663467752,-0.00350007109096301
0.779758359421976,1.00522517474233,-0.799257969078713,0.512046953163827,1.83021301966508,0.411920552688243,0.0403067509633131,0.00112499658326738,-0.0157919414804402,0.240473804162305,0.0197028241052757,-0.0125437123554222
2.38847750992281,1.30438645935681,-3.9373985307148,0.538304543208696,0.478193542418653,0.0749031938742872,5.6483469102853e-08,3.17834526150684e-07,8.13517757450599e-07,5.94170369351995e-07,1.72919477459989e-07,-1.26947468877273e-10
0.65049276339123,2.05400128245622,2.30569740745331,0.488988322085533,2.23100001476646,0.553224139305153,0.108918332989678,-0.0646545861709876,0.0496750880188409,0.00798631045244922,0.0273567582221038,-0.0356694665512015
0.518196034047287,1.05647050303593,-2.45757982663363,0.485925576648118,1.07721606351507,0.520196986602844,0.193100917192301,0.0860974290695251,-0.0241950763534717,0.672362080228336,0.331207336925286,-0.049002923542011
2.50749400054337,0.955142691769217,1.17222569144085,0.508441495382002,1.72942970469381,0.482616334654961,1.09974979511286e-06,-4.4300730261352e-07,-2.52034457153103e-07,2.89560814106956e-05,-6.43347113262296e-08,-4.4258166904463e-07
2.1402798000956,1.22525809288866,2.29313818054775,0.51284065346933,0.397202173307949,0.705734095704346,7.24045285393648e-06,-2.94890551179502e-05,4.31796104537871e-05,6.60941011472369e-05,-9.2087488387633e-06,-3.26820060219338e-06
2.96557271585334,1.26295914120746,3.97004704726193,0.570059459721113,0.870172254937827,0.426976318911185,3.4667098497934e-08,-1.33048223391593e-07,4.16828786142593e-07,4.28992701717058e-07,-6.35733090629005e-08,-7.82889286073543e-09
1.85001175604993,1.46834901007216,2.9642033556728,0.54524704983115,1.50259394816869,0.684232620690586,0.00116400576229624,-0.00140312340042465,0.00192092484696121,0.00500635281747974,-0.000773301864003178,-0.000643144151988357
2.45045012088958,1.54943396269245,-2.34290153968308,0.498978290992798,0.729959466013592,0.456647782261222,0.000673647292771824,0.00143798356975201,0.00172152749093768,0.00394352520007561,0.0010447966990935,-0.000174226649636697
2.46998312763171,1.53227526801828,-2.79838163792969,0.54480218901666,0.790476526106143,0.0929429594357633,0.000280797038541663,0.000670750566694829,0.0010510384043175,0.00173645371986214,0.000432751911607217,-1.54817844788327e-05
2.88675546975574,1.25849837027185,-2.66346008877588,0.535032722229071,2.18405065395113,0.315754688659656,3.71594660441339e-05,1.76464221796782e-05,2.44498841275488e-06,0.000480156165509543,4.14840628665091e-06,-9.46916764730052e-06
0.173023678874597,1.24606551852107,-1.77640855377323,0.464850565608136,2.3823575002823,0.206422529969825,2.01883475936713,-0.282169324463396,-0.3192627756653,0.839455851503423,2.33314966113704,-0.272111298741672
1.83297529596603,1.55363338547717,2.19771440350297,0.483116447730376,1.69072605236707,0.216060916798698,0.00518165188579671,-0.00396939605003325,0.00256958078195926,0.018320604662273,0.000802274709240355,-0.000828226809903557
0.25500299326377,2.28638274551166,1.195730137663,0.570244552446996,0.49612081746349,0.270192678254698,0.0449848316658983,-0.062344188826389,0.0379083826630328,-0.106675914102722,-0.469727655971612,0.0886671537005026
2.95555604473921,1.59169236244152,1.93144321832599,0.46460916092932,0.686751130093794,0.256397953638042,0.000142667888118797,-0.000383924124569496,0.00058878707182671,0.000809443320740679,-9.20277133920108e-05,-2.80355551298277e-05
2.96200401289389,1.09404258305026,-1.97721502129294,0.498095358893838,1.34101108318722,0.0140580102140341,2.56859887708818e-06,2.15649629863253e-06,8.15253692959061e-07,5.32452508968995e-05,1.36160316110155e-06,-2.78314481686408e-08
0.837687944341451,1.69541919955871,1.06778339638972,0.575669835339378,2.02972912593164,0.514280253572279,0.118967846351224,-0.0500682434352099,-0.00196297774286335,0.103596674773074,-0.00286879155191401,-0.0457189045049667
1.96878739708336,1.19471078271857,4.06937680705126,0.522743800071714,1.28891696739869,0.216441876030356,1.51325499308626e-05,-3.05832675044782e-05,7.06817756577554e-05,0.000141541893165999,-1.57711676121352e-05,-2.27176028835173e-06
2.9296847000951,1.97779098165641,-3.7967370261092,0.541618423923391,1.233062730872,0.581031642032626,0.000392275074762525,0.000717776690226965,0.00136120587324428,0.00130461901307047,0.000388781105497362,-0.000163184124328021
2.24910207770299,1.74306416056627,-1.34797617289854,0.477972814051632,0.876638424419508,0.51376678743407,0.0117572515163306,0.00924634810404489,-0.00203909377599552,0.0403469140362586,0.0144019685056749,-0.00387811722054963
0.1041855956777,1.26734467941877,0.367437426466491,0.465613424899727,1.14186060767632,0.299297333116024,1.24489953544243,-0.645396859077224,0.263193506858209,-1.7956500063232,-4.88788545960495,0.000350153160528058
1.20399194369093,1.74723116394962,-3.74986495557551,0.507773921019442,3.10638519127782,0.590459218221721,0.0341382917710938,0.00962194019534529,-0.00164308562659557,0.0570381247427882,0.0399522419242241,-0.0114892984482839
1.47695641221944,0.931380774904539,-0.902520061518741,0.319521108778977,1.08132762985884,0.0673875004354546,0.000373942836231197,0.000141863310610807,-0.000160790015347253,0.00599875370876516,0.000907016874324873,-1.59875312551327e-05
1.8456656929804,1.74249780819077,2.42734682076816,0.50139868787081,2.20407889461642,0.431920601349654,0.00861709724269492,-0.00463569814635022,0.00198782299900932,0.0206957319384982,0.00222684685677062,-0.00273220684201073
2.08433832220035,1.50724475343607,4.40677055229737,0.514602951998101,1.15196455435463,0.330779317320899,1.54911137042444e-05,-4.0891599722301e-05,0.000114492093310663,6.55632906023583e-05,-2.14187257646378e-05,-3.07861492923489e-06
0.0838543286547065,0.823956503098018,0.859226116916903,0.467277509150449,1.06919547783974,0.717533571430674,1.57639409991022,-0.591046378148549,0.13822879614911,-1.36789855904841,-1.07247893864605,-1.03623491106928
1.91309724805178,1.33690340527658,3.16802092212386,0.70889820423589,1.74182606965547,0.153726814729408,0.000515528285469991,-0.000530503817066587,0.000698482602972887,0.00328639451070273,-0.00127805404350818,-5.83763743785309e-05
2.46334643221926,0.777026416557569,1.86775883588749,0.54261443598454,1.87974439329103,0.0860540789400506,1.82040615655299e-09,-9.42150522385862e-10,4.79586066489093e-11,8.96141095702335e-08,-8.25111879318724e-10,-1.25796287959639e-10
2.37621879769722,1.74701514025867,-1.74995661330128,0.425593538099413,0.287187548428889,0.243325990106386,0.00284348160341045,0.00805083054271348,0.00493198533767651,0.0111590195579911,0.00927498590682162,5.00683879779366e-05
0.459116379264742,1.79824568192558,3.31616045485997,0.417076244197541,1.1239864492276,0.0315793039028281,0.0217480945326204,-0.0312730949113254,0.043445024173136,-0.0160963968794707,-0.0705348747027215,1.06654032953499e-05
0.278248629032169,1.79950267446177,0.829137015867681,0.554046444706826,2.1120637060297,0.251269840569459,0.532691867472371,-0.288008769397577,0.192918011409746,-0.275214438878076,-0.870515181129583,-0.0632836854589908
1.27330112109194,0.910594054995289,-0.718169737300962,0.545593750096706,2.42280387418571,0.548530466496825,0.000636609343645286,3.15982397771759e-05,-0.000227550942640157,0.00935383541249223,-0.000107871859155285,-0.000297539369006027
0.22916868084576,1.95300914164743,-4.15995356833143,0.44750474133043,0.401678556824046,0.466564886933848,2.75708633478099,-0.0256266249517748,-0.187947279727735,1.02964936508859,5.80103332973226,-1.25511229885244
0.733364273095503,1.22169500550293,-1.56192102379961,0.48374781534661,1.35000866805889,0.346141795650197,0.136631399342976,0.0313668271213887,-0.0476929024691946,0.397818639272897,0.192806312835697,-0.0268049361434229
1.60996841520537,1.35392688312394,1.89250197538116,0.494794023808683,1.75289919684692,0.227696313135124,0.00504993200006073,-0.00315663660854236,0.00106424938143671,0.0249566348499147,0.000443736425109501,-0.000865619475877804
1.77277771591907,1.20806077266644,-4.14222961213346,0.442284130592906,1.46661656408398,0.387342859420871,0.000165840335701865,0.000233648054943934,0.000393375420685377,0.00145807227839771,0.000289741871226482,-3.40332673762825e-05
1.26971706908662,1.8687117959999,1.51781065894254,0.558131568633384,1.2286249030777,0.360437548664315,0.0382947863939846,-0.0388337756782726,0.0281019830853061,0.0325849540626617,-0.0232865299741719,-0.00963876140282698
0.562795392645057,0.95012208900275,-2.92009506274806,0.472368677004592,2.09441026569002,0.226393005882706,0.0702922196604671,0.0240773873680434,-0.0065669192094284,0.355385552942273,0.109782065233071,-0.00845149984942082
0.710128534154501,1.55724918537257,2.31714991423634,0.446818145460751,0.952145174620825,0.372042732131059,0.0304388549592985,-0.0429793369931666,0.0455461849600545,0.00566692366687308,-0.0311705875972924,-0.00770418620163498
0.84028846709989,1.81152348048598,-2.18772661716825,0.495923838197862,1.17694344554294,0.487586546978615,0.229465912722583,0.090486090184063,-0.0596199564720898,0.263430149969968,0.510836546395214,-0.0239018656697511
2.81586433782941,0.916253536725801,3.24083029798908,0.442416488091486,2.18488965031921,0.608254586611801,1.81171271669542e-08,-1.19756394796882e-08,9.58203974777896e-09,6.14455934700133e-07,9.49995700162828e-09,-9.57951497712176e-09
1.80934727684362,1.7125479343346,-4.14938685826227,0.496115508235548,1.33615534563489,0.220269238589683,0.00166154929129294,0.00260891584597987,0.00452534748578033,0.00510205062283526,0.00373903798797735,-0.000106335978941256
1.8732531216694,1.21123550865677,1.18165880730328,0.511688879612604,0.889338128615664,0.488192646779311,0.00106000878879784,-0.00120581844811347,0.000512378438764143,0.00913539163874463,-0.000410988348396972,-0.000418741002790726
1.95262620832073,1.00310549720125,0.414091682068104,0.355518839478413,1.07581742383527,0.154855559900656,9.91435277381323e-05,-3.55303805126544e-05,-5.01685991355055e-05,0.00169538933846943,0.000152026819276882,-1.22290871459831e-05
2.20601052469574,1.98340056565216,2.59033693608265,0.469478623190064,0.819742016353999,0.0503381343780336,0.000683839477897666,-0.00183052526137544,0.00351866207449898,0.000965304902736508,-0.000866848813831243,-2.09207644569102e-05
2.21747894204455,1.39177783455139,2.00186049240565,0.681453991413801,1.01133860804384,0.341657184251279,0.00042404900595312,-0.00069473809792137,0.00086082205829007,0.00274377118880818,-0.00102091543382131,-9.04825540692629e-05
1.47699933144031,1.15289272976695,0.912424129225841,0.542644255790366,1.77387539834993,0.279417131197938,0.00359058451433981,-0.0012535011011968,-0.00088779299018489,0.0283043302137162,-0.000801393661468153,-0.000789234187655749
0.467749507701956,1.06660404018153,-1.89411131704588,0.522137457027791,0.186667236365394,0.640756870644198,0.390569217908614,0.106439953435927,-0.0259076532009897,1.16610100645163,0.408018059040341,-0.18604679749366
2.11157512131613,0.737439395197299,0.386469348931828,0.477563987519898,0.860329069151185,0.722365031693668,1.24768336715314e-08,-5.72081117802125e-09,-6.55606439629084e-09,6.14351610694622e-07,2.54873676135176e-09,-8.08400306863056e-09
0.755809897114523,1.00098843992682,3.387490903049,0.508948543617541,1.61217946013408,0.288535539057387,0.00619481492298326,-0.00640372910548203,0.00813349548382227,0.031546815780699,-0.00459301380191681,-0.00127937183968638
1.85520872442285,1.44483443165716,2.72239364179239,0.582983960461093,1.76568150747841,0.267888638158558,0.00206283643351564,-0.0017896351102437,0.00174631052682448,0.00965424244106391,-0.00177881318036213,-0.000416171760155117
2.46260267557809,1.35366232473098,-1.84784890786507,0.518932966870418,1.62919032620278,0.199008083057806,0.000600203851904091,0.000306294995802672,-6.47644177434406e-05,0.00514940645573227,0.000275349474762828,-9.08317888059909e-05
0.99334990590578,2.12110622207171,-0.636484426073375,0.24281632932754,2.908281952004,0.350160579284466,0.066832946490901,0.000202432176316034,-0.0204508111590827,0.0355301369027736,0.272077001819135,-0.0018121697099935
1.15505742989481,1.46545028710989,-4.13780821172166,0.489923201484792,2.11930548128077,0.175363616575662,0.0161997064393346,0.010614840525233,0.0083368270980578,0.0461926568559003,0.0291889858575518,-0.00120097155017377
1.46733498161193,1.16905795968779,-2.07343360510762,0.422794577685524,0.621711067085189,0.709923502880862,0.00212737987506281,0.00331689512108752,0.00199896129552028,0.0172647460881527,0.00369085497996311,-0.000744892614160641
2.64011134684552,0.984352754945437,1.7710348223506,0.510393051202819,0.757761130514663,0.372092023740946,3.90491880924638e-07,-8.02518863254257e-07,9.39767792542526e-07,9.7595020208707e-06,-2.40806213312959e-07,-1.14693545690533e-07
2.35924818802159,0.864281517533818,3.77842897164395,0.469108472441802,1.62504133720983,0.543257587465888,1.90287715729966e-08,-2.4529799055161e-08,4.13052092353138e-08,6.39059277673588e-07,1.26099638084262e-09,-8.88066681315512e-09
0.837845021532849,1.69411203554646,-3.11204353216161,0.432888847083921,1.55007342165309,0.579525179609951,0.103413166580351,0.059585833275191,0.00974105551900663,0.147037559222023,0.278703681864271,0.00105328559020067
0.358202792494558,1.44332407252766,-3.10181841079719,0.474960552272942,1.93193278586278,0.542545763469838,0.739376432446787,0.106003951275062,-0.178462797572918,0.749477870587175,1.76054437457516,-0.0401992756515366
2.68736933780601,1.07704440797123,-1.65883596878912,0.504757303919537,0.884686795934254,0.495521291718383,6.38200887543615e-06,8.0219213817285e-06,4.04388452298876e-06,0.000125892652930168,3.36635934512102e-06,-2.55448162311539e-06
0.893572573002893,1.5215725354018,-0.406674367289425,0.540521880252681,0.591472987264357,0.317051194022948,0.224037957495433,-0.0790692607565431,-0.0722614116839843,0.328741297143491,0.0670801644646389,-0.0564658734779568
2.77911310085328,2.58795152039194,1.65630835093294,0.531808711075308,1.92018122963507,0.424056705473329,0.013422118764572,-0.00715403789492482,0.000972779796854248,0.0131976721686083,0.00456933449924594,-0.00390220292876999
2.23447531410493,1.72137794359952,-1.52312562694245,0.554685682484919,1.11395655031547,0.454897428957353,0.0103396733103668,0.00666325721367168,-0.00199991328555043,0.0370079509072384,0.00488413316815952,-0.00374055145632487
2.34205572772771,0.811434218290942,-3.02655527424188,0.537238392390562,1.5293577386257,0.382999253466616,1.01050492381885e-08,1.03756852216453e-08,1.07085400919806e-08,4.15723834092284e-07,7.4961285113053e-10,-3.2465024482738e-09
0.105497407133225,0.825724288515219,2.60142522078751,0.517854179522626,0.330638025836959,0.512846735888195,0.489569812314672,-0.313181300811903,0.0512324427963081,-0.767286495171523,-1.31508615847219,-0.0332255023940896
2.15053512081504,0.733972118111789,-0.96790774303504,0.513424409627528,0.914153722170152,0.285588084752024,7.61477171316359e-09,4.63807978298334e-09,-2.7662212602349e-09,3.89816607434923e-07,1.38061611769761e-09,-1.7827291765448e-09
0.88205722454004,1.63291767632206,2.58931940459934,0.414382341733119,1.28017824963972,0.469381632679005,0.0223182418327599,-0.0269956655270739,0.0317141150288892,0.0130799214623604,0.000353331054651063,-0.00862453792254499
2.83810105011798,1.48002234833061,-3.6119634890783,0.538704629361783,0.531005983722431,0.332887498211568,3.11853356408394e-07,1.63147827586885e-06,4.27212145106781e-06,2.64872794772053e-06,7.74211447879044e-07,-2.71676979099346e-08
2.99122017199406,1.80190064449181,4.38597217851441,0.485056864460882,0.535735507857894,0.464193250527179,1.98506093768202e-10,-1.48282535291382e-09,5.76442084818574e-09,5.93564221742142e-10,-6.30566822009707e-10,1.6011891093635e-11
1.40931402773131,0.565237699526985,1.57370346997302,0.51423091170748,1.15682676892974,0.342819486502894,9.22306223911568e-10,-8.01015349218781e-10,2.84142028318559e-10,6.75828327617047e-08,-3.22980183351681e-10,-2.58536103365904e-10
1.17910437899409,1.85377795466432,-0.932122540886244,0.533862019692804,2.6147046761767,0.82208419097935,0.0669751570005314,0.000231437414008237,-0.022475211800164,0.0872065508570395,0.0152960875855968,-0.0480118268673136
0.267094925849233,1.89371986887077,-0.305257772239772,0.642976985539245,1.61330192042329,0.0574944481418261,0.64973118192047,-0.434802096559912,0.304625342738531,-0.701918201068438,-2.07266804047863,-0.000677235744753024
1.16140105654486,1.41272406034734,-1.45391551757954,0.453343254042729,2.52222430969065,0.338122109522348,0.0332318469987252,0.00407936836208522,-0.0103202325490188,0.0988404723306046,0.0439129730911222,-0.00651203869725947
1.22508575408719,1.1938168298436,-3.00924760832329,0.704776512738931,1.38002467997502,0.242193202423207,0.00664495198663329,0.00568144418128342,0.00333875376901402,0.0425418753062116,-0.00554731770523605,-0.00196282149411252
1.09578704705928,1.60459931332789,3.06428892751819,0.546755874761367,1.40757925269885,0.754826177616127,0.00737843759447692,-0.00966317256521883,0.0143226346499639,0.00868165265389441,-0.00637689179786059,-0.00414844501556054
0.112016840698197,2.37274187463255,-1.6370135093705,0.424912502209891,0.19795513009955,0.329172726035388,0.863720325464105,-0.528658191079052,0.0486548060641006,-1.29354538907525,-8.55260163448737,1.71599286587615
1.4055574917933,1.16184821188088,1.93874348830283,0.344433499856274,2.1656351376167,0.400676088342722,0.00275547250176142,-0.0011439468151532,-7.45774840134835e-05,0.0196615466819957,0.00463436263324108,-0.000867613178299147
2.17808903601253,1.315812348397,-2.41796499829555,0.460323917806285,0.310279077907875,0.339270883865823,5.78811346000551e-05,0.000221235900374353,0.000230227396689765,0.000516214735860197,0.00016396445874004,-1.95545486987668e-06
1.17503140489571,2.73413070439757,-1.86014874009236,0.570653273942233,1.35692103930225,0.368660435894628,0.254545613266562,0.0453275848056753,-0.114584653732022,0.131451571955083,0.487960047305129,-0.0222188094280159
1.71318186970893,1.81885201132489,1.04961023351998,0.476179459691914,0.503452942169251,0.122189372836647,0.0179331133049349,-0.0332899878993187,0.020345683853877,0.0257679780899043,-0.0145341867850045,-0.00159007705389477
2.31529496676521,1.56966409110014,-0.237315579409749,0.460659610699367,1.91744238785968,0.349885167737321,0.0042573007129481,-8.38578258298233e-05,-0.00198155199328649,0.0203745260180185,0.00351858542398467,-0.00106716619694997
1.65788368696813,1.60243904261186,-0.760626611646293,0.510243245879263,1.51251857544791,0.5147738155813,0.0254093209410224,0.00221991188201402,-0.0129144339477989,0.0772029050725305,0.0150867206770951,-0.00968854737019179
1.26782210241072,0.909828987343738,3.20439364872106,0.456782719429444,0.840650739832988,0.482728105752152,2.15209486143054e-05,-5.06645848661987e-05,8.82441335177934e-05,0.000295765222804613,-1.47718744394565e-05,-8.39447601747965e-06
2.16289089187048,1.02243884076718,-3.46735353179893,0.518150797468468,1.50440851260214,0.374862770900911,6.83966178706777e-06,8.07824594772179e-06,1.05819954683818e-05,0.00012610498586211,3.66905019460366e-06,-2.0201843360593e-06
0.339624295569956,0.842002748590702,-1.57258644934892,0.484026570490927,1.24134409498592,0.407976027459303,0.40242349991544,0.0294203187303516,-0.106726622955111,1.60299628794425,0.485857002949707,-0.106992775248586
0.543062394298613,1.66168197617541,0.978200641828506,0.505683023824174,2.07119728323136,0.234639099156935,0.263685449034044,-0.108956779580385,0.00478932561474801,0.0899806253668049,0.148248805190111,-0.0334577898228722
1.73149953588145,1.50780834591817,1.62920387958917,0.619003891304178,1.47482651019773,0.355317604333665,0.0071648535987567,-0.0056163996770332,0.00266477241764224,0.0265917948652752,-0.0081241971313645,-0.00200346662379449
1.89303602587897,0.791389922939206,4.48135733580052,0.470509025209261,1.93034570233895,0.394524152679714,4.35432064810491e-08,-4.78789561924146e-08,8.18793652793646e-08,1.52365576071042e-06,1.23385959326739e-09,-1.42846672599554e-08
0.430734023579862,1.30229259350029,-3.97141224610138,0.516385921301646,0.678698297050944,0.420242542389452,0.300336565451378,0.242007752310729,0.0620093595300983,0.699848025492123,1.08681415968669,0.0544363520846652
1.32182239409303,1.91254490315859,0.128252459010217,0.538109914648899,2.95078360590944,0.266087373625726,0.0566484807237082,-0.00547339922523516,-0.0160800191756622,0.0679780502388998,0.0481733292463962,-0.00870802550616451
0.764600552630145,1.96565444803879,1.66993365292133,0.503314840425109,0.264230903152249,0.407720327682163,0.0236563067293541,-0.0488438660085966,0.0223682285241121,-0.0155570906438818,-0.074610591092676,0.000978818619011895
0.583134428632911,1.46747127969601,2.4215155235337,0.495808581921057,1.55953586919847,0.0668542086253657,0.0765294587397199,-0.0677021745122525,0.0646419549328209,0.0252166973150807,-0.0443804099668027,-0.00317073593624354
1.18082496946445,1.44291604617346,-2.02453983761591,0.383080729089146,2.34497409075443,0.51260407579837,0.0277791555537193,0.00656411161711587,-0.00658305306569793,0.0785229679303799,0.055673059985336,-0.00678534457322742
0.1455245331279,1.71821454734998,1.5943315324691,0.486239798904126,1.13093674198729,0.429221419973087,0.272018022492883,-0.206161726976983,0.144516281448458,-0.414875227262083,-1.69723791864325,0.261913845517686
1.79363778769039,1.26501553826342,1.52546887015351,0.493006622736838,0.541693280498021,0.664148061628607,0.000754730950909734,-0.00164165940538788,0.00146242083094469,0.00510324015608347,-0.000464639986568882,-0.000410595853642927
2.25783148676856,1.36454925188879,-2.52280269422177,0.464994644211233,0.246136786416423,0.416371669935596,2.96706227103846e-05,0.000130486125996854,0.000126872595343417,0.000250945278265947,8.8593112137237e-05,1.93857969740105e-07
1.07247734600678,1.46193305705068,1.30334278816056,0.455388143874684,0.367580001279011,0.179765935101337,0.0245450387148028,-0.0441470438903222,0.0207747594738707,0.0378955704766128,-0.0263057287166285,-0.00320045900263012
1.39722343038302,1.07842648006093,-1.6861764588248,0.528074763171501,1.43413327219948,0.396549013698873,0.00286432729190108,0.00131607133679212,-0.00061049848644486,0.0273355960524661,0.00118722465079638,-0.000897885478497721
0.144769913947675,1.77871891539518,-0.959242987551272,0.539700363416229,1.08656532351394,0.20287753200231,0.91290163794132,-0.609913571275231,0.327105181769964,-1.6978223436799,-5.71142121404825,0.308098405799827
2.82710936738877,1.87145778303618,-0.186729730831174,0.546035968388384,2.46493477951618,0.111174120167846,0.00463119477145968,-0.000125952456768314,-0.00176690113426163,0.0156587949328136,0.000899462630003019,-0.000382003171195973
2.27613902258454,1.22620004000005,-0.297398399502605,0.511936217083813,1.81375283892704,0.097961192801372,0.000443519945116125,2.55865640885854e-06,-0.000215681742049755,0.0047441547473089,9.79449569864283e-05,-3.35670086601549e-05
0.63734094989486,1.80282785812913,2.57832857778884,0.472387092433042,0.591619943776971,0.634757950151531,0.0111690024767332,-0.0211678516855943,0.0206320138625243,-0.00594952184540544,-0.0259546570200289,-0.00149189454290811
1.63921870252816,1.4169965713698,-3.16948760777182,0.402810922756373,1.76423558415797,0.579940141379218,0.00376405208528155,0.00280304258958619,0.00190695742578022,0.0176267253214894,0.00691150734482888,-0.00112026126118359
2.59827243587933,1.70686984752759,1.64245566341462,0.526520906042418,1.79720802747627,0.328750362979798,0.00279122826418036,-0.00153510474833297,0.000131035366054218,0.0113342458828128,-0.000152751009348839,-0.000703124027314707
1.86328987515299,1.29512210449514,4.28661987104479,0.393119054971087,1.64363783393128,0.076981519203557,0.000129233416854554,-0.000181984615217257,0.000355621369731891,0.000869962080858958,6.14010708805541e-05,-8.3863782689354e-06
1.87382905191043,1.30327214188746,2.49450369100066,0.4671789218415,1.6627184217521,0.115598410337922,0.0010526518023911,-0.000899860053257992,0.000748469293517408,0.00711521855274546,0.000164273042712066,-9.35027940177487e-05
0.366247036692221,1.23805934889779,-2.82910628508305,0.544045839546306,0.262505194356774,0.0840286061201999,0.945076198007538,0.332455298248515,-0.0577128115916622,1.62524431239008,2.50504836251299,-0.0189197590501146
0.694838557427283,1.1678239462294,1.32626056482049,0.43665833376953,2.45542652787965,0.24858918483605,0.0713983775977896,-0.0197800033997075,-0.00997435998272945,0.196838053633784,0.0719839535519664,-0.011542455712751
2.02855284863617,1.12289028458416,3.58624008885512,0.440917270858926,0.924743821978676,0.617904476068736,2.0704688342743e-06,-5.8697290855808e-06,1.39767617293328e-05,2.4586058021901e-05,-5.2210404868743e-07,-1.15883015922636e-06
1.47977871622425,1.14081927036097,-2.00721556692999,0.406997719920645,1.0062357382963,0.547036959716924,0.00227546060002721,0.00223134315354284,0.000855498760613696,0.0194684727902217,0.00407504532805026,-0.000690463375427729
1.80957957170904,1.32414540906892,1.54570713707384,0.537760645532182,2.47071209530939,0.140114051250693,0.00270922313280425,-0.000789168993461839,-0.000437418544333802,0.0170903382024558,-0.000194282550075025,-0.000289852379641112
2.60585190627025,1.43760459459577,-3.32154973039546,0.53299228693585,0.726770987661357,0.107345910050612,1.42736015546117e-05,4.73699630649204e-05,0.000102882023560414,0.000115677950521969,2.72144489715147e-05,-7.49556549494344e-07
1.99327221674612,1.32738846474654,-2.39155761761327,0.419105075058171,1.37684650166378,0.284444650472344,0.00123708116094505,0.00108599035301874,0.000603004406184033,0.00893373013598613,0.00211906743664164,-0.000201564627418515
2.12719268241199,1.71792434547804,-1.45217128202507,0.459001037441845,0.986139392439024,0.29533931226413,0.0129560726206509,0.00962780896417966,-0.00177336738065033,0.0430663595146838,0.0203180583603889,-0.00211641310241044
2.3255171998404,1.39024024476542,-2.86466923701055,0.626443596584583,0.820310639319581,0.56279185177914,0.0001493071751874,0.000336673694168593,0.00051252215333909,0.00118888711942874,-1.3360122845552e-05,-9.25443976046991e-05
1.10660828923574,2.13857226889679,3.11693508948898,0.413820211150293,0.830210558714879,0.118265230547262,0.00179272763104332,-0.00440169371483611,0.00804068098607119,-0.00054727314884785,-0.00440735233000229,-5.59710604010919e-05
0.819646104238927,1.77307464219706,-2.56724130255827,0.534488852196128,3.01110321036928,0.66508359614054,0.13383123130915,0.0168688303831331,-0.0322231783480947,0.150057228544073,0.142638218662244,-0.0514344676242805
1.40106829253491,1.70265833839977,2.30475977930021,0.53543850187284,2.0538314902823,0.118883182324943,0.0208295929893498,-0.012482127138949,0.00669139980582645,0.0363372730448444,0.000300408226500986,-0.00170459636355715
2.84581751694204,1.3003645741326,-3.54850219730093,0.416378121607586,0.895042122462746,0.276180980564915,1.90733861575993e-06,5.54635508634084e-06,1.29558324686671e-05,2.24368120431078e-05,4.43171271930938e-06,-1.99188919052385e-07
1.9107506216038,1.44514849177241,-2.24096844099302,0.538862512361792,1.80106741992359,0.661573531579656,0.00384296414137871,0.00185940053556594,-0.000208353016328954,0.0201976294860861,0.000757095572267908,-0.00218419531739771
1.12863619419513,1.35865581234663,3.24532760892989,0.485033163624716,0.122183044036849,0.115038607110858,2.93616792683602e-05,-0.000124613106052813,6.0643654472825e-05,4.23098606719612e-05,-0.000121255457590111,2.06152436726053e-06
2.38373409771593,1.05799051425956,2.48132837096594,0.623573193954599,1.32531171135333,0.0668931232212437,5.92821474383004e-06,-7.5134825016272e-06,9.00992929378909e-06,0.000105622183772389,-9.21033972281877e-06,-2.88566697759174e-07
1.33830472662812,1.23643660269785,-0.611623576985113,0.619710877483528,2.50056634709586,0.30146217878398,0.00994724511385133,6.12707388435746e-05,-0.00354925600421406,0.0569863391008586,-0.00591951795746311,-0.00260531866191096
0.186054813442752,1.54009528454081,-0.763758250497033,0.446135690930428,1.27820825277234,0.158134246211317,1.59939594281318,-0.663779985178675,0.066287316971263,-0.565070088555004,-1.85157052860933,-0.281074224029442
2.41240622322075,1.63422642246285,0.856911092520976,0.328515962424588,1.69588310588888,0.230538706064341,0.00362589420470988,-0.00119619377824842,-0.00119835768056897,0.0154644971618891,0.00732231140730943,-0.000589386016220989
2.25426202758681,1.12318205631595,-4.30706558755363,0.487027617598982,1.16590778935612,0.49168490252165,1.85365886932505e-06,4.16423039880224e-06,9.71124343590764e-06,2.70151475837012e-05,2.31326594198509e-06,-6.02966212044385e-07
0.236198514315765,2.12433968274027,-3.98626274409329,0.521836943938405,1.46820216043738,0.5440433922761,2.52367521467315,-0.355258588306514,-0.355086528612582,0.0613702863345025,1.84678674396709,-1.53760676596109
0.681498740613461,2.62962390764626,1.74215152045275,0.457853320681082,1.49422148303788,0.279262383018813,0.0996008321896997,-0.0935094824087646,0.091975531928752,-0.0245772860410388,-0.131895830734327,-0.0163543615589209
1.23028019691119,0.832865719677638,-1.67152702337439,0.324557573028791,1.31393895668092,0.370517629279514,0.000225447916815082,0.000127183450916014,-2.21685839599175e-05,0.00425354308994309,0.000546140541261461,-4.99446120304823e-05
2.81329263874795,0.743217759922774,-0.390973319984886,0.454385406917092,1.78801867536078,0.327488168765163,2.09305634594186e-11,1.58840834705479e-12,-1.03174073852494e-11,1.36076738453859e-09,1.15858381344269e-11,-5.58095063797594e-12
2.97054204414599,1.28391517470725,2.30283834210334,0.546830292277898,2.59094430887773,0.394115264774814,3.65774914789555e-05,-1.31648945169077e-05,-1.16229878663623e-06,0.000452142028836022,-1.24358654545847e-05,-1.17549513850437e-05
0.252216693956871,1.93643899884058,1.58989895438979,0.535222001813579,1.03973735052814,0.608140745236717,0.15623705322341,-0.142359363267635,0.108543938404133,-0.155091277963268,-0.656981502417823,0.0838914391625691
1.84278887365945,1.10629865423305,-3.49334765088817,0.619350788934466,2.24293701468776,0.474066209532266,0.00018908962327757,0.000106139358702482,5.76169206354399e-05,0.00227679685095032,-0.000125776470232262,-8.45898174424522e-05
0.790635671943892,1.78046470736342,2.5767290625923,0.515576881178581,1.80177452586795,0.65151170541446,0.0481092061258755,-0.0396517141828229,0.0403404022391636,0.0164659162722349,-0.0102773576333346,-0.0224338929102567
1.38047473245533,1.41839106241774,-1.92226875298605,0.438483770639901,1.3363441832871,0.0928839290698457,0.0207741658071535,0.0121686399604482,-0.00153079940395957,0.0779217877238887,0.0383906163049296,-0.000931233554597855
2.86149835550459,1.27303006286977,-2.16471354252252,0.422809260321261,1.00752134468595,0.304942109406833,3.82327437791498e-05,5.52228155184038e-05,5.21643134005874e-05,0.000475033740062441,6.09387514639129e-05,-7.27253230265976e-06
1.55721044701058,1.06351825242453,2.00450854088698,0.46729544257031,1.4978289287213,0.0458127995290005,0.00061978256988014,-0.00049907687370533,0.000280252030610758,0.0066958502115782,7.051126692752e-05,-2.22450218685908e-05
2.20264050626429,1.46728252924998,-2.13217032944417,0.470811493138996,2.56983696248701,0.249929540102064,0.00204073133908289,0.000524889559914644,-0.000395850354964012,0.0116895048670252,0.00182022858510956,-0.000354367806008963
1.62691800313769,1.42985898953786,-1.59836580189409,0.460011862298248,1.9239988596629,0.491674258687321,0.0101494954759843,0.00275905023036516,-0.00306617959336516,0.0445974437193412,0.0108634437182669,-0.0033711626786914
1.25415798437316,1.22240836446139,2.09140230134428,0.513049912598917,0.724578397134227,0.382014942966284,0.0022855461967731,-0.00445111119903056,0.00503898135572044,0.0105456881368227,-0.00291653328817311,-0.000569001660097233
2.51781347034266,1.20039990405293,-1.76523518100636,0.594120072918122,1.54982252363156,0.428410067317917,9.75763502104871e-05,5.17732608922912e-05,-1.13894038049493e-05,0.00126793722044813,-4.58417602118431e-05,-3.7164148035823e-05
2.19614840522408,1.80941110140907,-3.5745803835297,0.595376374514414,1.68798735298335,0.315638708280839,0.00369123317029868,0.00344018499567953,0.00352969292611593,0.0114813814020631,0.00198818852379778,-0.000935559824706482
2.4087847419898,1.38647204689626,0.298197885679736,0.525440963978906,1.58549866347384,0.254938330672964,0.00129507480681291,-0.000265634859940806,-0.000614242621118928,0.00983529832810961,4.32474359616675e-05,-0.000258331780093074
0.413459054694977,0.936872506575292,-0.891484786649278,0.560934185947169,1.72560981795838,0.508360898915877,0.286466524694213,-0.0208965732888154,-0.087260025898185,0.994140526462196,0.051288244066652,-0.11997569879641
2.42265248575714,2.1300555337205,-2.27160802063567,0.457454098302023,0.963379451745148,0.631091346818924,0.00851374649702036,0.0114633006787506,0.00884465987486863,0.0178100976187975,0.0159590455425852,-0.00206648493987074
0.410268881858792,1.1595137957585,1.11562780464016,0.468515746629335,1.39797810423458,0.216495578937801,0.276106411843423,-0.153488243347367,0.0320080334042194,0.247136528969239,0.0417163691287057,-0.0431715882303585
0.417586485727225,1.79636376758842,4.10996905112227,0.541357775077187,1.32222551840871,0.784852997867984,0.00908210632794371,-0.0124880564251176,0.0201575723412113,-0.00641509157254841,-0.0246558456659776,0.00124541279429948
0.616903605009429,0.579518544078092,-0.499066294460924,0.71255982384808,0.900609322484846,0.112131690393599,0.000787122886457597,-5.44302328228938e-05,-0.000287973411757211,0.0222181060013173,-0.00170119803800523,-8.2461763207819e-05
0.480745238566306,1.02373325938932,1.86992988022972,0.479346999189702,1.03427242926826,0.531926206764497,0.0774556762585583,-0.0703194973261628,0.0413733114376934,0.160515385525398,-0.0387415055876026,-0.0326573735818682
1.22116620244924,1.30326765893088,-0.322095556896245,0.511080620211524,1.88889233555735,0.542164767941799,0.0245911932368661,-0.00132199813752789,-0.0103935537196779,0.103230041189842,0.00961272775223653,-0.0103343125925401
0.19394060743507,1.08871456313904,-1.39473597978375,0.461595612752129,0.217196639215117,0.703800230795362,1.63422917107916,-0.436974736985216,-0.0294087138653881,0.339582520871577,1.14906340902215,-1.00337443913972
0.96622279061703,0.994133756001972,2.1342356532546,0.49077126310161,0.780583180494779,0.402578615672726,0.00259808607928241,-0.00414837059697457,0.00394703930641168,0.0185624972331555,-0.00235323224084809,-0.000771752784459107
2.78716300401138,2.44927871111114,-2.43848310659595,0.532405512916506,1.14226029500294,0.699010964808201,0.00902948584621548,0.010417827283132,0.00762239019223882,0.0146579228463229,0.00857994202670505,-0.0044504965937847
0.332628955040127,1.66578003640102,-0.665688038554513,0.530543198041815,1.67444567036444,0.387738660885143,0.892121534789408,-0.307494947445649,-0.0663153093167661,0.0348017581144223,0.17108027968055,-0.237223250410472
1.68757955337642,1.45491759694681,1.35347030283285,0.463394714681309,1.87437504448845,0.267152966705967,0.00840272681629529,-0.00359356659999469,-0.000951292900227238,0.0345134940927898,0.00476252440115311,-0.00163883803190278
2.93652983125066,1.20581184684952,1.29749030029234,0.469822675475083,1.43960335901964,0.056613698813822,2.52526012833887e-05,-1.55978419186712e-05,-1.19586795404085e-06,0.000375358504668348,7.01570191086616e-06,-1.12733943392358e-06
2.11925976155326,1.35389786053054,2.1041842523621,0.513721831385745,2.06569316008704,0.351524955479832,0.00102952073717798,-0.000528387158762442,0.000111807663637098,0.0072072461479867,-3.23696632043129e-05,-0.00028294305595141
0.713543160771951,1.21860694716662,3.99112602462588,0.518428842478247,1.50420019872915,0.547992201300567,0.00574348857068829,-0.00755869183122963,0.0126467812976909,0.0102358167314731,-0.00638234750769623,-0.00202773873396755
1.67673844817327,1.25443010246777,2.24963042568147,0.483831928813366,2.53321727668963,0.103693877686078,0.00206851637946391,-0.000770306127844738,-2.03934215548487e-05,0.0141850499452409,0.000690671554513288,-0.000159928733057152
1.24341407056199,1.70880582986761,-2.14066446566789,0.574669092440282,1.02958674547472,0.500211062465978,0.0700252372462237,0.0493166559366688,-0.00218188707595233,0.148978209035446,0.0746727716234149,-0.0252578580424543
2.43914101299597,1.37872477723089,-0.329791079916967,0.563139438669249,2.76024262628509,0.212823910991993,0.000723544361363134,1.07342252762508e-06,-0.000248704331246861,0.00572758472166999,-0.000151627638861502,-0.000123235426450326
2.59795638784999,1.39863541885311,0.0785774232549374,0.668437516762247,1.74444050739154,0.328013245822754,0.000725562002680981,-9.12993739115277e-05,-0.000348920610652716,0.0059098391803175,-0.00106262063150025,-0.000216712592337112
2.95264053925639,1.65329464303692,-2.04966324749806,0.651214525784113,1.45605827972113,0.528773733504188,0.00109164265871373,0.000753133855846864,0.000111762440879458,0.00613384575189152,-0.00104810693793051,-0.00060733813484645
0.557158331747633,1.29835443549341,-3.8401068364549,0.732174201138093,0.861775682293999,0.327652155760624,0.190538304367841,0.158801335756169,0.0504944145359695,0.611739809172986,0.111331143582895,-0.100085662836816
0.121466051123571,1.2011492599908,3.04645111512888,0.532575527326706,1.63714630127166,0.200168272940007,0.227708160604052,-0.169710179288863,0.17385897625589,-0.534192451974603,-1.23078246357376,0.0670271180994493
0.428796749666799,0.763393003126999,2.9138915539502,0.498858974695115,1.25607257548503,0.495484402429665,0.0188370858380299,-0.0181505930292519,0.0160071351895717,0.117510655664268,-0.0156483037983335,-0.00695793946018416
1.93636863521533,1.22373758872653,-1.97376682696598,0.431025833626309,2.4504539551912,0.26386101094656,0.000820392048782757,0.000213493093783766,-0.000172029933824884,0.00736507936532483,0.000955338970303614,-0.000150833289401245
0.606117888109293,1.86873978115027,1.44314127212273,0.677035591006794,2.31588597686744,0.211708663691598,0.200211695638795,-0.100599400240431,0.0512790780961585,0.0365854816331954,-0.120360417842153,-0.0293004968449606
2.84261055542156,1.44686062798216,3.91519982311573,0.501047554707857,0.527179204679382,0.433735215242239,1.50778592027404e-09,-9.93265063001877e-09,3.3239220725037e-08,1.04476031304149e-08,-3.85550593731302e-09,-1.18578222353475e-10
2.10679057707312,0.895327926811957,2.65400513670389,0.499566739166338,2.38872816263232,0.433194616622167,1.26552640737229e-06,-5.86888619071295e-07,1.61244840952941e-07,3.38398844893086e-05,-2.04964591482995e-09,-4.51496070376036e-07
0.464249484974425,1.62379944988072,-1.36929452901746,0.545817871843578,1.26886248146406,0.102793832213788,0.798749681308533,-0.115327470932517,-0.247364054763338,0.435706061927335,0.946296606388192,-0.0444658602414543
1.13471027739579,2.09212508902462,0.175149161969458,0.517969406466447,0.709400246558319,0.177069108158378,0.165567394723219,-0.135173091827608,-0.00600508829576557,0.061498226227016,0.00692472032398204,-0.0209915523859205
2.28765457160771,2.16066124309833,2.3413131620293,0.545792990472767,1.191342124951,0.320749819328837,0.00418344957518353,-0.00642316562380608,0.00907498463180131,0.00514184035125318,-0.00327654639511711,-0.000909514657860179
1.49857908093836,1.21723917601433,-2.71551053763968,0.276875738293336,0.831839278315212,0.211003147343037,0.00082295761927646,0.00150001180649682,0.00177153113895757,0.00574851565968123,0.00354882667603127,4.12456033780972e-05
1.57131783769,1.16770802203908,5.45289658621693,0.474222311041553,1.85830845271003,0.281111584314713,5.33606180972387e-05,-7.57212699946481e-05,0.00017545388464664,0.000414647067457306,-1.85380161430887e-05,-1.15633641507061e-05
1.40510642752051,1.59414018957764,1.85950580121833,0.457080349572406,0.0847871364848197,0.23038401372116,0.00186637357842719,-0.00614232421419097,0.001495503061363,0.00252175133373601,-0.00442816650296138,-0.000152004217900129
1.1835192157072,1.64541881480495,3.9506942089769,0.492848925407857,0.90634057062943,0.42947694086818,0.000196235433986965,-0.000539685562817624,0.00124018840362902,0.000128199709785656,-0.000451873319135996,-2.11992914710205e-05
1.87329837137368,1.18046729435457,-2.98111447068866,0.508026952006146,0.992081949845375,0.192926112971454,0.000185639582921769,0.000325076789947239,0.000443517017809133,0.00189180626839524,0.000252406760655055,-2.25469595562973e-05
1.72579332632013,1.74238613771334,-1.29707030068679,0.511970160937546,1.26059700669739,0.633326640016491,0.0309302957827425,0.0106654523737026,-0.0131032125156997,0.0773174240389572,0.0225667331321718,-0.0145204707245874
2.380669314228,2.18192671215916,-2.80936778278838,0.287937881962902,1.77428863934,0.5565332529776,0.00653841102150556,0.00451216509790794,0.002286821847198,0.0105002166263301,0.0219333454444407,-0.000431781553686682
1.77298833928071,1.39378719215138,-5.60031141719654,0.432495439204176,1.58196268882073,0.33432288330045,8.98406877914554e-05,0.000153588240040769,0.000369109289530811,0.000506246082300461,0.000210475717106822,-9.10149019942502e-06
1.48122324297437,1.16185767230734,3.29345323021323,0.543420743207282,0.655762401690551,0.504610731887295,1.68605218622566e-05,-5.61524290084003e-05,0.000112730174079183,0.000112737612801291,-3.59276708683477e-05,-3.08854480297953e-06
0.640542067005299,0.975716824497066,2.42628416224407,0.515359266330593,2.0592318074994,0.497972897740404,0.0281900516673404,-0.0155683834304454,0.00777536239699468,0.133449886243597,-0.00614248055620565,-0.0109553314504501
0.264260104682762,1.1750978274971,2.17092851339053,0.325731579053421,0.903423207716859,0.0757983209563045,0.243590737962304,-0.191597985720182,0.0884095530381866,-0.015958687262635,-0.107821392452573,-0.0212601006923251
0.549397759512067,0.848404000505234,-0.787963804292871,0.484202258921978,1.18061804163017,0.491659460115325,0.0808311606435299,0.0004152247620643,-0.0292840724483339,0.5597001911594,0.0551593137869549,-0.0305848613654758
2.44902092464035,1.75272014704779,1.14743718557747,0.484103705593276,1.12624263272948,0.486276773523725,0.00536238508877369,-0.00478378675354952,0.00122459197033543,0.017964596420011,0.000725764933965234,-0.00206253327890484
1.32635596457403,1.22279481576881,0.149703354733823,0.550357289105753,1.11157191808307,0.371961663774315,0.0161544135615612,-0.00531693771244193,-0.00703795839097169,0.0916155883060798,-0.00363343429142722,-0.00486226512644974
2.7021798304515,1.1131722736558,-3.16954261076223,0.481073198728247,0.699637546385904,0.681814586424243,1.90135900306484e-07,6.51823412948336e-07,1.40956565170844e-06,3.48923985782858e-06,2.23606434149642e-07,-8.77725745460063e-08
0.620686272857711,1.6471855377467,1.48189656696921,0.498625143842004,2.36134599977752,0.251271403530249,0.173755353878498,-0.068063508288299,0.0061593948348779,0.088424119047299,0.12460319879785,-0.022947596276182
1.22707488589222,1.1760708643715,3.65796033027203,0.426205611004726,0.90356285006541,0.259633107751584,0.000133435555310879,-0.000332119158608999,0.00067324295849167,0.000675768537232302,-0.000141032207887628,-2.56173398137671e-05
2.9341650643968,1.74025398433504,-0.48693566328126,0.474383825398412,2.51668947142308,0.193915701989939,0.00216514687074862,6.62309371890607e-05,-0.000811154492375424,0.00971500816615302,0.00161880752223982,-0.000296068376417775
1.33126483354718,1.59299310743568,0.993588431209205,0.612962225462357,0.675278960990659,0.179049052468831,0.0282982814244657,-0.0403572788083039,0.0230852788606365,0.0504188546185388,-0.0480912574462731,-0.00322009713194588
1.80604290757328,0.70217713640405,0.926858958733012,0.494957792915621,1.85841210688024,0.536068598653965,2.6255669979544e-08,-7.33806381654428e-09,-8.35468013072508e-09,1.27770202626663e-06,1.84114556677329e-09,-1.19404902568333e-08
1.0369895497337,1.31769417524425,-3.73041742315273,0.408999840599082,1.92944233686979,0.314355610788361,0.0156100015774773,0.0106085481748598,0.00750169307038229,0.0543216339926574,0.0369273907162246,-0.00146789346282655
1.69305340694264,0.985269572254034,-1.24944978257117,0.59920464597201,1.20262436470521,0.738484316676156,0.000214051767420659,9.65331071176123e-05,-7.33008706681264e-05,0.0033807869910264,-0.000163674150424496,-0.000158219881634148
1.45810368546518,1.23078790039062,-3.3075443740528,0.473505178021198,1.11740532308018,0.335030136152332,0.00131114226401351,0.00196049380211635,0.00252069582447766,0.00892475048395643,0.00245120837162201,-0.00020589717353442
1.32030176569242,0.929274846266025,-2.49837052215914,0.621192466759042,1.27428077812233,0.181815537058329,0.000461258066917764,0.000399362183879727,0.000193911102794935,0.00681058115881973,-0.000126657786718446,-7.73592749937576e-05
0.268816501263063,1.64215208535392,-2.9468250875441,0.570122194536885,1.84720536451573,0.358434425015929,1.82793060845347,-0.158455925525102,-0.422768457892016,0.735967741344427,2.20351651784931,-0.376039627197285
0.88607819788158,1.52753399492719,-1.67409184592372,0.516732863565591,0.357238794461449,0.24673349489122,0.214980603195439,0.130806915094541,-0.0319950714853898,0.425324789969263,0.453212456246527,-0.02230891239167
2.91190338028828,2.08739873853245,-2.24891117462222,0.464508650859308,1.5385822495633,0.197748923085546,0.00557094202114859,0.00393022864072175,0.0011058911338693,0.0137917109238273,0.00846828493000114,-0.000587007989005246
2.19745155893033,1.0974517934557,-0.60806076294307,0.559693225833255,1.18599846615189,0.221547272462232,0.000161630109365907,2.85615877646576e-05,-9.6927252174301e-05,0.00239023109641121,-3.52827588903798e-05,-2.94765988502962e-05
1.66225288041169,1.23178460763104,2.0439250303415,0.5637683189385,1.52146337109373,0.299431229924726,0.00163560890731268,-0.00137822720680283,0.000914838131796488,0.0116233482547599,-0.00121729741610901,-0.000374597821712282
0.462452217959799,0.856018992531551,0.0402714039310239,0.515190718505692,1.05800285380704,0.546144607034199,0.145330005275789,-0.0441573826093351,-0.0315647186900883,0.742453189678775,0.00570761764607242,-0.0661457188829668
2.00635416862788,1.71223400311005,1.6022453540285,0.545532077786609,0.799691010372097,0.0498113006291728,0.00454726505671885,-0.0082623328285597,0.00881018612335666,0.0115338297736416,-0.00548055801920156,-0.000147277763792367
1.94063771265792,1.72598907438738,-6.21830112076715,0.518099137880491,0.735804530215987,0.215959795899861,5.815741448546e-09,3.15873123894893e-08,1.22197096431718e-07,2.51983164935787e-08,3.06077498992943e-08,1.99182895160548e-09
2.83081381602678,1.6761718212982,2.83035153803163,0.589585492438522,0.807013645198931,0.376669030884702,3.31556473240149e-05,-0.0001044481779409,0.000239001645681669,0.000142711265843916,-6.79351128485042e-05,-5.82941821360691e-06
0.0651542372303084,1.23299022123304,-1.19399847950334,0.320737817197866,2.38295293636577,0.495994117008604,3.55903453706012,-0.78357200144311,0.116153593341779,-1.59003524964789,-0.418720023318473,-3.68189567534771
1.23223276835633,1.02115444875144,1.7481278558216,0.511042575746067,1.32366450961372,0.0546590152385127,0.00220996008476974,-0.00187197725678363,0.000957930591637691,0.0206146267720954,-0.000835251990932448,-9.22652989881727e-05
1.58549898786005,0.78467631578301,-2.64066571271723,0.468295493325921,1.84505507930905,0.29692490427557,2.98931118363017e-06,1.78254295700028e-06,5.94854446339662e-07,9.00750887426452e-05,2.26498991565868e-06,-6.79319164427928e-07
1.4595705870539,1.37419199008201,0.93513218813043,0.442104080037042,1.90392449790185,0.0236649675875772,0.013207721485181,-0.00414125913287236,-0.00336209929099967,0.0552741081531167,0.0112843248781745,-0.000218441255422213
0.314609697205015,1.4846452590234,-0.962424713409087,0.700524222914499,1.08057508858564,0.0761706254257621,1.03688217302246,-0.55826642947588,0.0676352376799822,-0.37489386241684,-1.51352099189477,-0.060938247315023
1.49848495702026,1.64635291450876,-4.03213449876928,0.469376100251064,1.2864708144663,0.412538673942445,0.00341006307612758,0.00510303615448427,0.00794755752758783,0.00988038157062015,0.00853429761914403,-0.000221917066935456
0.549605145060923,0.567449737322517,2.57157253694073,0.466323404941559,0.26265745420826,0.263943329968589,0.000184217101519526,-0.000297218634048989,0.000100413950714513,0.00461098366990008,-0.000180638454579356,-3.67222301672508e-05
2.97086075578118,0.648352354056853,-1.14949391416854,0.575275968901374,1.94828575801963,0.377350798020664,1.25695510007781e-15,3.11963575837806e-16,-4.41683524768658e-16,1.31502013103565e-13,-8.04277980781332e-16,-4.02802130563331e-16
1.12217516145902,1.8481687734325,-1.89179992346697,0.438065899546009,0.904188357458392,0.205310761345763,0.11621101413066,0.0784376805726368,-0.0132935313554304,0.15121628734541,0.338939358502219,-0.000363541948456518
1.40887763458304,1.50349854643409,-1.91834821291371,0.411573819849513,1.00417879960471,0.708966580306937,0.0218781192298715,0.0175892501820944,0.0016675595159891,0.0730105102077407,0.0400622024463592,-0.00701502134713392
1.99070781957125,1.21047621171075,-2.41530197677324,0.6135823183348,2.2720353862694,0.333095467331536,0.000555153148209761,0.000200454539767964,-5.80944447432146e-05,0.00542137622666014,-0.000319454239128867,-0.000164343835327205
1.71996945447754,1.00656222018685,-2.91933008549548,0.546911653441275,0.147652840103822,0.167010262582254,2.78170862903815e-06,1.19719039091026e-05,6.92773412990376e-06,4.51174743289442e-05,6.42772816577257e-06,-1.80074654491911e-07
0.635659804556053,1.42101718440345,1.73531987083602,0.53286775505903,1.00321769196332,0.378517628634721,0.0727723402374571,-0.081620231875714,0.0641562926463615,0.0335121085689058,-0.086081584976336,-0.0171694612642086
1.21147514512995,1.52827065776361,-0.416216007756195,0.521639583968357,2.24751554574414,0.529228030483747,0.0457035656761182,-0.00202683247003294,-0.017176414615732,0.109947253333635,0.0239819252606203,-0.0176147072382137
0.318457121995743,1.79335511926619,-2.82477281021326,0.49859712673994,1.44800078735193,0.526276766847118,1.43454137416146,-0.0629390429714885,-0.344936699098589,0.613882431349912,2.47439233746465,-0.375647361426302
2.41235292500351,0.95910991034059,1.59988186242522,0.420863247417746,0.674128328485883,0.256095910048475,9.13702029628409e-07,-1.85855250184293e-06,1.84038548945859e-06,2.24923480368691e-05,1.71231563779317e-07,-2.03674785286617e-07
0.390304974711034,1.12213821979925,-0.0415633449148364,0.510403544188734,1.70648845981185,0.0668223747891714,0.465917380117327,-0.121417865834038,-0.0911644894372636,0.625155515458057,0.309873252801122,-0.0200655917734921
2.7656167961657,1.23924441381183,2.09989921234197,0.40509495882136,0.796720062117723,0.02066061016154,1.25016671297006e-05,-2.86261666560668e-05,4.22265007466118e-05,0.000155853567795103,2.05878987401828e-06,-2.24329789708211e-07
2.53741975509329,1.88558282306831,1.56660177926204,0.453196587587881,1.6021094323135,0.193366659557037,0.00582309432902185,-0.00374619968281492,0.000712133159938697,0.0158129665531054,0.00360842801316198,-0.00080436436282618
0.223007638950367,0.666815785414908,1.73585165251482,0.527710094244392,1.50727010743143,0.497347959043516,0.25739202666405,-0.124666757815204,0.0350174787150186,1.05901414110422,-0.158128898147417,-0.0996283138031313
2.61178811936406,1.59266401583732,1.01529726346824,0.525576447587981,0.583589850476258,0.12337114466173,0.00184882161368737,-0.00341195934424921,0.00218426783432472,0.00910064824622255,-0.00159220032377037,-0.00016638367715214
1.72299426052487,1.35545815103892,0.0170429566074306,0.411755963952461,2.34596487802005,0.208804556626052,0.00530522972951649,-0.000300539868540927,-0.00200501199870297,0.0290635377674263,0.00678017825052391,-0.000750876768238802
1.80458578604739,2.21840560978794,2.41575011068456,0.475332834607181,1.89733697365503,0.603578907005091,0.0155920607327481,-0.0113430091996789,0.00860484328198372,0.0134058008525576,0.00823287546123072,-0.00662058511488992
1.37519927631365,1.02816704904385,2.24256142516555,0.493067180835912,0.930828231890621,0.429639811088383,0.000394201342150056,-0.000643862453957933,0.000749805881538862,0.00400088450370751,-0.000256004448752418,-0.000131496091863435
2.52834089234238,1.58725203792108,2.59933984611671,0.484425025115731,0.618455950093932,0.093588715745332,3.12241156171782e-05,-0.00011649484596428,0.000243989990393622,0.000137821214263438,-5.287675929977e-05,-1.5904322118824e-06
2.72780023018131,1.45616765240491,-0.65977761163336,0.365861391840009,1.76924619156634,0.417539008317767,0.00073701501576858,9.49861640747377e-05,-0.000350839976919449,0.00549257800672467,0.00126675628536322,-0.000214826409879575
2.68503841001075,1.2224356385424,2.55863873712795,0.486453932389737,2.09929955851913,0.365808516488434,3.73072468651337e-05,-2.17063396090416e-05,1.01338222771603e-05,0.000480439246953755,5.21687325807082e-06,-1.09466710304553e-05
1.55600087667117,1.54187944295768,1.98406564439476,0.588457359408259,0.361614383627549,0.407879884638531,0.000842094540843515,-0.00274889987710062,0.00285719801207998,0.00172143627916655,-0.00248339731996239,-1.7662532189475e-05
1.48233940440696,1.51769393918277,4.80811010456427,0.577315366254067,1.55766363851071,0.0705034873251008,0.00030330774850202,-0.000528037073994274,0.00127958390774736,0.000767331294712281,-0.000504071705119496,-1.15812707486019e-05
2.79626457884442,2.48070000596809,-0.935134215730003,0.423345229522112,0.810044375551401,0.459207457854435,0.03137304498725,0.0163088434989204,-0.0178962109823252,0.0403696316759921,0.0617117816503083,-0.00598825236584108
1.05430525708944,0.913937470737951,3.44594537528211,0.471939405396905,0.686882094269302,0.464463123950814,3.29896722592325e-05,-8.89882171566739e-05,0.000149062997888183,0.000345769747114871,-4.42465909248238e-05,-1.00894034859968e-05
1.27291659339098,1.84445362133566,-4.09421786564568,0.566196128995203,1.2436542212163,0.422115605393143,0.0125664359071695,0.0173420445381986,0.0231425564891129,0.0262105798036414,0.0294911588195752,-0.00127339830465737
2.7063424859196,1.30589112977573,-2.42239582876755,0.541428433362481,0.591568664513808,0.0587790369602022,2.21708440989217e-05,6.6592084732949e-05,0.000100094563429736,0.000248434767931292,3.04706451865315e-05,-8.51945829163909e-07
0.374921922886279,1.29173855413513,0.49990652865231,0.528798652020306,1.59377746565382,0.228377990517182,0.476785719403063,-0.212687220596842,0.00671156324030946,0.207135752168348,0.0341790287280304,-0.0723228506593128
0.438882482901681,1.9673051607102,3.17599303371818,0.564909232528761,0.888525969216859,0.313968551533827,0.00735032071119075,-0.0131493174840081,0.0188640845645588,-0.0118150570210016,-0.0445121157336002,0.00534090966093328
2.83249905568082,1.38199840860415,-1.71048169850523,0.49429133340907,0.560441751129634,0.231992452789451,0.000167977052602231,0.00036916151236022,0.000313796710123113,0.00162197334939796,0.000235748232970175,-2.46199258796326e-05
0.645425735437311,1.0350232179036,-1.12407313931271,0.562148011878347,1.57018253038029,0.539722941554435,0.105065252331794,0.00556298284788684,-0.0400533082468874,0.461993206515394,0.0138835707374548,-0.0481125678631627
0.261829628911801,1.68327352511085,2.54821988732739,0.473983702988854,0.747620357272481,0.492669567134054,0.0734942020831941,-0.0834973192892795,0.0599195881820062,-0.0819948848825453,-0.325303941439789,0.0324147266066581
2.80322868828662,1.44420888697516,-2.53358639630554,0.513522645311888,1.87430410953747,0.446995913094496,0.000316241232044727,0.00018507681827202,5.00062015489489e-05,0.00254778048922711,0.000138876241335439,-0.000110959664676196
2.51825061009731,1.08654284294,1.21522681655198,0.665640244970001,1.47883927590236,0.145817219583589,1.72530857109309e-05,-1.00223783141595e-05,-1.26269477368162e-06,0.000303175297818331,-3.00510633250739e-05,-2.04018087752008e-06
2.45635583095718,1.00039749427878,0.44901595543423,0.658635668802788,1.0648795068119,0.378388651757677,6.78101590261788e-06,-3.12010913366155e-06,-3.15136371797813e-06,0.000150978676677373,-1.11831864719862e-05,-2.16348577606375e-06
2.85454636072973,1.30827139763509,-4.34417133166669,0.485712899699541,1.47969635914864,0.381057987101715,6.54138884328583e-06,1.05991153561447e-05,2.16047712479736e-05,7.49337447470273e-05,6.91032349573285e-06,-1.73964802582967e-06
1.00593816551846,1.26570868976996,1.93359367229783,0.520017111347627,0.2477989258014,0.254776046921621,0.00440475624339337,-0.0107316645212012,0.00545301209634168,0.0106235762431457,-0.0102874329409322,-0.000386598936671683
2.35305251100799,1.1162185019382,3.41539304841299,0.46585621566819,1.6364729751874,0.0447266603099615,1.0451773032903e-05,-1.22482654703986e-05,1.79771998255441e-05,0.000154456137326714,3.09015005217418e-07,-3.71264055826773e-07
1.28424844221445,1.38548629549546,2.25162728136576,0.501495792128404,2.09206845664993,0.296072656738353,0.0128531098277123,-0.00696530282981535,0.0026893222254175,0.0435622224993113,0.00178766545858386,-0.00278949135230908
2.44804964674404,1.97218762600163,-1.88677691286851,0.436924978698758,2.45707860732245,0.148808051441977,0.00860320293999195,0.00204549821595796,-0.00208392512622107,0.0200981652562955,0.0129310800909233,-0.000697735894105233
0.871039968996774,1.19732934923704,4.60071904287535,0.236296428389997,1.02629311056035,0.133441075928927,0.000222582897298273,-0.000498198533024494,0.00104077651557939,0.000625832310370581,0.000183625203285983,-5.12495457402599e-05
0.777260752266739,0.913967468839328,-0.59419227827206,0.494218156565967,1.43828623120195,0.154306553964066,0.0266733225579096,9.28168057287041e-05,-0.0114242867875708,0.217436459436267,0.0155508563629696,-0.00305657899165411
2.72085528936004,1.97116774315836,0.543889219123387,0.345443549455151,1.88865892291427,0.510128959170498,0.0063868170984846,-0.00134134791359384,-0.00252627933759271,0.0165032225514882,0.0125370554297947,-0.0021407697823367
2.53540226804325,1.21745544629512,0.710396348042725,0.587806739801064,1.0092162148215,0.186226788382464,0.000179007710677019,-0.000125605036694144,-3.88544570366835e-05,0.00218888327433789,-0.000158293872162127,-2.64626006873293e-05
0.620035164093133,1.61958960725261,-2.54129412402022,0.284604142965608,1.53935178239395,0.0705825197247797,0.157722506996575,0.0710062176330078,-0.0117144441812616,0.146907841102605,0.728368007374888,0.00640725089890096
0.698601883568335,1.73584096576431,4.10788107715865,0.483247463528834,0.641096526141575,0.426196124053596,0.00026210445985359,-0.000730419883151014,0.00121727099511692,-0.000243996977544236,-0.0011894223826989,0.000121549994618936
0.836395798099693,0.905072569428366,-1.64787230711401,0.452117750200936,1.52979536166664,0.307158311368531,0.0126655820470576,0.00411199399560028,-0.00342375315812041,0.118299007386467,0.0153984415588677,-0.0026059217659422
0.118117211037315,2.3055156569161,2.06205090567404,0.57422566099521,1.55041134565674,0.413679764376471,0.0218094987305381,-0.0207010307880217,0.0276340995963412,-0.0655195019052438,-0.351845243428301,0.123241053562969
1.45690144450637,1.20868694035156,1.21666061008724,0.624039974081271,0.855621968877898,0.651550113876447,0.00364828536166998,-0.00433221711972413,0.00222999153245748,0.0229994787483259,-0.0056222565080153,-0.00178627873020916
0.585743319976609,1.2413690337116,-1.3552158548599,0.570472880549208,0.527280639891871,0.249986017304811,0.419682338003409,0.028895099110153,-0.109135413648651,0.902629089141895,0.344145757090046,-0.0824903015723306
1.24732326106168,1.14317489526426,3.70024633208305,0.397511425223486,0.964367473648028,0.494319810563329,0.000115474152264541,-0.000270448637155741,0.000547107857675451,0.000682371192894997,-3.16446128744183e-05,-5.43700936550615e-05
0.89565969981486,1.60286045815231,1.41924747305094,0.514221881282714,0.552495161894708,0.299222969940514,0.0402641562263558,-0.0656374292841644,0.0437227766863621,0.0176277501653602,-0.0633058283177435,-0.00679234577824461
1.47478045710595,1.77845298801145,2.13249109824318,0.501467759729581,2.5864892476947,0.386512989872133,0.0226436110154743,-0.0084386156192877,0.000203831767567848,0.0375585723038185,0.0121540404113778,-0.00585695658531586
0.379336303530727,1.10670378277663,-1.7702128448331,0.502525572561909,1.70328480222534,0.424474560273482,0.547174313759924,0.023400714541291,-0.163002413763571,0.992259415813109,0.778430266795633,-0.122361157489543
1.89993559404975,1.45871097027518,-4.54687090431602,0.513280800442729,2.17976612736408,0.243325984699313,0.00126095423023717,0.000991259873909128,0.00117806864510479,0.0064236884925983,0.00125430571272009,-0.000203904534873017
0.151348156330641,0.882143248855933,-2.85807221813768,0.519721636767983,1.07898547012893,0.345847104902013,2.70574356350207,-0.0913872768006496,-0.356827872162246,3.4156374757776,4.03292288466481,-0.55460093919845
0.822739345999435,2.07051477714011,-3.32092696277563,0.415831520046571,0.772210900091501,0.518827056728604,0.109006335650528,0.12113358585572,0.0598839520102898,0.139032301502965,0.507447800968918,0.0692615790940584
1.06690857589711,0.798011690599568,5.07435091338718,0.441242380882693,0.678997742493373,0.503504847639439,2.92595932180884e-08,-1.12507186320063e-07,2.79635168404142e-07,4.94016784562357e-07,-4.23780697563849e-08,-9.79158022538862e-09
0.463254521042109,2.21043299293899,4.96124789843954,0.638930190585609,0.349987283716273,0.507757637744215,6.45211738899185e-06,-2.02159008511188e-05,2.12249376765641e-05,-1.72024897531519e-05,-8.21372426835916e-05,2.83950502354078e-05
2.94963776324876,1.94649428089019,2.9613363633987,0.518395671950979,0.631608790693588,0.423956039465974,8.56304479739864e-06,-3.80677217360219e-05,9.96182550628554e-05,2.01227870686748e-05,-1.84061178966581e-05,-1.25406483446958e-06
2.14967161249369,1.50230804962118,4.3210569221593,0.508164989894787,0.861654685464628,0.45017752237049,1.01102393018535e-06,-3.89430141269757e-06,1.22080408571761e-05,4.28818321075287e-06,-1.92619711537282e-06,-1.99680163403604e-07
2.76839210930048,1.42160489816826,-2.37420774716614,0.585091084231847,2.14195654154695,0.609897701835404,0.000293103798386029,0.000123170580032448,-1.5805300993375e-05,0.00245381378292667,-0.000134088775580742,-0.000164536480048352
0.722788025648333,2.21504373029855,1.73500749423989,0.499618838466597,1.33605794870934,0.0685814876572274,0.0877886245050715,-0.0904516481517291,0.0875406940743951,-0.021038147004566,-0.104344827368514,-0.0029994869439773
2.15595554085448,1.87405598976424,0.661246527411035,0.47851576103136,0.975554171002487,0.373600689260344,0.0187625494683092,-0.0143221572642607,-0.00218852519810863,0.0413505126217486,0.00599308827132878,-0.00528326457205094
1.12544356243452,1.30360192242536,-2.38249113552798,0.549749970171103,2.42114809560842,0.274008397928391,0.0246209117565498,0.00635124140683272,-0.00485312604786992,0.0976754286056461,0.0139383292360425,-0.00488149926749776
0.462358306965325,1.78682635287914,2.97351825925374,0.529169299412619,2.79262293394145,0.405738060212729,0.151071707175422,-0.0760477978496728,0.0653968078538905,0.00343824477865905,-0.00859288264929217,-0.031359721906068
0.363143828045577,1.05442418052307,-2.80724748461828,0.5004848264371,1.63556896100949,0.293834295902622,0.490551590962637,0.118411959521474,-0.0994616731146689,1.11353247429744,0.992213335592674,-0.0505442404102048
0.560652203729842,0.885136314084144,0.242695468238813,0.531083415455805,2.67114178943177,0.0248360221326233,0.0595567397284585,-0.00721981792959119,-0.0154991972278521,0.360320078248004,0.0144378459741892,-0.00108335608743753
0.594498805317562,1.41587590252103,-3.03158448739752,0.55718459403876,1.93344548901636,0.218893738158637,0.252158222924615,0.0784754722900409,-0.042357932743583,0.416948961626312,0.459318920906286,-0.020934839630896
1.24045590274036,1.57894524931144,-0.335837274455914,0.494539526639875,1.26062376663295,0.186963988623155,0.0778975194807204,-0.00965524439620936,-0.0394077514751186,0.164439197518023,0.0672499416913849,-0.00953623570508397
0.402941037737764,1.51529818263183,0.881834183141945,0.586856049687128,3.12009853935797,0.434401295458906,0.394145583685538,-0.100561294585687,-0.0188603049883516,0.184005580339967,0.156359698463223,-0.0977602108486987
2.59038462185999,1.92250241427428,-3.62526876502606,0.468530500113085,2.44518902303322,0.220517877676644,0.00325218831149521,0.00167258493355557,0.000854420018711116,0.00917584586880464,0.00431389776328224,-0.000413142997766671
2.23835066348547,1.12082405384871,-1.94597711264317,0.55481494806143,3.02477732739213,0.35220442381055,7.23798122097295e-05,1.25893345281798e-05,-1.61856089652555e-05,0.00102100050145937,-1.38904220703895e-05,-2.10261192802396e-05
2.14950080997078,0.967736742336105,1.08133267303445,0.528531407434404,1.50977180108482,0.147262028754424,1.27190664902343e-05,-6.11275636367498e-06,-2.56021626315748e-06,0.000271546178730421,-3.42027961677034e-06,-1.49155499481961e-06
0.773947607795708,0.828052380183114,-0.759208675664747,0.434899820149193,1.91510445851186,0.425583062367485,0.00881258808568386,0.000490866689508757,-0.00333946220421781,0.0995809312452771,0.00915896263167086,-0.00275088556756691
0.0935688322992064,1.57556961641316,-2.20402635709066,0.489015567557172,1.97951887936375,0.60742001683586,2.45451880457124,-0.731570312776775,0.216471212575923,-2.03711749094534,-5.21939664375462,-1.08206581116925
1.16132545011351,1.32159135106088,-4.47179583845099,0.549769532885073,0.584474846191439,0.502515432129336,0.000156982948374837,0.000491481464220504,0.000824407863131551,0.000874128116456771,0.000474144371514738,5.80028444724724e-06
2.43902350662975,1.92434230226966,4.16677402010798,0.4811060371889,0.139461819031264,0.30618205586356,1.59076916646179e-12,-1.66883584196953e-11,2.39039685684937e-11,1.01720694059148e-12,-1.09437904452756e-11,1.53458553816173e-12
1.78883516279748,0.982171971081235,1.71874271863426,0.468475447026733,1.2153115609476,0.277179155053635,7.10608429443716e-05,-6.89705358549433e-05,3.89773281087176e-05,0.00117012692914438,3.56535869492837e-06,-1.59718172880179e-05
2.41075466464972,0.987359545770817,1.50299504607101,0.50169570833655,1.55886093427671,0.44532959126027,3.587410253887e-06,-2.15392016028382e-06,5.20155336381678e-08,8.13500602286307e-05,-1.89640742430451e-07,-1.31886768433455e-06
1.0993614653009,1.38906965107113,1.43462842233799,0.476930300245642,1.08838134654812,0.388196148387184,0.027540892852358,-0.0267624994627134,0.0141217518030379,0.0683853879748655,-0.00323809024903515,-0.00826882537539386
1.4643187749316,1.78001304409216,2.38640179883262,0.565109111914606,1.89168426241781,0.277614095635484,0.0180141528370242,-0.0129808052138203,0.00971516849913091,0.0278726767249073,-0.00621131832738202,-0.00358527049620752
0.872039488807786,1.06086439637748,4.2235449236522,0.576188359133491,1.6154786217059,0.405609896459989,0.00153097596586377,-0.00199620639373106,0.00354968202500707,0.00746959987158934,-0.0023158703497486,-0.000379061927809458
0.772923814004753,1.35135905967846,2.32356868863063,0.53386145560819,0.902968186710673,0.246406970667481,0.01849977848886,-0.028430336467605,0.0315883835566077,0.0193725941674256,-0.0320232626659595,-0.00229229620654967
2.37266088927863,1.24739961554708,2.4879977031714,0.469032313052662,0.678698444954029,0.71579320427952,9.48153851846153e-06,-2.92179593878686e-05,5.38905122303001e-05,9.48419210685879e-05,-3.78177810266188e-06,-5.98203198051316e-06
0.147228619956877,1.52172811746717,-1.08525479092815,0.466007587824802,2.07854913856603,0.3267175409861,1.97944253294226,-0.644950613738526,0.0963629764129312,-0.798460633353208,-2.13408985753247,-0.67541994021212
1.78507394666085,1.60810033589248,-2.23089302836619,0.468113010999896,1.12050292923205,0.138118075469823,0.0105490511816493,0.0104954115669408,0.00519500474266795,0.0364632313250425,0.019716680366136,-0.000662893636528947
1.85370703317458,2.18784457380528,-4.67852069974378,0.471153211684294,1.632429533403,0.29658331074603,0.00374080311620589,0.00478352948243442,0.00808537718414409,0.00548686553898642,0.0105828213926114,3.94839581452784e-05
2.72992246466456,1.87374106630642,-1.41970064697255,0.631041445499794,1.25653544576574,0.735079865712714,0.0058714954619879,0.003044520081134,-0.00177912593577262,0.0200000184621412,-0.00582681833461393,-0.0049902641598984
0.085820394649636,2.29174572447174,-3.36288500942477,0.442095256827237,1.56995828646499,0.124767265440827,1.26725353568991,-0.718300987237913,0.506123585399579,-3.03987018638532,-16.1861995832937,1.51668435279782
0.735347612691112,1.38478116430323,2.50804277460068,0.524652564856334,1.35860985060157,0.524049462093308,0.031147322385715,-0.0335827882154182,0.0362954454198552,0.0326822956491622,-0.0257073100380289,-0.0112804133914876
2.31746537487488,2.13735587417843,-1.26566634686487,0.538546429558527,1.33317557605199,0.0547383050926087,0.0287012610854238,0.00998884502141713,-0.0126865441590459,0.0503347587524664,0.0284286209174383,-0.000975663324238802
0.467234847263899,1.84720012571026,-2.35958710170158,0.640597806576865,1.88227420312855,0.100711344111832,0.89260955607793,-0.0278508380063768,-0.29331095604081,0.503809130795939,1.14954181044288,-0.0399823773372776
1.6959897480323,1.27050472036708,4.01124067550805,0.729637677018705,2.00267011238587,0.447559365990848,0.000366229150128458,-0.000359946200874864,0.000549313442058377,0.00239851346723751,-0.00103898081623931,-0.000125761369245775
0.763907569344155,1.41115936494083,-0.813092299494711,0.431067608452554,2.13379194284807,0.46976480496528,0.133187880174015,-0.00095217250189337,-0.0479967977892641,0.225371448931523,0.217173481189893,-0.0305630011638766
0.811190536245704,1.34123285382686,-3.71302380414908,0.524442208859348,0.775445119721932,0.499753643098935,0.0232630281382964,0.0347752157753526,0.0307233730474953,0.0808766514964426,0.0635733830552295,-0.000590830598589677
2.97524749001022,1.66985982894676,0.607246607597726,0.543392637484754,2.19513232620891,0.319579822714052,0.00149960580486018,-0.000265324352562588,-0.000535237546736368,0.00786729332682724,-8.5714441887836e-05,-0.000376724525694612
0.897600785747636,1.09883282631091,-0.41804469444845,0.479817505441567,1.37067026661521,0.457122795116575,0.0435361405550606,-0.00269409355494268,-0.0195491841728567,0.223458786112042,0.0297380500275047,-0.0148728223442247
0.64714851283934,2.02751140847958,1.70400843526504,0.54697327201122,1.4006872325086,0.240958310612412,0.104414468388334,-0.101168801101395,0.0961542041264581,-0.0281705283356373,-0.131693800744219,-0.0116671163402928
1.91177161029773,1.29602061437326,2.9736858522707,0.515588290410847,0.81481328852357,0.437518765169045,4.56816063391727e-05,-0.000127268748274256,0.00025772785988503,0.000300466001584424,-6.28832441571298e-05,-1.2473455047028e-05
2.63873846889474,1.72607798459385,-2.49807649247347,0.414395647408584,1.63372060510308,0.232218383114045,0.00218170169966885,0.00159025790667476,0.000725063923258126,0.0090356198983551,0.00387084444273386,-0.000273335599664149
1.56267539624823,1.31151742091896,4.6087049718176,0.539633539403268,1.68450449736475,0.726192665607728,0.00021379550613214,-0.000309049700295412,0.000649708718403191,0.00108673552143865,-0.000160923726003718,-0.000122567047747729
2.51564918619115,1.43644528219218,3.55425005144888,0.466767223853012,1.51525493458491,0.153727983629804,0.000102265168013891,-0.000145060413222121,0.000254268945670373,0.00070018207937247,-9.1661400963309e-06,-1.22147174983551e-05
2.68122620553477,1.02039526932422,-1.85985680920043,0.489020683217869,1.12626715618427,0.0461357685742419,1.94048256333568e-06,1.97862250550316e-06,9.40825593425985e-07,4.50666826460604e-05,1.32998991938722e-06,-6.79977103444125e-08
0.316987260081805,1.65820357067708,-4.03537267455171,0.477294903523104,2.29986680020424,0.573208783729195,0.953678048061382,0.128766106611941,-0.201380189386847,0.789125166974472,2.50137522193345,0.0233312721608909
1.59135662252083,1.80529628554662,0.343005170117171,0.47783048660337,2.18238450818946,0.0943999678638618,0.0345727513836381,-0.0056812265834226,-0.0119553311311721,0.0613425069935897,0.0345042383268041,-0.00193953864223754
1.46692059240304,1.41468317970679,-4.60490752979014,0.597833453559282,1.10548751853471,0.502868526822558,0.000397922912577804,0.000835539206228141,0.00171051894046744,0.00198761532065692,0.000466810213814927,-0.000157098586006707
1.3544446353917,1.61813633006964,4.37624341717617,0.52215597980009,0.957538155323219,0.277692964703037,4.23718960996344e-05,-0.000127459995743426,0.00034275157954435,4.68840914557006e-05,-0.000113408588308893,-1.37888157521989e-06
0.525137921818532,1.9355116651132,-2.85409120365885,0.512586785133309,2.04421282858256,0.318791488412577,0.536812752255616,0.0784053132261173,-0.153751981841968,0.369962216504828,1.29052421059155,-0.00734430782146906
0.866584322380368,1.77220545434524,1.65383345725232,0.607759121903063,2.39305776336498,0.411568035601373,0.0968352575456508,-0.0407370190971297,0.00760674950077361,0.0764207989960187,-0.0144050943829907,-0.0295959103799117
2.43051215814194,1.03057593335374,1.77854554062831,0.324797711224121,2.55027498324508,0.380422205832403,5.67786333715268e-06,-1.58176030073432e-06,-9.69532884369032e-07,0.000113506918873672,1.11181903137596e-05,-1.73563616753186e-06
0.355933104280848,1.44491464162899,-3.13725767174969,0.705039403735292,1.90321855465103,0.421937891362288,1.08395137878198,0.0403208288049351,-0.306745985193492,1.23556935545246,0.231429893896834,-0.56681694632681
0.612126383965369,1.26129323929388,0.246406311338896,0.453771378570851,1.24243871910073,0.616828245773516,0.192371230099707,-0.0747901189431264,-0.0363508728673485,0.31321788692931,0.14223137990776,-0.0902985535272662
0.778980602312367,1.3697374889321,-0.284113524750816,0.509031773264398,1.63342795330874,0.158223892779831,0.158918432559704,-0.024691507368791,-0.0593138950158519,0.300078857075604,0.130628861511897,-0.0159805861825585
0.0576856979867443,1.18550472011897,2.19389762107045,0.596864260714271,2.10276386117717,0.149132229335699,0.165723860347696,-0.106889626381012,0.129441443300036,-0.931926546998497,-1.90770273105443,0.226886550969632
1.33350698386785,1.08430900471536,-2.61729807949895,0.579392084390568,0.505607939882297,0.360502258982327,0.000928963793597789,0.00197202096816498,0.00165262881853023,0.00902296614284761,0.00110085419357138,-0.000253824226249266
0.960069394740276,1.35496871592805,2.19961687715457,0.456580994103126,0.963419677382869,0.361006399133385,0.0139417376976946,-0.0200558725068001,0.0210485818709532,0.0272503203559577,-0.008555094936826,-0.00380749154062835
1.02503852313384,1.09163096195991,-3.87129943290167,0.499957708485225,2.15828937805602,0.253160699557467,0.00662828978979818,0.00392030748544959,0.00246774280956623,0.0431806526084347,0.00765055288472195,-0.00106867259547354
1.48894400948193,1.14026794628806,2.18483540418282,0.476697685663604,0.995716458569086,0.441415008284642,0.000779665845617486,-0.00119268549311767,0.00135237419390425,0.00612149678859102,-0.00031549774580158,-0.000276140866822381
0.880114637839142,1.99601040302319,-3.42454494102837,0.483816491160194,0.816657067439348,0.336854697312088,0.0853282940242273,0.105582319060892,0.0689399469838101,0.120767973321531,0.380405184181316,0.0295144309371772
1.437622433668,1.77631816857205,-3.2909112092075,0.485439942048363,1.95753585149745,0.0337821500334095,0.0239557766358126,0.0142377700316753,0.0062074595365143,0.0455031962729032,0.0461764700772621,-0.000291297772740049
2.83206037944183,1.91408404946332,-1.8526953297166,0.466911936776401,2.21087254245045,0.110789764212139,0.00446820904600968,0.00130979713965013,-0.00103582483416794,0.0140219565326108,0.00501801231886547,-0.000310444885555478
2.3134806768503,1.52447991206764,-2.69953877880056,0.54266365582758,0.671578645330231,0.67912399327853,0.000309421681989832,0.000807865133655689,0.00118476593559176,0.00187250677512421,0.000281896281964096,-0.000164709216522786
2.81798611967824,1.69291332216646,1.41441825508875,0.450815837626218,1.3240017172179,0.236891788792371,0.00192113500957776,-0.00153718296335934,0.000422702092338831,0.0087372027999758,0.000903737720031168,-0.000347699172780312
1.04844455289422,1.06951826377094,-2.99626200291736,0.572253646967094,1.99140741975643,0.51561107990353,0.00758695413365377,0.00371181668149089,0.000558161215172285,0.0547398231620102,0.000959118143412764,-0.00339767794358763
2.28895029290579,1.13909279608771,-2.75060527274336,0.527141461411211,2.05185092759171,0.446536950075747,6.29049551157478e-05,3.36552948065624e-05,9.19357145109287e-06,0.000868127308785345,1.26925857290253e-05,-2.29819191778035e-05
2.50480521956924,0.697813057252808,2.45741127096823,0.515023848409887,0.180503874883157,0.238586871041086,2.34494804162381e-14,-1.41118745002356e-13,1.43499088627088e-13,1.61195117396139e-12,-3.87359248881705e-14,-3.30334924462359e-15
1.45002631722018,0.928811976736858,1.37062889384815,0.50423027750485,0.816034858032938,0.381902981030709,0.000229472457187276,-0.000286016262924906,0.000153252524680699,0.00354342015689751,-0.000110683411384105,-6.9979066586106e-05
2.26888803908369,1.2462754079187,1.08924948651202,0.424571895113657,1.23590727804427,0.197633201968385,0.000462512658619339,-0.000311055752791619,-3.17380972107952e-05,0.00459666664647608,0.000316426950721005,-7.25973600903896e-05
0.726909152080771,0.870273785834426,5.20132690909543,0.458293964958314,1.30992712003,0.414670855351915,0.000120627513298409,-0.000223538972433334,0.000491839765292979,0.000929329071588658,-0.000130817203265596,-3.54403099603869e-05
2.82392099341378,1.80705991008073,-1.16199777373443,0.593078529659636,1.26042359008737,0.341415446910115,0.00549654492938554,0.00221492283202464,-0.00243401425773397,0.0216036414168773,-0.000574703041161791,-0.0016026719661267
0.494212282740045,1.08095210957464,-2.31827817328117,0.541829374582782,0.91289255740333,0.650744059894892,0.273996682998941,0.098805948423161,-0.0508154059329318,0.875795218151743,0.25030997191005,-0.136967103979465
1.30006137172459,0.793484878320404,2.51102443605527,0.475467449738768,1.96587248387211,0.368702667504764,3.26497901743392e-05,-1.97428935395425e-05,9.62974980779069e-06,0.00075372286236474,3.93240585011575e-06,-9.81522355098376e-06
1.18159265391296,1.30449908387896,2.83037063615697,0.497369664878969,1.15601756856738,0.171287573416458,0.00323043739769174,-0.00499787851370646,0.00723008065353429,0.0108033532981019,-0.00305431000457881,-0.00037513344953915
1.56046778557356,2.12926570555059,0.43211969740664,0.518312243666309,1.40384113387063,0.461082133295297,0.067412420049685,-0.0297820668847678,-0.0173370468846024,0.0603186175058564,0.0355381849608176,-0.020855145888926
0.269826083432417,1.07418046959785,-0.931130690721367,0.42951346075848,1.82066405457824,0.450404677797927,0.844691981719277,-0.10742482331255,-0.186567251112061,0.857412176071032,1.36334526691944,-0.196511091377858
2.99334821929224,1.25807898276133,1.89683521267969,0.515694978698766,0.373499950852933,0.18182238897576,1.40102993362905e-06,-6.24685989043477e-06,9.29934706449547e-06,1.76471717162794e-05,-2.40278350611592e-06,-1.43494563357647e-07
1.49300263252808,2.717251916018,0.946274765011989,0.457229788398862,1.09727517058692,0.275951290739174,0.0671537032371752,-0.0638874335405006,0.0278004272276532,0.00947703587229773,0.0251207843525172,-0.0116080898617992
2.64904469415778,1.27772345266389,-3.31035103236086,0.368728580388081,1.61969283685701,0.0233297183863254,4.23293798953112e-05,4.41850417585355e-05,5.18569584015294e-05,0.000473215180710626,8.90950345089308e-05,-5.58712564042612e-07
2.8253141904599,1.82443281463915,-3.19977008931594,0.210417566428298,1.40424871549305,0.293794217953698,0.00046950661944578,0.000613773937280827,0.000843561302309938,0.00171477890944056,0.00233356165024975,1.08453033922319e-05
0.838507082813885,1.55609060539475,-4.14402797198708,0.585762266045773,2.06940301290399,0.43268419108274,0.070040764972385,0.0385209160645981,0.0176073416108797,0.138206405586503,0.0966401062052026,-0.0177299601159151
0.524429938406684,1.54713171003755,-0.538055911582782,0.530380013751993,1.2726194813135,0.0847716055388534,0.52391849872396,-0.152727762590831,-0.132135810173978,0.299503204962958,0.399573418536762,-0.027215178813307
2.38281939293956,0.78652799900366,3.90649941564439,0.552854462683688,1.05441997888425,0.418797863613414,6.06837057046158e-11,-1.61788464333279e-10,4.13076425190205e-10,2.7483596023969e-09,-7.01285205500796e-11,-1.84327880779818e-11
1.52993578870082,1.99564470344896,-2.67682799187305,0.567551348649123,0.59740526658298,0.238797743902686,0.0221314867494768,0.0419844790576571,0.0345972500346943,0.0452625831076452,0.0681310722581081,0.000142815690191923
2.54348809141666,0.87893265299826,1.42438511502937,0.535902282419217,1.42017078827769,0.0813972073160285,8.72736023502276e-08,-5.82835908938064e-08,3.85131841507261e-09,3.02440605964406e-06,-3.69651623849228e-08,-5.66777048778791e-09
1.47228772933595,1.54947455354169,-2.36553282769598,0.483751986220226,0.140604194302508,0.400034558203559,0.00656251024311075,0.0169762980200632,0.00487849565056445,0.0252055611690168,0.0215049872749932,0.000465281245169046
1.58358819752466,0.721367573644246,2.91196591747113,0.507924273198729,1.90734572736316,0.602464502685066,1.97064207772214e-07,-1.4494007617293e-07,1.15404365177277e-07,7.6373556665046e-06,-3.84009231200399e-08,-1.01498560011651e-07
0.774285830103327,1.22073850825675,4.62595003015321,0.465008437132839,1.03630115882018,0.027617514806055,0.000339034299179314,-0.00076807646843437,0.00165470885905051,0.000524010732276721,-0.000791416378262054,-2.86170415402345e-06
2.10039042675635,1.87086675166837,1.81145524994015,0.483232634077052,0.501434583301163,0.464507113286328,0.00135686519711934,-0.00413289767009848,0.00539365621360063,0.00220827062080399,-0.00194583407429638,-0.00038116403562836
1.37213831789559,1.25742461691632,-5.1145832819021,0.528395622334425,2.06189651556639,0.256906116693696,0.00139656888970384,0.00129684582889398,0.00190534377824545,0.00816868884453526,0.0015432910000794,-0.000234228090876238
0.517243452218827,1.61708604987965,0.0990923513898998,0.558775876077424,2.64008213966798,0.259072090365069,0.356209001272246,-0.0744748484342181,-0.0638793956392847,0.205059104089451,0.305664003448204,-0.0441560239741876
1.70679645576747,1.8840237888407,-2.06636290361868,0.635488592363163,1.21109292361919,0.291763977181644,0.037354024703344,0.0247630710517181,-0.00206821105892429,0.0803900091309852,0.0167795122323237,-0.00976125805848597
1.32137288210215,1.87712686895453,0.156178049628825,0.42966293143434,1.73068371274606,0.179776574781421,0.0722720164287667,-0.0148766452320509,-0.0279889449645262,0.0814917106829658,0.108425986905058,-0.00657211265866509
2.70281450769398,1.81811006640847,0.551604131149848,0.502718240145219,0.89372837052895,0.399001944147877,0.0074001968551776,-0.00563778420181241,-0.00179264616224707,0.0249616736774971,0.000464124611005753,-0.00230998528407577
2.04472559296992,0.796721559587582,3.0900007912239,0.461447658090449,3.03836654809268,0.249401252769126,8.00312707553671e-08,-2.69270671364589e-08,2.51394540059008e-09,2.99340230047549e-06,3.15741025823577e-08,-1.61005812099167e-08
2.56916751906974,1.31051208850083,0.594896976492169,0.519671119177889,1.96123843257589,0.593738342752882,0.000299603705894106,-6.08352696107244e-05,-0.000114277878895338,0.00295067323804763,-7.97375648557211e-06,-0.000149848597027825
2.01048615485197,1.2709296809456,4.73037099835601,0.622474020667311,0.983486644183773,0.398388579117896,3.32910476443731e-07,-1.15921518265297e-06,3.74696813311124e-06,2.43039760425777e-06,-9.13902839330262e-07,-2.90270649241959e-08
1.09740326923784,0.903246641572163,2.13961032975396,0.565679094433428,1.86502631415727,0.56704819652383,0.00102939209587052,-0.000607015015567838,0.000231800396677206,0.0128163908324231,-0.000738672866117654,-0.000480482698296092
1.03941974114859,1.27943797918276,0.601805928533731,0.47638336663087,0.88249395269851,0.116760815125359,0.0491522966571724,-0.0335535038860964,-0.00467847914325865,0.162326210395024,0.00706512837658806,-0.00441339667114295
1.40384026414249,1.1900910585023,-1.41756039909731,0.265503900453062,1.34461096603955,0.518326758536722,0.00484249507391183,0.00216464224919842,-0.00127118931397455,0.0327256554196383,0.0159960660662046,-0.00111535188440752
2.94197263986571,1.25741382512596,-3.36983313889386,0.442833812908142,1.22552821006057,0.281451600912573,5.70072975862694e-06,9.83100478363819e-06,1.69864828612034e-05,7.62180188002564e-05,8.46276387485609e-06,-1.00863089333679e-06
2.98158161751926,1.27662084793563,1.83220192643076,0.486029015744789,1.46242052468716,0.254999829928758,3.8139536036379e-05,-3.14547136433441e-05,1.54020528026505e-05,0.000478487024789055,2.11381570710662e-06,-7.73337416350462e-06
2.55592730243225,1.92109525625009,2.30233205400566,0.500572289601186,1.67540751056693,0.114730721257769,0.00379278511575501,-0.00317660158629267,0.00247098308506303,0.00964109223433376,0.000327407719588822,-0.0003128199462256
0.694582193263341,1.27191383954937,1.53343569306164,0.523215895161694,0.467048059360097,0.257272737379575,0.0450386759530257,-0.0672081137428005,0.0342891034400707,0.0512171607905814,-0.0766307207280255,-0.00642108910800738
2.88556764029199,1.26286569568195,0.975807878855512,0.444377553550878,1.51637472865039,0.571932390834908,6.64987233113652e-05,-2.960279666534e-05,-1.8061089051023e-05,0.000837072558544324,3.98751036473632e-05,-3.17315082683842e-05
2.33799123691861,2.07193885470327,-0.753423285973963,0.536195562012421,2.14142949910543,0.296427617756463,0.0181281852614672,0.000991147181521811,-0.00761854759117755,0.0345418979883962,0.0109130448379094,-0.00366724885653004
2.03091728992295,1.90920220876416,4.387784942299,0.423234929929834,0.542398865881042,0.771665704429304,2.33207209071218e-08,-1.3829621158916e-07,4.29268068733643e-07,2.49371356806907e-08,-2.36466878796779e-08,-1.56350676202124e-08
1.55153054381954,1.3430639957052,-3.51483284498953,0.447983641957109,0.517284208559464,0.445468556882041,0.000114041658279004,0.00038449826261969,0.000606623619533236,0.000702708935606617,0.000394282117867553,1.6161440343501e-05
1.55316956531024,1.88369255459956,0.694738611337696,0.730006635476655,1.9017499021346,0.129520615473378,0.0402857535738026,-0.0149152829953241,-0.00747186119439693,0.0674548668527235,-0.0644745768898921,-0.00576045006578128
0.195931312814355,1.75371006907763,1.32355878384459,0.390268772376955,0.140665225494215,0.225798782549348,0.33362841976719,-0.300160097138152,0.0293683852201866,-0.383438199251471,-1.75287637031271,0.0516068282733567
0.954604754585307,1.42405753729076,1.6001590816409,0.434355640108719,0.203687675642635,0.238612601566869,0.0171704265527885,-0.0352823041945561,0.0115860663416202,0.0209282722875942,-0.0241083538674538,-0.00283074232050671
0.601562410534825,1.32015678956155,-2.8324905190104,0.500961488296124,0.46962389185099,0.416644848842286,0.20117110937402,0.174647761933931,0.0226335006101883,0.499685091419167,0.587280332238912,-7.42438632344943e-05
1.6134881622158,1.53553505045501,1.14929990605824,0.39119075803427,0.589616491571743,0.165213011450357,0.0114594197324077,-0.0180290278695442,0.0097549804639101,0.0327898063752878,0.00247484943609382,-0.00168034596344005
0.850839875289239,1.28428360313097,-3.98684943371707,0.393772387357184,0.724952108188276,0.721778475148698,0.0056410457708978,0.0104517031500972,0.0117091543113698,0.0230261298126392,0.0189748427929421,0.0018586527501475
0.594966725585982,1.37298944052714,0.967442676497223,0.510989737337782,0.981688570528622,0.398028508871563,0.166915787130762,-0.134605528136297,0.0461641884200458,0.120479494982435,-0.0718856415257041,-0.0492696764511579
1.2761348954984,0.666435276939013,1.83370740984612,0.490123792121472,1.21019856656815,0.164652649931414,1.13316390236557e-06,-1.05313119097541e-06,5.7466952924062e-07,4.45566500502719e-05,-2.38383497865038e-07,-1.50130636456205e-07
1.31759138739435,1.6203076690403,1.90416384598561,0.45939078626844,0.164211873838254,0.160277142743344,0.00249244248552773,-0.00780933932438675,0.00349931911868382,0.00249162627203272,-0.00620387405383722,-0.000122635043082498
2.79167987029068,2.04259625204336,-0.211643171319487,0.655417556655615,0.155757086732125,0.271197652472471,0.0287261786375102,-0.0197037264607316,-0.00949683591683787,0.06897903186458,-0.0356124590600964,-0.00733375706741436
0.332833262812346,1.65037693724634,-0.0387652245645866,0.41825658309037,1.7594675784339,0.597640003690129,0.623475842082298,-0.221322049860327,-0.0230331451813246,0.0530992348293707,0.560383375274259,-0.294055914407326
2.05461726005888,1.46407850024942,1.88283609318197,0.563253848079164,2.55932596441743,0.486363959885341,0.00247250205635797,-0.000800922830216286,-0.000234076829395844,0.0129572477866341,-0.000887210630594135,-0.000987635148455454
0.539581332763191,1.24466176191465,2.51433380837293,0.248733592451881,1.33130972312592,0.480865755085275,0.0466430510291804,-0.0410835928053072,0.0314149315643388,0.046439192157956,0.116338357533409,-0.0328780474153553
2.89821116938256,1.56406745593364,0.831462189753501,0.515166391932448,1.8784765712032,0.536383733147414,0.000942881616727904,-0.000270352010085993,-0.0003108693544714,0.0059412343995728,5.82275095937788e-05,-0.000412609761849187
0.139805774809793,1.92555554712668,3.4645208985038,0.562252839089205,1.68081044471163,0.419022069437265,0.0304135004233536,-0.0287684643876171,0.0411150406997529,-0.0749939051589468,-0.324452174230456,0.0907331859096439
2.9197152884095,0.633635349279803,-2.16498074344129,0.578833900185136,1.40633851518768,0.0832812257476491,3.15326206340056e-16,2.77157598265383e-16,1.51478193439948e-16,3.48001508403717e-14,-1.65768778472138e-16,-2.21509482749549e-17
2.26683864989318,1.87696708666961,1.09405717429212,0.210371746177143,1.98011227700739,0.119097092742861,0.00623311825494118,-0.00181806280482271,-0.00177896254299263,0.0145334677971544,0.0257438404677562,-0.000482953596296316
0.920079482300207,1.59475657173547,-1.48609567146145,0.5440009758008,0.635245281091029,0.539794186433877,0.217696054883461,0.070754744897922,-0.0742083646343951,0.38078853804483,0.245803917520986,-0.0821856101735379
1.96774386321194,1.00372906667477,-2.88485642026069,0.682785358313028,1.0573104318742,0.259538356770336,1.43302893058471e-05,2.23781237919319e-05,2.76386914905173e-05,0.00025774741163034,-1.4062181308165e-05,-4.0948371898705e-06
1.08145303215133,1.38760655606053,-1.39208963485661,0.4680861044414,1.28816436391334,0.106931343074921,0.0652101516184495,0.0199264137245752,-0.0246444370802926,0.193742953845839,0.0997341325156338,-0.00377221799347913
0.623470233439002,1.54513343930536,-1.48782627453008,0.486760670849955,2.09523066244329,0.567798991539753,0.276938359579255,0.0077761052529529,-0.0940310267484455,0.30318590000907,0.418172349780931,-0.0692206591120946
0.369226749637164,0.982730301504321,-4.68387003152942,0.5328140297713,1.43011256089051,0.220254066131816,0.174201318294427,0.118578289693645,0.0633297262242574,0.623292075908186,0.477004944200877,-0.00380497701136513
1.06432678286219,1.34149539441214,-1.03527528142689,0.49770921527266,2.02652605425402,0.176689078882751,0.0488559481007597,0.00391924088127562,-0.0189665742152169,0.157120416350669,0.046080608105681,-0.00550892083729504
1.96325540163089,1.86616198369959,1.98423776512909,0.492806207378202,0.396405599022514,0.431268551071111,0.000645811735361978,-0.0023430143228201,0.00299272182198217,0.00081923691332707,-0.0013955832815277,-9.95407237645068e-05
2.18993341329042,0.83370252748103,4.11176202130904,0.553457532419226,3.25125132918502,0.411550257658709,6.73532443696195e-08,-2.63838747255143e-08,1.37475207792571e-08,2.35202595676365e-06,-3.45079968116598e-08,-2.29068269123873e-08
2.06032180675538,1.4072647272707,1.16139933353363,0.478575718045522,0.191331206075053,0.394141056195762,0.0011387867477743,-0.00322411202789133,0.00133357323139777,0.00613327659607841,-0.00123089780820217,-0.000327933526652856
1.62120524995262,0.890959268929381,3.67336408747377,0.499811510680563,0.946374705390864,0.288819875245608,6.33650849736692e-07,-1.65221248414547e-06,3.68108190275696e-06,1.2497554982483e-05,-7.01838644830084e-07,-1.2815483311994e-07
0.719472171552479,1.9098088252131,1.7189858667201,0.506752968251195,0.704115309812794,0.835927770334202,0.0377642628357164,-0.0559680880469073,0.046332986703238,-0.0103033391341979,-0.0359099489810185,-0.0218644509184134
1.90757807334885,1.11244706701872,0.979186944473349,0.513182034532962,1.71997691587259,0.527294755000847,0.00037692356232846,-0.000138327341773091,-9.84607139167456e-05,0.00450147271722619,-1.52418559196283e-05,-0.000164529929347163
1.57303518966073,1.6081673240382,-0.695466473707862,0.505955866771097,1.70169096337097,0.182420240052851,0.0311305443614567,0.00155061831790149,-0.0148571170732432,0.0862793420448557,0.0249619633416434,-0.00376048134789282
1.0008166497224,1.51886453487636,3.20280404670953,0.368165171470633,0.629308254378681,0.266456326460976,0.000891031876998673,-0.0023921431642546,0.00364339483791739,0.00067924559044879,-0.00147263144105666,-0.000170994810029439
0.893002533190884,2.03022953855199,0.243615757374851,0.425342608769636,1.41350164318354,0.0760040117954636,0.189576030895267,-0.0737012926453865,-0.0453778261992757,0.0768399941568216,0.256057655007448,-0.00745657967662627
1.93864055981394,1.47916035236804,2.31792089463835,0.253556788633177,1.62031518774738,0.358621314508207,0.00188032238405503,-0.00151736059925809,0.00101577044740252,0.00847917004810761,0.00535303454815551,-0.000631808851101374
0.064478867535945,1.23473292839218,-1.58540779786445,0.431524843657038,0.362093605899481,0.495280203045006,3.05318304364729,-0.989513244743034,0.0663860340476513,-3.59286035166053,-9.23198764201187,-0.913405287392421
0.943850404082332,1.28617766033608,-4.22890896074308,0.475265398481291,1.49220658823053,0.335222420360938,0.0110159527283798,0.0118999940310175,0.0142047946799816,0.0411998713409724,0.0261100461455647,-0.00087604741712586
0.90234754428966,1.15914190478254,-2.95717819945918,0.562940901725508,0.737133865612425,0.122733868466493,0.0190103035328731,0.0256786349988524,0.0170941681399929,0.0997969430971163,0.0363802908693565,-0.00118722000759375
2.17839814135805,0.812900270441948,-2.18476775754046,0.500366710554895,0.73705189179938,0.612919604893702,3.39121157296151e-08,6.72987110654956e-08,7.35918340435239e-08,1.29374477568306e-06,2.0374732255223e-08,-1.70676874713722e-08
2.70449822185328,1.55890780438681,-3.3394309818948,0.629419713165597,2.80023481531126,0.23586151362238,0.000705635167800845,0.000255942742300973,1.93562317032251e-05,0.00428715844714503,-0.000439780700542549,-0.000148463611002301
2.84465911352308,0.651470728269614,0.91685457204649,0.80285138354654,0.967466041862383,0.279471330555401,6.16975600230944e-15,-5.24223512179019e-15,-3.25767956139172e-16,6.06973233720794e-13,-2.75853397985829e-14,-1.32253529414473e-15
0.949130490969401,1.39434656645485,-1.4100464852379,0.560399579588368,2.42771791087355,0.407507909571135,0.0704827332575775,0.00583496768764328,-0.0233566409200379,0.180119141435995,0.034312229410493,-0.0210917926312463
2.03217483607586,1.065230372381,3.56512462183834,0.489012560244228,2.12550528174091,0.719391524080969,2.52851422787403e-05,-1.92891562450869e-05,2.05698963344872e-05,0.000371037251416533,1.06173385486766e-06,-1.59977599587929e-05
1.05590494883945,1.21923613412418,-3.4999970063265,0.493412378801721,1.83674608111644,0.150337331309744,0.0129790665140542,0.00879230474689194,0.00542555883097714,0.061184048735815,0.0197025664118219,-0.00105325188250789
2.69115865848726,1.67566042561293,-3.50856893354902,0.563528335731064,0.592945938194114,0.374393376731058,8.13907082931513e-06,3.53373961506192e-05,8.43370091105917e-05,4.58131105467164e-05,1.85368437781215e-05,-1.0918334691823e-06
1.99123945070896,1.4888617541043,3.38766496360825,0.422371739321798,0.609699452323239,0.676982934451601,4.54022948867896e-06,-1.90432000746132e-05,4.55915191099984e-05,1.78944464962583e-05,-3.13995198313425e-06,-2.84673487842574e-06
0.883897784422152,1.02368512165978,-4.71374801915974,0.487837356523907,1.05797887449516,0.151973346274294,0.000830818949692658,0.00152917551273022,0.00258762527415275,0.00622143013984146,0.00231367511827717,-1.51312813327117e-05
2.23007955534849,0.897387848315659,-1.16915030392994,0.389911736245247,1.79743372942073,0.615442850489006,1.15004970638585e-06,3.10772934252629e-07,-4.10266721332815e-07,3.26218171922056e-05,1.49929378642881e-06,-5.67508092474243e-07
1.89089650131064,1.18501188373089,-0.824004717484369,0.563094480948178,1.33630832281837,0.192969703726839,0.00144022475941434,0.000293266102450786,-0.000751276527179221,0.0140966919736893,-0.000148290123444454,-0.00022649170007655
0.530506086279638,2.08055167092306,2.0474154518125,0.582519074947082,1.88166086948772,0.0697959519349463,0.130378073385414,-0.10404131447768,0.111059917810145,-0.0491976081509931,-0.188739395641185,-0.00319978888670197
0.0923015672131442,0.98565342853987,-0.723577577765015,0.436570659838632,1.94596660383911,0.229720341927903,3.0148328949877,-0.806859556579348,0.0323856786231251,-0.836195112065526,-1.51125010077213,-0.734212156354973
0.803425338759553,2.00982338639365,0.336807125637986,0.590663702767044,1.52091645784761,0.183394764746313,0.232994242270272,-0.11886346751454,-0.00688687492198603,0.0682198379606447,0.0202398027069296,-0.0261482212465202
2.9739113152842,1.71192390684708,1.21340069157941,0.59029807104645,1.86805801969022,0.273824221410937,0.0017151663549695,-0.000695354974071008,-0.000310397198378084,0.00823841882640132,-0.00102032909732609,-0.000378877145814438
1.32739124387736,1.08423211481658,1.48812071097414,0.433152788918315,0.769126319765734,0.186280858851141,0.00225679609642855,-0.00309058829413972,0.00196649214798191,0.018373427218238,-9.79438033212893e-05,-0.00035086087368055
2.51505364499753,1.19018375664369,-1.98250059380345,0.580786300886511,2.25873485597023,0.309833675101626,7.32661697040727e-05,2.27687991079028e-05,-1.40998048844112e-05,0.000972656969560891,-2.80740163254317e-05,-1.91663173514026e-05
1.05116756511852,1.09008777581097,-1.89959069514918,0.499478614337271,1.6678873262606,0.419609175487447,0.0142253098710522,0.00521257026198547,-0.00314459765561821,0.0944040306765128,0.0117040751986792,-0.00428794364420581
2.20509772112127,1.791584344692,1.78899878281177,0.474963664204668,0.996725368848541,0.363524033082654,0.00402644391505249,-0.00604574808325119,0.00628779933278396,0.0102025636509709,-0.000909442990295524,-0.00112195363571014
0.868523133464623,1.59418226589456,-2.09229899589575,0.516815363370182,1.50676464036405,0.443470430568511,0.155228342859082,0.049504999494065,-0.0435565303861154,0.248893771180155,0.247631724353943,-0.0318686156000214
2.64125749204541,1.15472912685378,-2.50828236345493,0.506294867409155,2.26653073384381,0.502991580307565,2.10704847157325e-05,8.72442034617968e-06,-4.64799993636137e-07,0.000324528347862551,5.95605122979719e-06,-8.67552393297475e-06
1.79450414094608,1.61837894223936,4.70635974402117,0.443293507996817,1.48311514487692,0.428911092965504,0.000171678042586236,-0.000317649372489593,0.000779713429184296,0.000459199725191931,-5.10756244191497e-05,-5.82583066950376e-05
1.84555837603984,1.7149160523817,1.64987656278521,0.582656610324423,1.69978967608198,0.279015063160048,0.0117192787857411,-0.00747373839435927,0.00230505793172198,0.0300127819894468,-0.00619429839518083,-0.0025048454986046
2.94403546385001,1.68763050428371,2.19586847611706,0.311445161849332,0.83493538640891,0.102812567590562,0.000219283432680489,-0.000502311447494605,0.000784169742418005,0.00102478048318564,0.000244762427370211,-2.35315718701491e-05
0.96453056432074,1.69839056880621,3.92242315812679,0.524952965530453,1.78264710035088,0.473253812948529,0.00895916649330983,-0.0102495686969801,0.017162036952107,0.0057027450766035,-0.00636327752506995,-0.0027449748417641
2.24190982197179,0.675214108086785,4.6157053730621,0.537758524307043,2.15937425552252,0.28268435540083,6.24723232763876e-12,-5.84080156390229e-12,9.15175222106328e-12,4.29687763212955e-10,-3.34693951262377e-12,-1.42243367310364e-12
2.49887561947107,1.43744778595628,2.04849512656975,0.484901491586757,0.622113375585236,0.4082331859761,9.23086207378292e-05,-0.0002719138826076,0.000425747765506573,0.00059898734369378,-8.98022961930447e-05,-2.73450649020793e-05
1.48099932631012,1.19596483784108,1.75936399248141,0.62303817875967,1.65980315491321,0.60547679914917,0.0026881606351663,-0.00174753345595281,0.000591052635166407,0.018567441840968,-0.00340623444517518,-0.00137759360565831
0.3676284391433,1.22428213740304,4.0521324712518,0.371706322817828,0.867998749547958,0.430079011254213,0.0118693098770557,-0.0177036672952027,0.0200832493922609,-0.00441278318992126,-0.020901826817666,-0.00366297209990925
0.757918421376962,1.15178825466147,2.44424147581804,0.562305065985615,1.45470626777276,0.419783249417606,0.0218808703187612,-0.0208541501621198,0.0197336096536306,0.0642609378579753,-0.0228303813059819,-0.00641187222658149
1.9769798993133,1.74461796864045,0.739209666737794,0.418788297995744,0.48809882228976,0.399452051261339,0.0156277138684805,-0.023340205811448,0.0068975268169099,0.0370488291252532,0.00386414696771489,-0.00544757801962039
0.373777461843565,1.21087677218137,2.13340468627324,0.518129050515439,1.90238121775021,0.170271437409779,0.208550135685869,-0.126195510552863,0.082491097314804,0.0888505828477335,-0.0816366903372354,-0.0224796641079168
2.65498033098411,1.02474716831065,-2.2040105880606,0.52215681471813,0.989695252501072,0.522148621610212,1.29379601077117e-06,1.90645139140023e-06,1.83820678597511e-06,2.95115566243552e-05,4.8681688568115e-07,-5.63195974627813e-07
1.68241601813352,1.9195381214351,1.74736706398847,0.499720325339248,0.740411428328668,0.471296599108602,0.00754122884605251,-0.0151371022042466,0.0177042564876952,0.00759748223087221,-0.0076737646835484,-0.00239072089327945
1.44312649422791,0.825030374874747,-2.38284845900813,0.568615173743795,2.01159181354186,0.609734586202723,2.89761949876734e-05,1.26128960321911e-05,-1.23191622373335e-06,0.000675121272176865,-1.02761312226578e-05,-1.60107507927377e-05
1.09573763229419,1.24908762710938,-3.12602767541437,0.5229992740925,0.76578633054626,0.410483388249689,0.00684014398831395,0.0113789996482651,0.011040277724943,0.0351997238942148,0.0142133659662895,-0.00110258774359611
2.79731977680931,0.882616897262212,-3.17956372492512,0.518351806384139,0.481715456724981,0.40785477544112,2.7746080172767e-11,1.41645433890646e-10,3.25710119816603e-10,1.08109315248849e-09,3.69501745758801e-11,-7.55095476271081e-12
1.57095767875435,1.00452832608993,-3.31380187971817,0.430796064272746,0.670295079656744,0.571252010587191,1.55270971519244e-05,4.28321816837101e-05,6.96914731694431e-05,0.00022271710598849,3.40738304029414e-05,-2.96605692337592e-06
0.102986813010648,0.96119141198521,3.1174997003998,0.441365787673916,1.26018949694974,0.300639542341336,0.467429756725595,-0.289361531193928,0.176350245065547,-0.70437619984036,-1.5321983472601,-0.0118435271502619
1.69286678694189,1.07487626559593,1.37070632491631,0.600697965717222,1.81370552908467,0.218412014227009,0.000545477144879391,-0.000245983981880107,-5.36751683375074e-05,0.00636167218801374,-0.000497823757630444,-9.56160815733756e-05
2.62461429433897,1.21797715693798,1.50088475295006,0.514299077379856,1.60856603564499,0.263437337598242,7.71096060449726e-05,-4.51778787361662e-05,8.10702265925976e-07,0.000979649022283878,-9.55499694080934e-06,-1.61138637047293e-05
1.6482839361066,1.43090255535204,-2.36714983823145,0.463366815575748,1.35517171932534,0.0513594125965118,0.00740824448598521,0.0059570259574605,0.00238250560916733,0.0338412275635055,0.0121078200642337,-0.000202807789664315
1.72068062624894,1.4888941337551,-2.4032558687179,0.448628492262549,1.41350683771455,0.528214088554233,0.00692783374274536,0.00532294516493234,0.00200661027253859,0.0293640953613707,0.0103740295044197,-0.00209624571060876
2.19311031549005,0.737303478727114,-1.94337049587916,0.493111521512973,2.58223756021728,0.459454325027027,2.50154916813255e-09,6.23652954381735e-10,-5.0502332628052e-10,1.28669292502688e-07,5.95422629053824e-10,-9.54556521853627e-10
2.02570017210674,1.09021821313223,1.34283780056117,0.502276749801158,2.6782754375628,0.0699649282854302,0.00013537229738776,-2.84840364910497e-05,-3.12373718340179e-05,0.00185165340334024,2.14298373686873e-05,-7.34473020539727e-06
1.38598756752908,1.39169070150207,3.31331422201697,0.498732179661961,1.59587177748824,0.216214725676161,0.00281849431103562,-0.00328762455960168,0.00474531225957126,0.00978186966263833,-0.00125746107806681,-0.000440918051074826
2.66132293697447,1.15848776418452,4.47733101478432,0.535427709455047,0.674300578542102,0.250877037124538,1.48040138555161e-10,-8.38701827484144e-10,3.0839074927362e-09,2.09850395124432e-09,-3.60972147756239e-10,-1.09448945226158e-11
2.15033213316929,2.31096869055638,3.03780728667462,0.492313519332084,0.572414431845492,0.205579483908178,2.74857627240471e-05,-0.000123218472594736,0.000296444954997134,2.9084738781724e-06,-9.4957305367184e-05,1.57021989291374e-06
0.582586195634212,1.90516524016659,-1.58177512470837,0.632143958061176,0.946381622462912,0.33445850303382,0.78537786113015,-0.151989941154744,-0.246267153916811,0.342837436524959,0.450982891597947,-0.206185494693206
1.57425141764106,1.90273255192795,-2.46194002589765,0.382421211800209,1.21096881073357,0.647531647819052,0.0236956416417623,0.0211805304460951,0.00950597167106776,0.0422305749236644,0.0615477204768086,-0.00172592795454989
1.59982390406076,1.162407224602,-0.820505670586752,0.411829011428496,1.63356324369145,0.259583123630497,0.0028467014769296,0.000445769020297021,-0.00129664839703497,0.024209930151824,0.00379520772428394,-0.000509608701651843
2.94890221446985,1.73105427053514,0.624252673425173,0.496236503577248,1.37073675851711,0.230424129640871,0.00293257643286129,-0.00121151458710464,-0.00112504060665968,0.0132941137005502,0.000846498887556493,-0.000509010592896815
2.78967563258484,0.849737394022992,2.61361713691164,0.445091101084224,1.36268848567639,0.375845699230524,1.58911955069675e-09,-1.97282678323685e-09,2.36046102069515e-09,6.73552888731274e-08,5.04819627718989e-10,-5.05250596857274e-10
0.0908646487048827,1.02440310464622,-2.37155734859608,0.440354535717085,1.70791800007303,0.368041752289675,4.23875449048574,-0.798647133229451,-0.212886015101248,-0.150986298381642,1.13692217516553,-1.79792417371784
0.988802919175942,1.54715895825195,-0.733895914477645,0.463864229256705,0.97738239491719,0.13402933474094,0.157363815401195,0.000375293016796623,-0.0780628092559422,0.26624505555629,0.227581101829266,-0.0118656041198505
1.85976465188432,1.67060312459578,2.15824317937046,0.566497296623318,1.70258247152781,0.526720855567073,0.00660806093777234,-0.00510587081868686,0.00345912327002115,0.0185037522248092,-0.00376005209000344,-0.00276685623643112
1.71653639279539,1.01874976984063,-3.40020178194505,0.34516355726567,0.89091247206978,0.660241980374499,1.20635194422498e-05,2.74593537475678e-05,4.7923803883944e-05,0.000178373971614393,3.10750053682852e-05,-2.11757550105243e-06
2.08457381847547,1.0140627150617,-3.29495943973873,0.551007742579255,1.13830494006678,0.299920777924399,5.58623116614275e-06,9.51747013547696e-06,1.48798571636168e-05,0.000102584148707927,2.8473087580341e-06,-1.35396818958044e-06
1.87997638701927,1.16542002029417,-2.54079491140942,0.454888978214956,2.32889318197333,0.38689315299262,0.000492116870913873,0.000186009193590422,-2.85520897224211e-05,0.00504022831461225,0.000466312080668027,-0.000138203423568295
0.441168351937085,0.680684006714512,0.974554400691467,0.523777708488421,0.933617250940539,0.409539319435333,0.0340928720996817,-0.019237185140826,9.32227027490277e-05,0.36221182451017,-0.0176300213944406,-0.0112142094754767
2.3686634439975,1.83799848539466,-2.63622096040256,0.536068206327546,1.5286246431057,0.418808421835255,0.00537898405591409,0.00430805785113371,0.00230283916698313,0.0167079234558611,0.00450002745602487,-0.00158810661116173
2.96928467863472,1.69958477450631,-1.98482844108529,0.541810553475836,1.46174891156363,0.384813968323886,0.00154133636040784,0.00104162574972217,0.000119499442387468,0.00785208691614167,0.000596690177899924,-0.00046521629370168
0.55530781596899,1.80861103076272,-0.754313405509325,0.343468882748985,1.09795245890762,0.540331987610144,0.420909624779019,-0.0784402012832742,-0.127218972882623,0.177338736119608,0.981336133241283,-0.1132240135312
1.30759312593145,1.27041340765566,1.60150666926532,0.534052829525558,1.72823786345511,0.350980284103638,0.010023477192024,-0.00565883490024932,0.000915216641419302,0.0478368973709746,-0.00241947071812323,-0.00270866270105705
2.46077206541086,1.43355950816924,-1.60515058025715,0.50974205588936,1.7122582725836,0.690094404141603,0.00103478855554834,0.000402379724490964,-0.000261086314994144,0.00735796814164783,0.000297527399587064,-0.000604395535582988
2.93998909284128,1.01715214471113,5.40200043317084,0.513829158838753,1.3241067947871,0.308328023570588,5.92298129785488e-10,-1.5780567270356e-09,5.19261101494704e-09,1.49487905532129e-08,-4.86245778762989e-10,-1.37392764989641e-10
1.13231574381934,0.96800479452511,-2.5539278427104,0.451076959830637,2.13796445009111,0.019736863384791,0.00242336590349801,0.000963418378161123,-0.000131083954184559,0.0256560811185462,0.00290715433376676,-3.17833961417652e-05
0.795173770142719,1.91385066515399,1.90598715049996,0.536120198450391,2.42040933773209,0.443895544987525,0.108064594871034,-0.0488290428070907,0.0171136337027965,0.0457543071908224,0.0466344596413332,-0.0272894105197204
2.8144928823458,1.0355604708714,1.38464504649584,0.533285293289619,0.932262380649863,0.29167784155502,1.3702978803557e-06,-1.76746247528268e-06,1.08277485296015e-06,3.14407303065166e-05,-7.99174781278624e-07,-3.16456607013323e-07
0.946905233047437,1.43562339829166,4.18780175566087,0.482903826607108,2.43034504468792,0.38592091092245,0.0132262658818247,-0.00935103221204339,0.0114689823024528,0.023501055830929,0.00189207787411372,-0.00359936084387519
1.97195778038586,1.41912830414235,-3.49400946843423,0.522848275545665,2.29758906456779,0.796301643016503,0.00141572248517836,0.000758701654044931,0.000374040947396487,0.00819727078024143,0.000222466190395282,-0.00101313052300691
2.76473758438369,0.92827683906313,2.45231151952088,0.3932462566457,1.10730971779559,0.488111538385108,2.45774912792367e-08,-4.00808585082347e-08,5.52599358756795e-08,7.8103104480013e-07,1.89942376865217e-08,-1.09476299806224e-08
0.306318661477417,1.14719871885175,4.3908406569492,0.697674998586148,1.36304165236967,0.371643719159545,0.0113480223860628,-0.0150917807163002,0.024414760616818,-0.0149649955572761,-0.0499724953424805,0.00287026245563483
2.23444730365882,0.983954760465981,-5.27306609290241,0.513108754446203,1.05675596404179,0.0517994150925013,6.04155035993806e-09,1.94924647957687e-08,6.23786165972624e-08,1.327605543363e-07,9.12368166498135e-09,-1.90271662336611e-10
2.23853118082043,1.04335379032849,3.81182043855091,0.524122594163768,0.759454646227332,0.34634047843782,2.49048031894529e-08,-9.84981743624964e-08,2.77409422642265e-07,4.17465036034056e-07,-4.17297766457245e-08,-4.82628630594129e-09
1.47351056687767,0.931833245672829,-2.31372061620083,0.50275129038433,1.81174680051635,0.184077411367005,0.000222279473185921,0.000111937118654992,4.89212471331517e-07,0.0035925167922633,0.000126987553639777,-3.10672849975231e-05
1.74624671740457,1.94223595876425,2.12068752367756,0.653609250003794,0.977144391496376,0.473703240899142,0.00483984327630856,-0.00887062417337564,0.0128306613246128,0.00531483021521737,-0.0107197645961097,-0.0012073701339687
0.307863804255612,1.53204407857188,1.28625982251594,0.509092632353068,1.32880162194248,0.377301027648679,0.329675225296791,-0.244497784647479,0.158365947108825,-0.177043869269599,-0.522373273673647,-0.0661028392755854
2.63166974320775,1.63691153844188,1.69878242969215,0.254776640000499,1.23485694317107,0.29397282183704,0.00118487412052981,-0.0011630242264442,0.000642593726365369,0.00550702874351907,0.00327862479141736,-0.000329017873890344
2.18251657190267,1.61214509036605,0.331167621931228,0.522634584067256,1.41520213735976,0.639895491698798,0.00744237619943323,-0.00217708279015622,-0.00335063019034201,0.0301570092340434,0.000268682846230083,-0.00398125229969427
0.86610455600312,0.58964997614574,3.64032996841316,0.305715672788747,0.921338387564257,0.440529387184323,5.81605451384854e-07,-1.12119663481498e-06,1.72479539949826e-06,2.19000795025615e-05,7.67316633500305e-07,-3.12455484502759e-07
0.118998760171235,0.754873836746156,-2.90531484277618,0.475405054006309,2.36660543752609,0.0230144345481106,2.64326874183404,-0.0209456034255878,-0.446241041220155,4.17600696306538,5.03808632648565,-0.024198904895998
2.6703205590602,2.17613289955563,3.31949830956676,0.43817404291099,0.936728247535415,0.347165819443147,0.000113323611285441,-0.000332113479014872,0.000827371636145819,0.000150108980904621,-9.52495864910092e-05,-2.82538548313199e-05
2.47150895274244,0.67265350356879,3.34759281932876,0.699451241356292,0.512110361723934,0.287386692925333,7.50247544551106e-16,-3.97289331319343e-15,1.01981561301657e-14,5.6907638152507e-14,-2.59347528941051e-15,-4.13779207918133e-17
2.17788496039575,1.1496665928859,-1.63981935843935,0.549844571341431,1.06342086649313,0.385319544496512,0.000215939533590707,0.000183076776921932,2.09344730538402e-05,0.00276116091151042,4.01813764722247e-05,-6.93566859445916e-05
0.737548679742031,1.11365782487511,-2.86743041526607,0.504900604380351,1.35077988550412,0.14572602571399,0.0539865374616094,0.0356513879898215,0.00890181127142192,0.233240313558368,0.0954946087220747,-0.00378268468920958
2.85495605668984,2.33077038912465,-2.95761441460956,0.514237463903801,1.59877944078362,0.627677105167262,0.00569506989888959,0.00490418364094109,0.00363896108265094,0.0102903687709097,0.00580477317753582,-0.00234676799610234
1.26746193317231,0.92294893491736,-2.1724073467085,0.434489411993594,0.118047868628258,0.06129847165078,0.000288775524809641,0.000667318999502963,0.000139590847006492,0.00423802548723239,0.000757971986640571,-4.9874122793482e-06
0.603437214030419,1.60757647600875,1.86654074925527,0.510834514088011,1.8587355623948,0.435961559346424,0.129515536359983,-0.0817752884675069,0.0498647273518225,0.0452190833640205,0.00121930534887934,-0.0363057548995539
1.87773410963127,0.928052030395865,-2.66226545913483,0.555473040710839,1.39817780740649,0.496060199296233,1.08710583117096e-05,1.04313679200872e-05,7.89571938494218e-06,0.000233466657326771,1.78634942459868e-07,-4.69410277852452e-06
0.825031321134884,1.02907260415662,2.33582192940712,0.669938995663713,1.06904359931862,0.36372567527025,0.00598957247612624,-0.00797367175096258,0.00864666487153624,0.0300212075615563,-0.0154176506925609,-0.00104729221007176
2.52670274452539,1.49222116576095,-1.8396185366541,0.628781958443014,1.74414171144411,0.241579312268546,0.001379764836424,0.000589953682017863,-0.000259715702100247,0.00897484645628721,-0.000810736464122325,-0.000300466767748116
0.0996638088021427,1.08420752418376,0.759751608090903,0.618848577556482,1.26991057509105,0.413756593684707,0.778971669964333,-0.45278669106218,0.258613232632273,-1.86291616020962,-3.48346929755255,0.28169223462786
1.43884964369936,0.984886481553219,-2.56453937957986,0.605946705754153,1.69735445980285,0.538490465017965,0.000464426196920738,0.000280116188682972,6.6945828625688e-05,0.00619465034935725,-0.000235898343081675,-0.000238452139097141
1.81791293802671,1.41234336700338,-3.34998674975389,0.515298036326558,1.66250260723492,0.473964572843437,0.00205907215056002,0.00182361695141849,0.00165535977161492,0.0112128343005665,0.00181127828119631,-0.000695826229048905
1.51117902181577,1.15279188065429,-0.19857247083,0.478004751943962,0.617519167237805,0.162414457827992,0.00741569307065947,-0.00118681486832293,-0.0042676387300418,0.060257537211041,0.00378312167055344,-0.000941226269868369
1.67581682612654,1.4290493776584,3.39952727504242,0.596939299113366,0.994169576636389,0.342068991078815,0.00015394391857524,-0.000377735168374134,0.000825300284590156,0.000571580748023516,-0.000343850900011107,-2.1204773476304e-05
2.53543669298524,1.99992891776535,-1.78830421446771,0.458715963538238,1.58988625365195,0.210558627757832,0.0103216948802501,0.00502314441238649,-0.0017249350737315,0.0246712050149435,0.0153137353049076,-0.0011771544422923
0.534547773655504,1.61036975995581,1.48983912557989,0.591565882861718,1.50903421598169,0.272712421670094,0.167927523640948,-0.131681439452117,0.0955369025270928,-0.000283379356250446,-0.172225067666992,-0.0267882857947156
1.81999581186101,0.981668909673377,2.91959518818032,0.539306119609479,2.10963831350234,0.0961909542751004,3.69019365147449e-05,-2.36931238177125e-05,1.65233243204953e-05,0.000624284170466209,-1.66201632986822e-05,-2.77017431328834e-06
0.9493202093523,1.39727906631245,3.27566479055721,0.449382026509423,0.860430397887229,0.40126824901964,0.00173067561667556,-0.00376706267411873,0.00623741580523371,0.00226116150722205,-0.00260337593022569,-0.000411819563957616
0.519030498212669,2.04794089558463,-1.4956370475341,0.524733620717308,0.376861163212172,0.173892109702983,1.00647503027953,-0.283480956645729,-0.149828976195502,0.20629942093381,0.786846361017901,-0.156518550131353
2.49079361155164,1.7643451951991,-0.928827023222906,0.509523255653887,1.17428237529082,0.172794930512297,0.00982009480548877,0.00312497129750487,-0.00530464287687899,0.0352967767380385,0.00735650842746611,-0.00118812681678307
0.673771732696332,0.929305571043913,-2.51287246327951,0.415632306753112,0.685382077908189,0.643853107878827,0.0261159834535149,0.0243828706284906,0.00667049372096158,0.187455559880107,0.0543611693396008,-0.00623741742482504
0.224706694600172,1.68395635462672,-3.13132278138823,0.479684769357131,1.09889156840719,0.331940339580553,2.49301957417406,-0.247776350509607,-0.415789252209852,0.811732528315068,3.39759539182035,-0.802213677467544
2.64945069967071,1.46337310946788,0.884861650949189,0.842475741054291,1.1419476319536,0.286469074845451,0.000547370102112867,-0.000432470725563113,1.87975265250176e-05,0.00388446944257855,-0.00310979354068713,-0.000159908678215983
0.459783802099992,0.76956787211618,-0.641624805180633,0.491311689626639,0.650538011915119,0.312036878688017,0.117561463461224,-0.00853746438053361,-0.0287836368505573,0.90445489978456,0.0659544589573219,-0.0290249022619348
2.3944291867665,1.32763892012361,-1.47473680185169,0.472562369139673,1.77457057409715,0.0277287666651588,0.000658137534033333,0.000223766020346661,-0.000192433901552265,0.00578053424952706,0.000531483422042293,-1.31430852091956e-05
0.560569444438443,1.63765135621767,-5.06247493197649,0.51114634526957,0.900241489544437,0.249526475846415,0.0585984788562765,0.0787349125149766,0.0752125589817125,0.122443613990226,0.324454579634324,0.027491262230648
2.49455215103226,1.29577451426732,-4.27052173083164,0.490656294092489,1.59261965559155,0.103895168156323,3.13928703259099e-05,4.29121596746619e-05,7.64004975544508e-05,0.000319209122647023,3.52844778194907e-05,-2.18590886364666e-06
0.150013807939831,2.19073451103634,1.61273967355906,0.480654146365643,0.816471794027548,0.150637741975924,0.0508304847647891,-0.0572267723195836,0.0471848850999016,-0.151306535406804,-0.723211071535929,0.107157417246945
0.36048492094269,1.32296582281118,-2.06045056808171,0.516785868862734,1.15949979213547,0.542143295892659,0.937128568544913,0.00248471482081015,-0.245443895464204,0.949087482112072,1.38301689860915,-0.27001226631947
2.33249353247229,1.39660140550319,3.0250865771786,0.446029885515052,1.14546909565119,0.423502275298787,9.68626459634414e-05,-0.00018310324612597,0.000332926401034924,0.000657065395546474,-9.98672476512463e-06,-3.41562409290493e-05
0.215964591852389,1.34886126094561,-1.55658828048436,0.635754732560595,0.764111081360481,0.43263920586649,1.69971984400031,-0.744525428971584,0.026608444705322,-0.861613232945548,-2.12369074496413,-0.596201367093089
1.63680922446074,1.27523665874393,3.04519281253997,0.47484843770951,2.25464413258326,0.134832339775275,0.00175271485960979,-0.0010512681226456,0.000727789597535242,0.0109094413459017,0.00044438999048975,-0.000177640336985042
1.499608537124,1.21519538939622,-0.392914445230548,0.468216868741828,0.833404449092078,0.427677597934666,0.010261995509175,3.05209221208917e-05,-0.00623881149097375,0.0697348367607719,0.00734907184986374,-0.00337667465630016
2.62599520500517,1.34324857488534,1.22383291957108,0.542982384726861,1.60196477086366,0.391100986590328,0.000334885406563856,-0.000170381281627625,-4.29718749954834e-05,0.00309908305478996,-0.000111094059218494,-0.000105666101661495
0.408495931408834,1.44542475777138,-1.42152704717482,0.481326423030582,0.90253678255212,0.274398964054416,0.877491507580795,-0.0854548836222134,-0.229580228989972,0.609703228514149,1.39273168494032,-0.131405677101779
1.59061529183527,1.84222432697161,4.7092358586005,0.548145030255971,1.6332980762606,0.452361396232929,0.000673139546449193,-0.0010865747014136,0.00253331290485787,0.00082448465099119,-0.000742981116072045,-0.000190711673368504
0.910563345171977,1.72380784109,-0.801900144412164,0.504752861376713,2.61943991660545,0.139889205379457,0.130349622848167,-0.00258822697565592,-0.0427306314553419,0.139113527879604,0.184155047496048,-0.00776363275927729
1.00750747650163,1.61406101371837,-3.50458010074689,0.49770582949751,1.18091764807269,0.215929192534942,0.0342874175549149,0.0386151557190538,0.0344633699779943,0.0724037367250723,0.102388332495285,0.000451238036771402
0.489283694978803,0.812370702527263,-2.76251061109382,0.44182377528531,0.631320923081776,0.44594176951462,0.052471463475547,0.042174929680327,0.00806060336435651,0.405358447312163,0.116937169402909,-0.00842950343512566
0.648090918979142,1.0149061930262,2.40650449773129,0.470558163143038,1.49196707550877,0.479582733063764,0.0256271586030248,-0.021330301410152,0.0164606094706508,0.100119534104938,-0.00408871846593177,-0.00979976020761562
1.54240545054199,1.10898309974963,0.430356986554855,0.669496230996152,1.20201264973561,0.479560859210506,0.00223084093340996,-0.000946056253824561,-0.000793609317935569,0.0211533572652268,-0.00381072793303169,-0.000950442265150302
1.99623254402541,1.58441002062827,3.83653478183292,0.508301535182868,0.857522724958043,0.370570371381661,1.25281826829774e-05,-4.27773541296122e-05,0.000116609395038796,3.82552160688916e-05,-2.43465008891938e-05,-1.99126252293634e-06
0.215156142145861,2.13155647376313,-2.65253366873416,0.377492059690874,1.89837560741612,0.110520018837898,2.22769620317545,-0.297195472231205,-0.431087566046626,0.509240806135786,2.9777218912311,-0.3491750928794
0.882891886518337,1.03738409924259,3.1875794355775,0.385604132989633,2.11137340638029,0.671038073386708,0.0059364469478186,-0.00391589192416432,0.00322824251967963,0.034432277140625,0.00631264339660283,-0.00360125051006259
0.402745393209625,1.50135893853968,0.810370354066058,0.445544292891517,0.304655446362807,0.112798778918446,0.309570758166899,-0.296356897614325,0.0500259407672706,-0.103365830180419,-0.422687935357745,-0.0264367792529787
0.534081375447568,1.59923955452901,-1.51136833795451,0.424574449437421,2.05852873911614,0.38879507953353,0.371174748135486,0.00926198873384998,-0.122452420642788,0.288017741499978,0.839585371046179,-0.030410857961219
2.36302777534584,2.30240713613717,-0.134988461875963,0.422302069374389,1.1431137889305,0.452731754682031,0.0356328866701406,-0.00622124853899765,-0.0221030901397652,0.0435104305583698,0.0519928260013453,-0.00930114749542262
0.627110863372218,1.37299744789416,-1.45810328331233,0.393752015768751,1.09884693405923,0.381162131041965,0.27013214359071,0.050885607128996,-0.0934157663875488,0.408635999688071,0.671222735490703,-0.0280713679783972
1.62657071303111,0.964962413530998,1.59443514733687,0.534015899764794,1.53769268283756,0.554732386592041,0.000142751615037628,-9.12673468606005e-05,1.62470996977163e-05,0.00224997314130088,-5.66029923992689e-05,-6.59519910907863e-05
1.05155745231314,1.50118235303089,-0.699737270645588,0.518463216304963,1.54799167945721,0.574726041254618,0.0883774351349093,-0.00186700349951999,-0.0402025482158782,0.191010685223404,0.054293383524414,-0.0373173289562851
0.225279058713932,1.59564197870729,3.81834942717287,0.476443556408971,1.02403007715304,0.247625114991999,0.0250253417124897,-0.0317074533873858,0.0366530552071779,-0.0472101354924094,-0.166857479366116,0.0167339470891897
2.2654737023171,0.968654236803244,1.2411138231294,0.510474841790181,1.57096082702847,0.313934570290938,6.1354924405103e-06,-3.07688926199445e-06,-8.87312345834467e-07,0.00013827787395867,-6.53648924076938e-07,-1.55770735331835e-06
0.206552070227917,1.11007024465356,2.7708810934865,0.426416737210909,0.900605826924905,0.498437157728192,0.18016088172414,-0.15398221482548,0.0924097508825243,-0.127640120441593,-0.303946022636137,-0.0582706121641163
0.627181264164392,0.90007043548189,3.70405534681563,0.523265425399005,1.45115763486325,0.305742467771298,0.00441132069182435,-0.00529435208052691,0.00749808713043774,0.0250075328703709,-0.00532329028061334,-0.000876211337203865
1.65662560850615,0.905656965400845,1.21663126727284,0.435926093238385,1.79494705683664,0.259289751564359,5.4134986225265e-05,-2.06176911789288e-05,-1.12951601233447e-05,0.00107238228463519,3.51903684898771e-05,-1.11960783303164e-05
1.382875761576,1.30228662474195,0.0431285587581304,0.560757846901147,1.33184281393375,0.336676437720437,0.0190125350573824,-0.00433810424864898,-0.00879004713968951,0.0922506094739368,-0.00347960265182729,-0.00514553218133213
0.130624632479157,2.25392547240323,2.38343046790362,0.44408908843485,2.47690288757574,0.407929374549125,0.240015598830085,-0.144390191593115,0.178486964315495,-0.288213654976918,-1.75424222884703,0.317279759513773
0.748071577458177,1.1578106207147,-0.535259633330896,0.364606932331791,1.21682800383637,0.211641217438372,0.104191778798103,-0.00151351310809549,-0.0448336560554872,0.338149376278397,0.212190551556565,-0.0125135921507562
0.708160872606095,1.42286020424375,-1.52807146492054,0.509120846232752,2.00187426076144,0.144514638543128,0.198256944603416,0.0182900212511195,-0.0697593562297459,0.319167140634138,0.289605562694883,-0.0135034617559943
1.00137162965257,0.993376781105046,1.17155761743274,0.480370384222266,0.943809707639616,0.61724743676953,0.0072157185936941,-0.00627838492041947,0.00160304678096475,0.0569526716215253,-0.000483288597544369,-0.00381658167786448
0.784269921155647,0.729918836788525,-2.17121473661726,0.519331072628873,1.29855032896323,0.655604085041807,0.00154192711426253,0.00086950754514801,-3.34799131594272e-05,0.0275038092722272,0.000552761532968199,-0.000864355690367805
1.46144324276829,1.14402009961316,-1.83378746206572,0.483988444392635,1.82669393891449,0.468069658040054,0.00315475411650202,0.00113217468352199,-0.000687258204576882,0.0259122562033121,0.00237050124570137,-0.00109887236872083
2.52956103330944,2.14888205091327,-2.13122340625343,0.417977025491234,1.81280374896381,0.674801648194939,0.00991975048631048,0.00462413739692653,-0.00094867291438754,0.0188532713101874,0.0160089440000696,-0.0035638631386239
2.9047571572708,1.35584730572092,-2.84587807826767,0.499987608834031,1.10003683840962,0.190089895604168,3.93055405432121e-05,6.60250470026665e-05,9.41974597850667e-05,0.000410245331551837,4.2048290793581e-05,-5.14536030357361e-06
2.5652997470228,1.49493025037883,-3.66358596735564,0.540484759738742,1.39016473201222,0.577954658212971,0.00017718592188489,0.000254581933692222,0.000402817110948581,0.00119594330171467,9.37741764435256e-05,-8.37640764688042e-05
2.17114972736454,0.819879919587893,1.02716768665794,0.505737577794805,1.28396491837068,0.293837783068592,1.84615712511501e-07,-1.06597470825722e-07,-3.33058498778489e-08,6.72108131463764e-06,-2.10314246532915e-08,-4.41840216574694e-08
0.537611590058077,1.35221486317163,2.64841285333218,0.493216706859196,0.853078629087204,0.183946092665531,0.0276430164360166,-0.0413776520041635,0.0437857818037615,-0.00216052548911184,-0.0590765022228883,-0.00183606632968408
1.62979439180344,1.47621513686923,-0.293737270563944,0.534845886874616,1.08080445468804,0.0565206883788542,0.025120399000886,-0.00268973216124516,-0.0149251449557236,0.0972015687959849,0.00681078732729825,-0.00107030735997003
2.14337471090257,1.84199300211871,2.1478012007896,0.373107426891694,2.05509727666617,0.415801445765028,0.00654661086410025,-0.00347157080508942,0.000920599977278912,0.0153621276753332,0.00960764155302472,-0.00192619359755492
2.50967790045543,1.38789105434992,-1.17509954449528,0.492870500202869,2.71412219270701,0.584144158770605,0.000543952669573412,6.27108931396977e-05,-0.000170321025905038,0.00435280426574298,0.000212013915089292,-0.000256966696097879
2.65054330488201,1.10537355751173,4.55911104684379,0.793186676034912,1.67366334708608,0.222931129735245,3.18377514347365e-07,-4.89046992138169e-07,1.08965189586199e-06,5.52779424587384e-06,-1.39684468123456e-06,-4.24235532330266e-08
2.55921256352449,1.05044173887569,-0.0576920642907184,0.586711633264284,1.20321062953025,0.40831335687718,1.34626057147332e-05,-1.31150004956568e-06,-8.64659692797582e-06,0.000269340158794377,-9.44091286999009e-06,-4.6758023332327e-06
2.29807961237384,1.06881781282877,-0.767940082110635,0.484344009366036,2.79792523452387,0.74102120767527,2.55925957497295e-05,1.65507615616884e-06,-8.35759237373971e-06,0.000431293499379574,7.61853632331362e-06,-1.65697443546858e-05
0.834656637941953,0.98519768785246,-1.65520942725496,0.526846745695088,1.78220264248527,0.263741227105773,0.0245692769649297,0.00578076758988442,-0.00756797934805368,0.173727234510438,0.0141696613172991,-0.00480847903240867
2.23534576304955,1.69499167482319,2.64882890672197,0.41193529947845,1.6251832032691,0.41158929346153,0.0021741711338871,-0.00209006137764661,0.00212411786566768,0.00720269840426298,0.00160180408419888,-0.000710335290327589
1.45714334085351,2.18157604837852,-1.728561685024,0.333644046389382,2.55421322221485,0.356698888376225,0.0426708696013544,0.0069916221271204,-0.0121451664909854,0.033722155652231,0.126291327866205,-0.00187341583088375
2.80241881542606,1.0539629347731,-1.2946011828988,0.512645322835088,2.09058534034573,0.41186616857133,2.63349141545064e-06,6.13350384247338e-07,-8.6549789465654e-07,5.76040165316847e-05,3.2869624540504e-07,-8.88977121479959e-07
0.638067707675509,1.59939845377046,-0.221198538326485,0.46926116988106,1.88075909973786,0.250545366679589,0.27989449768186,-0.0533733955685466,-0.0833361098244769,0.210882894871259,0.385067186499034,-0.0325430167459604
2.62817742968909,1.01545020946975,-0.860811882252196,0.400074741792026,1.11425354397248,0.274554779531049,4.16376541021213e-06,1.80448577423575e-06,-1.98728692235446e-06,9.55046062200642e-05,5.51760596519468e-06,-8.50598883482103e-07
1.74444030978484,1.80158982054894,-1.96016835414142,0.43547974833407,1.037326212766,0.588741565489179,0.022216155362296,0.0194685342146943,0.00393648143916172,0.0523647823815115,0.0430671045287498,-0.00518327839101141
1.0654291324201,2.13811718946617,3.99598157522249,0.538936857722543,0.11903647047067,0.368477233658392,7.53372074906639e-07,-3.87965749900944e-06,2.2868522284061e-06,-1.19528222847327e-06,-6.2464639900418e-06,1.29672831908477e-06
1.03219979092246,1.26758711441722,-2.0098877613998,0.444611548945407,1.92236853718511,0.24196861703074,0.0336409133122814,0.0104884624979164,-0.00755733923495913,0.12842126302144,0.0533105429523279,-0.00437430620842829
0.265046721475665,1.61106217192776,2.37177128468134,0.564726563362192,2.58822878019904,0.159557386068831,0.317968604298839,-0.17562302891988,0.173055839823286,-0.174039844238216,-0.500792834799333,-0.0182896997484364
0.154651312623173,1.17419749477093,-3.19249168697854,0.441287519566538,0.623519822800642,0.398902649834004,3.10301545575978,-0.162850446910046,-0.248642041179663,1.9129833239185,5.7985502675797,-0.913932280248602
2.116494725761,1.4695074548112,2.4763389434597,0.311251917314345,1.28110223047829,0.370680705144294,0.000801738808789817,-0.00102626306440132,0.00119817036967585,0.00409152855291032,0.0013326508522264,-0.00028862170506336
1.32394452692242,2.06772888885554,-3.64019792966772,0.444668966586803,2.08686390722678,0.407273895500063,0.0357161752720659,0.0201891500026816,0.00931734066019451,0.0393981237545449,0.0911511979558986,-0.000892227602432063
0.163188715407159,1.14811763420906,2.14246114095543,0.460557809461013,1.66559438141188,0.42987003806653,0.495045352285278,-0.288216797312248,0.194031547233724,-0.358274916601349,-0.799162991218842,-0.131311291470115
0.729710088856518,1.48194023097285,-3.97840200317671,0.511163074443241,0.787267532925849,0.479449586023868,0.041770235558641,0.0586242290564624,0.0487614782392867,0.110182721472659,0.149261764915743,0.00905607416706016
0.309507741534617,1.31685364633141,-3.72746913474802,0.450537610734609,1.86160592742142,0.318218018452505,0.749956375411989,0.189900817270499,-0.114585021336333,0.922520169820484,2.36242094111914,0.044667067887094
1.52092759873485,1.44782326726329,2.53199972808855,0.468102133305047,0.614826932474998,0.446937962204336,0.000502829296912772,-0.00143349729828899,0.00221801492968531,0.00147247789006096,-0.00071895209790931,-0.000139470058362325
2.53052477645688,1.43913667965154,1.62987110342963,0.438289322424661,1.61821604479342,0.304462413008255,0.000753742287410487,-0.000470659479972292,7.11975423866621e-05,0.00527283663859918,0.000470386536754552,-0.000178814855505941
1.43168414491229,1.02477994191038,2.80011606705221,0.491914334237505,0.983434653579368,0.322551963908454,0.00012358069296709,-0.000233474679505762,0.000361006343577861,0.0013235912354812,-0.000102644580800646,-2.95373973994501e-05
1.65582628978882,1.69722231176357,-2.5163628911921,0.541366833763448,0.420387270080884,0.46541680147044,0.00604512235449119,0.0147953879590565,0.0120347364725848,0.0205362242465426,0.0149145983406917,-0.000652101834774944
1.2958790098317,1.13117228275195,2.1983869764885,0.555118642135311,2.08155362577858,0.0156956122383587,0.00365259060527586,-0.0019197973647728,0.000610912148969445,0.0259780175721084,-0.00168094096167671,-4.35810480300962e-05
0.856340349116363,1.23845874719307,-3.00937749884123,0.491981880454349,0.418501119900373,0.0131306776012601,0.0211197842262311,0.0361372648173633,0.0192956221389857,0.0880292010268336,0.0724681725925724,4.92815763888035e-05
0.189867976761889,1.06127297780951,3.12524946512411,0.468869382383133,0.885717650543488,0.437381173841743,0.144059818697249,-0.130716648107883,0.0854579458520933,-0.154362262968314,-0.373581377280477,-0.0131515470828089
2.69800524988677,1.23661173859056,-0.320797833638791,0.486769254972786,1.80835045329369,0.358374399672358,0.000110126264728166,2.89412663100926e-06,-5.45291457646886e-05,0.00138577805867487,4.29353694113284e-05,-3.11276256796273e-05
0.569633695820812,0.928920902065353,3.4118264977257,0.518945971192426,1.29002604016965,0.364456188474656,0.00832743734846445,-0.0103084738866866,0.0133459120081963,0.0348774496552588,-0.0108615573885459,-0.00190193049214642
2.98705437487224,1.49042112546024,-2.7096161990012,0.482256041578095,0.399104901670056,0.242346318848054,3.47524201826013e-06,1.73162418944631e-05,3.16350397095443e-05,2.95920595122825e-05,1.00526142382124e-05,-6.81108135316361e-08
0.715660913556349,1.4336993699304,1.61442920424171,0.749971626759099,0.954903956948814,0.215489726019043,0.0402550037182381,-0.0538303861838111,0.0521961271895633,0.0242517768474428,-0.149540255475728,-0.00326729952398008
0.277136627852451,0.973223321727386,2.2054832320931,0.499103505039415,1.27900504345143,0.708357709146531,0.186861317114547,-0.136395363161352,0.085393868781758,0.0981302509709329,-0.114587094006301,-0.104342544022324
1.39381093506236,1.5524182242916,1.82133762479178,0.48209727518276,0.21983104811843,0.546115784927951,0.00220801856523293,-0.00663290163454718,0.00376767439855264,0.00368901636409709,-0.0038906671370906,-0.000617375551388323
0.669438741763588,1.56903850915302,-4.66291043121513,0.534285917397203,1.26948392418638,0.400316187149186,0.061838684075043,0.065651544734304,0.0637125508413134,0.128332875568839,0.216376520413143,0.0101681369590739
0.990843499510083,1.67107965271049,-1.83597151438882,0.382045828442601,1.61230114118911,0.254956914020413,0.0974219402598182,0.0314891404022519,-0.026938108449187,0.130613989351042,0.265675845155671,-0.00375394677253143
1.51451687298249,1.34194047113926,-1.34700575553802,0.435594216540301,1.91726408687329,0.396485756448064,0.0100619530203161,0.00219404543466965,-0.00352181567035596,0.0498219256447233,0.0128568827953279,-0.00259292453975922
0.620134451752529,1.24770418868937,-3.14165817626158,0.419995017943972,1.83922843501302,0.453365516898893,0.113102019023829,0.0499664652168904,-0.000540248055241007,0.265097315660585,0.280050192166502,-0.00933462857470593
0.437128599418793,0.79498392953889,3.27679269692978,0.411889933214263,1.74088812812823,0.422703903607429,0.0235968556633169,-0.0178856567010655,0.0159437060090216,0.13403280547983,0.00573707758086352,-0.00866095583643514
0.221285683021415,1.98015262214311,-1.74133102907603,0.537093561509758,1.7586358185416,0.168788044358412,1.67261947556849,-0.665489009929806,0.0886937749220529,-0.779081922149178,-2.79129945010069,-0.25804777942591
2.94110350074479,1.26346996129997,1.36269774727945,0.452555916324607,1.85133454587036,0.484199885507208,4.59503062816839e-05,-1.90484317577301e-05,-7.94139459010504e-06,0.000590130530181977,2.44076135986718e-05,-1.81440095508301e-05
2.12182834302075,0.825600658856384,-1.12541816505708,0.451609999974678,1.83627281995694,0.583730248927197,2.72479626896506e-07,6.67667548240603e-08,-1.00022222304814e-07,9.52061722192102e-06,1.7845230371374e-07,-1.31935198569312e-07
1.96244125930825,0.9455756681643,1.07858582916427,0.440425653552826,2.50758725264757,0.62476577717895,1.47611941724719e-05,-2.82799451644e-06,-4.08160048616514e-06,0.000307989323581132,9.9658829752484e-06,-7.77007969597816e-06
1.0816778321052,1.17981667127574,0.047506493784078,0.546683492122189,0.586756522942096,0.461779807841051,0.0388372469447902,-0.0195024716324311,-0.0119374105542581,0.189447422942816,-0.0133694484142049,-0.0150476950828296
2.35837947955588,1.5246042340854,1.15177741299108,0.622714849366169,1.27452334797917,0.105631557206087,0.00254815505465214,-0.00193266495012048,0.000283099653193315,0.0135222483427831,-0.00294029906908803,-0.00021111997040649
0.269535321113653,1.43737819446627,2.07297588597848,0.426365123252168,1.10445100112194,0.404723900591325,0.212972387632792,-0.181222663045251,0.125987533278099,-0.127735621513761,-0.389410179427702,-0.0546965869613402
0.746695917763282,1.85299440012225,-3.89227929503575,0.460076456069023,1.54891680210747,0.482930502453748,0.118992465428437,0.0821801357426417,0.0398811112215874,0.145229655826298,0.403811316792323,0.0243003020721455
2.58657925360603,1.02334918787503,-1.31029641818857,0.467749415948617,2.09463040190635,0.605087545846092,3.417772173951e-06,8.00482908637429e-07,-1.10554253144185e-06,7.52360970236155e-05,1.76653816491249e-06,-1.72066030045375e-06
2.64408205716172,2.10488919888011,3.18190957076791,0.495046068125674,1.69139411706477,0.671117795575029,0.00183511364899993,-0.00202622117960542,0.00283175826339111,0.00341180434433222,3.59140320464908e-05,-0.000996305849052838
1.95690015553264,1.31728601888965,3.64403763437435,0.380928392839185,1.02963190782534,0.0602160550247966,3.09338891567096e-05,-7.67943516459595e-05,0.000176023259288537,0.00020248593499821,-2.95446253441934e-06,-1.67628737644665e-06
2.52700308085186,1.89675620278691,-0.231117721196893,0.497019326860169,0.706208770627139,0.562315516243291,0.0189744026819663,-0.0032447425829405,-0.0143677037162852,0.0525991221478087,0.00885077244436011,-0.00844826090256852
0.523140621301718,0.711697319788176,2.08032585498961,0.696761449068258,1.72743780878229,0.302704316990465,0.00926937601455237,-0.00568594357551167,0.00276300011182651,0.105199460511765,-0.0221784064767048,-0.00202759028271907
2.94663316090591,1.47288482382191,2.73421425236016,0.258561429678912,0.890204813712432,0.47294931996563,1.67675515658178e-05,-4.2735965169447e-05,8.38177109818641e-05,0.000126321701431866,3.92416554430791e-05,-1.07207212755762e-05
2.5986291633104,1.53398943508433,2.54841153599741,0.588416769236512,1.73088455427785,0.200832383498553,0.00062043324069026,-0.000531104210074257,0.000469383803392745,0.00360635069247305,-0.000540978581628789,-9.55580692250335e-05
1.26879170645261,1.02895948684995,-2.6963657163483,0.641367224490788,1.38081945121336,0.534936523948491,0.00167056337733416,0.00135577381177834,0.000667649962930931,0.0171808158460912,-0.00115375323465429,-0.00096067749478304
0.812697883020155,1.2225519728351,0.474269981591008,0.471283799002024,1.75021120240433,0.388199164714944,0.0757649626281782,-0.0211189473109794,-0.0203860698229981,0.223491823842653,0.0520309062656463,-0.020803052535067
0.466758865432348,1.67597819862809,2.35278690792232,0.520887026756379,2.19639616294862,0.497856288889617,0.155772217520794,-0.0939410222354432,0.0770858398141845,0.000816091919410607,-0.0393064868894521,-0.046149588191047
1.51889218008146,1.35029413817277,-1.88165102215499,0.49586006636896,1.56227416281814,0.786071156635894,0.00860132136283053,0.00389419644816258,-0.0015383027550743,0.0434645494642298,0.00435480326833246,-0.00561003733477742
1.83252748736413,1.38649482148081,2.44169001393858,0.506384742054702,0.652965647318352,0.456414404924048,0.00019723788173525,-0.000568904616362804,0.000940202784640421,0.000940526705381377,-0.000285826034330712,-5.43262527184103e-05
1.36601193241077,1.93270814538802,-1.41285351377032,0.590961697910835,0.391757804699329,0.543086417384778,0.143585058858335,0.0866519254226354,-0.0399795791261317,0.233110715432478,0.123749345863163,-0.0678726415310733
2.50263317126082,0.979646842149639,-1.75860624891214,0.647160803047461,0.702175415447213,0.542785995642591,1.32440131156262e-06,2.24601521795629e-06,1.63647475518644e-06,3.28605295901889e-05,-1.27371597487872e-06,-7.69172066909961e-07
2.71408875106135,0.7982707350913,3.6215463015683,0.676141440813112,1.02631050741595,0.127464831583114,9.85106531256188e-12,-2.64637028709816e-11,6.5851513481906e-11,4.88821991283553e-10,-2.52307116575537e-11,-7.1875251362019e-13
2.11861652546795,1.03843354811902,-2.77982096663671,0.510395094482202,1.52820463328394,0.661360082540969,2.10813054791616e-05,1.89311663314113e-05,1.45345241776387e-05,0.00036091034847893,6.98279553713277e-06,-1.18764787661819e-05
0.134413120010868,0.623719065069784,-2.77743019009164,0.43043615813142,1.05482556817127,0.132132050056863,1.68924870722649,0.151033064030135,-0.19334712111642,5.91806116060544,3.83620773982581,-0.0898159045448527
0.660881923092529,1.10751309271287,-0.399271307642182,0.538092902061203,0.97509840158686,0.202030923781652,0.170706810554485,-0.0349161987285974,-0.0603342380073937,0.565973330189306,0.0432217055218744,-0.0267956220391835
2.66732343995245,1.45433509714671,2.34870530367285,0.382470716303695,1.46370176273074,0.0561182227448171,0.000306071584609226,-0.000310941325837582,0.000284406816632901,0.00217837591878264,0.00029567725741789,-1.39536722861689e-05
1.94629049350042,1.47576533571482,-1.8954312934417,0.523660147542894,1.1996663031776,0.169236166663477,0.00582666013387407,0.00446532329036256,0.000528666923598799,0.0293630785741986,0.00528909633531656,-0.000683696115315555
0.867049793340266,1.68471567909384,3.33201136983479,0.327284908185189,2.73588502424836,0.338458228610002,0.0363028368317048,-0.0168322271382763,0.00989932456622805,0.0278159391283384,0.0727815784881024,-0.00751563919758591
0.0839927805238403,1.51051999857093,-0.453881405202989,0.395158127526073,0.786181281323189,0.775926822473481,1.40654253627874,-0.469296726341995,0.074304580905266,-0.924633069437287,-0.208224338213942,-1.69396842047839
1.91535591162974,1.24773958750022,2.55494989147805,0.459571009331084,1.81213927614849,0.466842176911167,0.000586666577428576,-0.000440549667880032,0.000320693532532643,0.00475000961289494,0.000183055203654265,-0.000222213974704925
2.98495973735116,1.16932745565365,2.2308090721597,0.503352185063056,1.96476205447342,0.322572712176047,6.85248393032606e-06,-3.96564437600316e-06,1.30089505998523e-06,0.000114574851805263,-2.03354559004528e-07,-1.77771391332528e-06
2.77753139840206,0.968521404541003,1.2053571983406,0.487244416912803,1.5848676233299,0.349251023901326,3.80865236518197e-07,-1.82447254577768e-07,-7.158468672438e-08,1.07064301598832e-05,4.72875826808626e-08,-1.08666103516448e-07
0.872820041398518,1.04194292619944,-1.88791683298275,0.40768905512633,0.529595411462855,0.192459831931814,0.0260507863270849,0.0254206188912086,0.00349242447575651,0.165885905618251,0.0667845690578153,-0.00157835380452293
1.98711024210788,1.09268685541952,-2.60396313025879,0.56566271835287,1.5589733621704,0.601349786484137,0.000111237407147034,8.6967067542396e-05,4.70441665220247e-05,0.00151410423753328,-1.64772784176763e-05,-6.07137898376089e-05
1.33549996134825,1.89356848373246,-5.03180121162979,0.598377827377401,0.817983552102358,0.296340604209193,0.00033802494639229,0.000986394929504282,0.00216128124188842,0.000944750697235055,0.00145947349846028,8.07325982857925e-05
0.721673836163245,1.01292273475673,2.14270231878251,0.551013463682654,1.65607762756849,0.142682420269428,0.0239400948312408,-0.0169007293672837,0.010163037630733,0.114113757243568,-0.0170890514644507,-0.00248045963789958
0.346957137214486,2.05804034782481,1.1504252958109,0.533839549515744,2.20147018425539,0.164652344579413,0.389563886551617,-0.21663884296002,0.15538496445157,-0.143772134624451,-0.545420796704592,-0.0324965601531832
2.7356326703215,1.74977791491854,3.67037070627932,0.481225300451186,1.16910294685074,0.349020875011597,6.47381576654414e-05,-0.00014849423430729,0.000354620351617619,0.000236159540041087,-4.24188711630903e-05,-1.66174670157663e-05
0.23581530880183,1.47221069757603,-1.51284218354275,0.374431979731653,2.15953266156801,0.502321761886809,1.18472956698475,-0.146192482126268,-0.22593629882413,0.487354141703414,2.34685589065945,-0.343014668953637
1.30805634333519,0.51025561206677,-0.0998819647511932,0.322599086252692,0.945708478378185,0.529602587048566,1.07070746622493e-10,-2.91347054720698e-12,-6.08608066812402e-11,9.99048936593154e-09,2.14334554730304e-10,-4.73410237829731e-11
1.57324236091226,1.78090107803545,0.0215087593436042,0.465493733132963,0.296418790848514,0.538441522778014,0.0716433919274114,-0.0554617877751945,-0.0155004916667088,0.118391083930294,0.0285835440341508,-0.0325437869393918
2.51214141647797,2.38208034957112,0.922656521513069,0.57603932392725,0.256753315373875,0.485159258989323,0.00762764136311169,-0.0234373472384546,0.0144070683054273,0.00467049723970744,-0.0163389895579247,-0.00148404835955975
0.449677178997081,1.16776236681665,0.883865315069905,0.570760861716845,1.50462874065487,0.210076572072976,0.266839117529924,-0.140429472929347,0.0222206868248141,0.320142251041521,-0.120951188261881,-0.0407245548693592
2.47347652156604,0.515827498651022,-1.0166744356652,0.498436392636847,1.30683146655637,0.234381318608599,5.01900785818914e-20,2.16857480159444e-20,-1.88067808214116e-20,8.73955358293753e-18,7.66294808037918e-21,-9.65767765360363e-21
1.6951495802612,1.21486659911102,-3.25186171643427,0.515199810319944,1.53283291254877,0.158754498760163,0.000891065912909731,0.000873376510102387,0.000847676257212987,0.0072859349114233,0.000872051081365486,-9.74963654139702e-05
1.46355908748228,1.78344648012142,-3.05366071827988,0.595476436163605,3.41727378206093,0.67169197585647,0.0224097175289017,0.00420718894570084,-0.00347290546962587,0.0441452158122957,-0.00389154348342144,-0.0145929930415986
2.16798516031122,1.39643266219715,2.6403682047627,0.487458460507865,1.09596686653507,0.127892657843071,0.000281413994871326,-0.000500030869261484,0.000788280985000462,0.00173908516131217,-0.000161353623061107,-2.67995814518966e-05
0.273140997916926,2.01846327408623,-1.48717055052724,0.54133009725975,2.08726769819928,0.128460385522945,1.38212748959869,-0.432416895900633,-0.074076757885554,-0.177539347181335,-0.627426156702122,-0.147809531619079
0.112040144845378,0.963578457404399,-1.29303717515703,0.47450304220048,0.732400819761773,0.351527258997137,2.94156193806598,-0.856797241780908,-0.0275421998903424,-0.730156164923794,-0.872494938251543,-1.04179891835698
2.5674792552134,1.2546364295442,2.42267516921898,0.51343002864534,2.39053144359226,0.213240730843055,9.54218560186447e-05,-4.17931878378258e-05,6.39385135165907e-06,0.00107631926071286,-3.41222450108915e-06,-1.59468116626085e-05
0.45006753805792,1.37507093916986,-1.70677298177493,0.409640646990518,1.0654965009209,0.444884769677274,0.55863822719457,0.0541133010668905,-0.164628525456431,0.593244247028407,1.37106347978349,-0.0618678432865021
2.96304780639475,1.15706536917568,-0.365126438865003,0.524852941182301,0.888680809976983,0.315954607455957,2.33623560213382e-05,3.31739251260531e-06,-1.79794187920957e-05,0.000403816415691147,5.21252275081947e-07,-6.03396265487107e-06
0.276122358615976,1.59159251100511,0.132998443202568,0.380537391117157,0.96601489439596,0.248371323070814,0.79038194955699,-0.402410635772959,0.0363856732230547,-0.0733223375888226,-0.159554940433475,-0.232596313775081
2.2865604141145,0.874181149998927,2.09323636355961,0.555317086897238,1.70020554836154,0.305317645660757,2.59110311510949e-07,-1.79354690224716e-07,7.87487234472536e-08,8.14779370454445e-06,-1.621646252402e-07,-6.36577636079577e-08
0.0969700797577389,1.40652996238414,-2.70621595391292,0.5286640696177,0.972083854446227,0.319673350243453,3.10584836085922,-1.23203626658025,0.243143418806923,-4.37239683767977,-11.4066088691106,-0.374377729266835
0.40512583948439,1.54882570768764,-1.79367028059143,0.460383974793501,1.72329192800135,0.406482458691114,0.721579559434978,-0.0101169235661166,-0.220629841870624,0.493160646492978,1.45073205909499,-0.089395296920992
1.96923418914666,1.28104004527238,0.301531634679927,0.508093884307441,0.857348101286939,0.294871691310257,0.00300475879829893,-0.00152818353533496,-0.00140142760680733,0.0232065470817056,1.79992585949522e-05,-0.000705599012472177
0.965377894567791,1.3730205281093,-2.33100948305024,0.535019445208075,1.68487610453554,0.246073358666113,0.0646514953539294,0.0260500669481488,-0.010355790336988,0.185497822837562,0.0772117396432984,-0.00958333929040109
1.31847276206827,1.57099974888454,4.35139447879908,0.455658974448212,2.55968558707819,0.410208578017502,0.00647287537389586,-0.00434105975140233,0.00519157121201608,0.0137138135655774,0.0032096287193473,-0.00190511277474086
1.8487727782107,1.09566388679072,-1.38274331420538,0.505284082251783,1.21797675595086,0.391489861648037,0.000519010079975542,0.000276650850520711,-0.000132002226095769,0.00641269284353804,0.000266159678120467,-0.000159149596014036
0.23296202578349,1.15108122735367,-2.52855078682916,0.487871884882221,1.42799166517173,0.297769077353902,1.59608563065778,0.0111668590986117,-0.350050218559973,1.56509825962863,3.13311258384212,-0.189083802266808
2.30060144130839,0.460851520578721,4.63846018683231,0.491657750077043,0.0651072450617056,0.240341418875481,7.07629973081952e-34,-7.6340661831183e-33,5.25717591475179e-33,1.59521069826368e-31,-1.36781311369765e-33,-8.54372417538895e-35
0.135054750239942,1.62695039059284,-1.850961094134,0.499832664959287,1.08991528062482,0.217638388765753,2.17733582016238,-1.0126533923056,0.254373811321109,-2.38466305886447,-7.64317108834429,-0.273053932154301
0.0950150267221034,1.86208305284306,-2.00796200271165,0.444268073142546,1.84525554318481,0.533285766764588,2.07724743749392,-0.685785388133932,0.235790312424472,-1.69540482496042,-6.61465236826934,-0.40935975435022
0.238520890136715,1.19375376740739,0.30812305586205,0.707582731697357,1.94672791663366,0.392197996042302,0.736788328423801,-0.345049873080475,0.141467935536047,-0.118537058070597,-1.31341925184124,-0.246721029057437
1.01061781122116,1.10096120206672,0.7160605893477,0.71912948146819,0.210900728846665,0.383796725480076,0.0141978428295771,-0.0199908966696772,0.00307471891177224,0.0740311556498076,-0.0448382057940967,-0.00263648685860371
0.357563776418101,1.92538677356,-1.78412326780481,0.54064249864393,2.49185233455658,0.298170898910796,0.98866801986921,-0.128858761537124,-0.225346522660056,0.308291683647154,1.14076145522999,-0.131776973899523
0.535889394418336,1.1451866264457,-1.25678917404145,0.564759577040673,1.7232964837433,0.243230208690002,0.280170506087882,0.00246782508102502,-0.099348614242448,0.689216176655232,0.185467117044818,-0.048318224479273
1.52018026016885,1.37246189897016,4.24497559447631,0.515924007222268,0.308845721987647,0.34938375677734,1.47947226829043e-08,-9.16774960196318e-08,1.69441734893701e-07,3.90288343833111e-08,-6.92924371195381e-08,5.84794120310659e-09
0.922429411811754,1.07812438642505,-3.00330531990955,0.450976982145503,1.65842512612053,0.0771230412715724,0.0144316274329375,0.00931566220809942,0.00373194446323474,0.0860869212560176,0.0260466488689884,-0.0005511867222257
1.54873097456293,1.84881213369299,3.85041051976246,0.481029575764363,1.81848486248208,0.163240262073916,0.00426263063679731,-0.00477144450025329,0.00775294166586825,0.00541259635305217,-0.000410795794422244,-0.000471227658392645
1.88226347246673,1.37067830781907,-1.66455773387421,0.638741820526786,0.599924836067979,0.329313006564017,0.00432204393903536,0.00581538144656152,0.00179968149578683,0.0281441517277187,-0.000119429873670035,-0.00145292469689223
0.815795110573526,1.36381081318327,0.524815159824884,0.525238097697011,1.91089095448953,0.40672699064737,0.102412170647592,-0.0296535764643425,-0.0234156646984909,0.204964925532047,0.0368073750572415,-0.0297019539389396
2.00706608631881,1.15819992442474,-1.2080985709884,0.517070872784015,0.740578293090536,0.164093788814741,0.000730813078933481,0.000634567181422117,-0.000108657004650203,0.00833375672539994,0.000482413533984662,-9.14695110488045e-05
1.51919145178981,0.96623389122576,-2.25081623174138,0.5323944923425,0.292199769803667,0.596676052736287,8.48495101805686e-05,0.000215277532884852,0.000126710031698538,0.00133364732717462,8.68748820914589e-05,-3.83560641480492e-05
2.02516282500001,1.10402945668725,3.44119968465183,0.465974618839941,1.65935203659521,0.376044487524886,3.38462609832524e-05,-3.8517199760525e-05,5.54561627224725e-05,0.000436727778469575,1.30051983309323e-06,-1.03758941162996e-05
2.50838814513991,1.0543325205897,-2.9279736823994,0.519978195071852,0.751713402981829,0.301250413030889,6.03783139945251e-07,1.69513283354961e-06,3.10717169000354e-06,1.20379610663469e-05,6.69912740099316e-07,-1.28553447220048e-07
0.527810690249316,1.03921278225564,-0.515403315288221,0.483983456663244,1.83443490846994,0.31726999182282,0.188849952087635,-0.0162743468085393,-0.0628986392001672,0.590047696057733,0.173234544415312,-0.039526330887164
0.537431977305096,1.22089025545611,-0.859888933003343,0.525598170442584,1.44861999814865,0.198515153414332,0.346618940925694,-0.0298631938207799,-0.122560390397739,0.629313260107395,0.318331362570665,-0.0440779718082803
0.794998405559454,1.08227182766504,0.951749180914994,0.54558305961678,2.09949047500861,0.202837199257869,0.041790332029872,-0.0124962036480529,-0.00762364705256949,0.189914262578824,-0.0029626142995413,-0.00638031415662194
0.227673975552898,1.56258110125835,-0.830286430282232,0.685905871922065,0.816350184956697,0.401138760683526,0.835395252368196,-0.586649728393619,0.215592470345884,-1.13684523016404,-2.7995168693797,0.00425900535053535
1.82107271773275,2.03723291935344,2.04587437414196,0.481727864953546,1.80500474581478,0.280048409332978,0.0173920964459421,-0.0118245217192084,0.00628248242598073,0.0214602074773518,0.0084493663100641,-0.00321804046290396
1.5191564732464,1.06807359580109,-3.69468968466538,0.456860234689925,1.80122684893171,0.510083158740141,0.000362530706796198,0.000311519848567249,0.000315253127897809,0.00394587624052156,0.000428370125260328,-0.000126066077491217
0.670651597995311,1.73930390540827,-0.700235625326422,0.56127027433902,0.232738409011295,0.658193912035434,0.455332562551672,-0.223481904700933,-0.0340554686491505,0.182542484698654,-0.0434445066207269,-0.280297389017468
2.50642819692148,1.04940597454776,1.9855996089041,0.487446058309215,1.36535687590118,0.373666409374422,5.47632844895481e-06,-5.29785899403128e-06,3.6967446144447e-06,0.000106321644258518,-2.44577909996225e-07,-1.67000620148342e-06
1.94295344320126,0.977736121531654,3.19135120217169,0.403967030850783,2.05935049906029,0.326013053602973,1.34988914289363e-05,-9.64641801275714e-06,8.35307450917379e-06,0.000248492173741162,1.1287568914696e-05,-3.64596414858751e-06
0.682431245804764,1.18067774928071,-0.024983580426773,0.729978598937768,1.92067395618157,0.0108529141686164,0.119314594159999,-0.0286560166660585,-0.0312414579617443,0.362735319661201,-0.20291250136357,-0.00142089058288598
2.33313936897321,1.22376296394072,1.4376463790882,0.426648006307735,1.26038944623835,0.370618826164194,0.000218260651122754,-0.00018016090967031,5.1262546670041e-05,0.00237467453748896,0.000131341670002268,-6.64956155971714e-05
1.11099562651943,2.01561874201546,0.531628098923799,0.552619882177838,1.30162990484936,0.409137559288109,0.120992534437955,-0.0717367279648016,-0.00431774776482448,0.0697796875049166,0.0139739658558089,-0.0342247140552782
0.56293344545411,1.64110108147188,0.569299976301835,0.562506569196193,0.822460517754517,0.223855428164576,0.259559253001405,-0.232321695298801,0.0852284958343949,-0.0192335404139863,-0.287476752260105,-0.0373244845628182
1.26470538822468,1.02520154927047,-1.94007311340194,0.495652431331543,1.44614551059943,0.239263065388395,0.00297158811061703,0.0015826064528416,-0.000270588964353262,0.0298613979132319,0.00252536802417972,-0.00051086252489743
1.16346603655256,0.667915748521616,1.21296531766705,0.388540438643741,2.13916992628203,0.444721668122954,5.32056678671667e-06,-1.41663013854524e-06,-1.2851493838287e-06,0.000189162174334775,6.12654789724753e-06,-1.95893463202178e-06
1.68609848481137,1.32521465070073,-3.76225989695469,0.547321307328457,1.93692235377192,0.644780967198503,0.0015817358464149,0.00120824821319237,0.00108548107253513,0.00975423526806037,0.000416692147439361,-0.000881812025278351
1.42956866010791,1.77566976182248,-0.348667073762556,0.441179235722742,1.29276814263667,0.384893743426941,0.0669856450910458,-0.00624536862559992,-0.0354981856889258,0.109840019027929,0.0909875904004873,-0.0150250896493088
1.55625263893744,1.14060521907091,3.01581147823005,0.433063823161954,1.26905753604789,0.813239072623728,0.000235288998132389,-0.00034912929302079,0.000526170225900888,0.00196199035196236,0.000103891992826055,-0.000190841109834747
2.21150360114407,1.70729308691243,-2.267259600115,0.723874200684464,0.598018053753249,0.360038674812837,0.00307966130810024,0.00650965677650612,0.00597099118789055,0.0132579068093398,-0.00185276104307077,-0.00173561092736039
0.564968144288287,1.43315334722066,3.53846944468961,0.492426086355889,0.581549055178847,0.270557647443617,0.00249607480765204,-0.00559640342778513,0.00662031599971055,-0.00191207215603632,-0.00964741856872289,0.000348574924531379
1.9547069831402,1.91481401537797,-3.76649728895039,0.388540765513795,1.6176703397404,0.100508270765221,0.00432231653452393,0.00467467269178622,0.00594411018831681,0.00896586011408722,0.0126168408428781,-3.85466487922148e-05
2.97860291081015,1.13900777930226,-3.59124649909032,0.470087996105805,1.968713294031,0.729512660654696,1.74595874727984e-06,1.40908475685248e-06,1.42367734013623e-06,3.20974463290703e-05,1.00189635561658e-06,-1.07210534208182e-06
1.04084277222864,1.60275704700703,-0.634935160949835,0.513168576340784,1.54111370104352,0.453759164498852,0.114827103052588,-0.006214361001159,-0.0519286138913496,0.190894641185102,0.0985030151187301,-0.0340542137425112
2.424967056897,1.36910628788673,2.77393203342701,0.537122033680975,1.15850366158225,0.368842208538056,9.75975425963836e-05,-0.000170844240952645,0.000282147204810066,0.000746254594090696,-8.61370878032696e-05,-2.64450356063256e-05
1.18942012469051,1.38777523726751,-2.9782869800632,0.447882881096788,0.0606978742326183,0.307503333237232,0.00262934452337538,0.00752132533159308,0.00111903132162901,0.0115238000914592,0.0113468666539772,0.000647149574031527
2.91190433707088,1.30317787197296,2.01349002925776,0.515125499113286,1.01889544410567,0.46254940717053,3.1305647600055e-05,-5.07490022055578e-05,6.07902921771201e-05,0.000353425575578743,-1.57170699286984e-05,-1.1547736676893e-05
1.08507648876403,1.76812704164636,0.634087547877801,0.521410813751198,1.76787557305494,0.054200469985208,0.0970251958991636,-0.0355777971338198,-0.0193140294685151,0.103262608035753,0.0599566961783817,-0.00320134731245151
0.870612742553931,1.20719801748795,-1.78021617571116,0.417910873283749,1.98319725120501,0.0822541829008442,0.0521152036541819,0.0122993049108393,-0.0145777833123209,0.186942460834893,0.0963776059171831,-0.00208675529456216
2.47158679212444,0.822207001001284,-1.30265355138314,0.472547028592505,1.00265406212868,0.304955748944036,2.26134647555818e-08,1.83444238544495e-08,-1.1512078609844e-09,9.42723876017372e-07,1.4492692451874e-08,-5.44079720684141e-09
1.09543677945621,1.55094311710682,-1.04073051192715,0.492256431038328,1.28047118445798,0.408608016776768,0.10023367253722,0.0125188320228107,-0.0477657176432248,0.205009193820631,0.118357826126137,-0.0248327143829892
2.54403305981541,1.47359099168675,-4.30361641120424,0.488710038804451,1.08456460638751,0.392344574068942,1.38298329987773e-05,3.53060142256498e-05,8.82208825534504e-05,9.90511059560191e-05,2.46544326674448e-05,-2.66370498981955e-06
2.9270236342214,1.32456170585775,2.6201557096692,0.555065861114049,0.795416319097253,0.287122284777865,4.31434211886535e-06,-1.26932950292574e-05,2.61877307389751e-05,4.53433980861357e-05,-6.39952267110673e-06,-7.81084554955613e-07
2.26719984872034,1.55103310290028,1.81646996523769,0.500990754464823,0.784607348983037,0.0699466707816115,0.00101257269114475,-0.00206884205195503,0.00256478614727909,0.00448356566186821,-0.000883815562984463,-5.01455978020239e-05
1.92260298283072,2.68458555329784,4.45407374794858,0.560041720437222,1.69373010457626,0.250962898172763,0.00137394664852347,-0.00212019466576825,0.00485682606603217,0.000256561848545327,-0.00122530153020394,-0.00018329531502671
2.74429904987337,1.57560850891376,2.09127106290626,0.458579852563043,1.41344238586976,0.399327287617374,0.000673212304658327,-0.000671629541161311,0.000544965346411972,0.00378066794716974,0.000187263292789332,-0.000214423995466526
0.459301873517688,0.937060636159934,0.489583091759481,0.484223761908143,1.33573461482055,0.138480467549303,0.189097058899029,-0.0705767250973243,-0.0284695968135563,0.654888613289658,0.0592133734810879,-0.0195872963518066
1.2637913538143,1.84370042053189,3.25781516052241,0.51131131417412,0.887031668572103,0.301564360186657,0.00091446524977649,-0.00230466008790574,0.00464308388094283,0.000259773987578812,-0.00213236373585698,-6.70697483907907e-05
2.23311344224494,1.02573360932905,0.873649862382688,0.549387332857087,1.21303566679106,0.432245888216504,2.882286430021e-05,-1.68542411658038e-05,-6.23273563830216e-06,0.000532373960714162,-1.45037511287635e-05,-1.02379823083387e-05
2.19237345070578,1.91656474898585,-0.562059790204633,0.570785362599453,1.61605577991736,0.046121540640973,0.0221874851416657,0.000455940782751181,-0.0116724080872524,0.0514571404340707,0.00577815453460183,-0.000757744347538338
2.19436940293526,1.00337712447773,1.06640334687126,0.497225321780479,1.43656555377491,0.331559028481894,2.05539935026012e-05,-1.05554670551009e-05,-3.92392515111617e-06,0.000399700686853745,4.39777715155971e-07,-5.51159145097146e-06
1.14953961034771,0.823025138347241,1.58525536615558,0.515142074724921,0.75445099762603,0.10699167940349,0.000237346199812462,-0.000322185600900042,0.000205573524301613,0.00415431171636221,-0.000192731921297027,-1.90719795132472e-05
2.20456041591242,1.59261685211604,1.75346047297277,0.412819540630088,1.39075475610211,0.115426478264839,0.00324027370055132,-0.00278496794925014,0.00144215304544188,0.0132640695546744,0.00239558290028114,-0.000286894527192303
1.62648737953277,1.45609382610648,3.7306498208933,0.521225129445788,0.540053488463813,0.245119928027928,2.00499241426701e-06,-9.24836937411213e-06,2.18489832646712e-05,5.26680549487616e-06,-7.04128889415382e-06,1.35126563076773e-07
2.57150363739347,1.05465171151347,-2.1578024196112,0.60848629159897,0.286329105109332,0.305518914187058,5.83930992449794e-07,2.36361753599278e-06,2.38528167133902e-06,1.21811710670306e-05,3.74011375977629e-07,-1.6291885213626e-07
2.73274819605285,1.2607123014256,0.172993131696308,0.548908857107439,0.868077882130289,0.121324144192088,0.000230860561873306,-8.785531024835e-05,-0.000149949590714812,0.00275568468439202,-7.96214082586759e-05,-2.2467577643706e-05
2.99548426702386,1.17959294856973,-4.60112045948708,0.435566329226763,2.02412897522979,0.369127931127443,1.60763995450148e-06,1.60516690606167e-06,2.50994384620775e-06,2.66066521451173e-05,1.89018149917758e-06,-4.24400559940603e-07
0.967113669926766,1.91771183754181,1.22984376420807,0.566584906903779,1.05848983141311,0.443294188011054,0.0743380999851225,-0.0801525238460397,0.0559723403349644,0.0193894623632281,-0.0669392572797704,-0.0218886462043739
2.23547935476527,1.47610130289957,-3.37824468910845,0.491565358646549,0.933122339225703,0.0989128388586512,0.000173499975726745,0.0004018177702004,0.000745557635167494,0.00107172327887524,0.000360373876899751,-7.0098965775612e-06
0.442424382898025,1.41407437045218,1.19436121414625,0.484284949584916,1.15351871904687,0.317810898205965,0.242243225024031,-0.184025727614344,0.0852499512363589,0.0198538490428906,-0.120235506025606,-0.0542712574581521
1.92668743076501,1.49564954258365,-0.0613206473413609,0.453314158784201,2.3227901788689,0.181439373058665,0.00649236642668707,-0.000321196072339677,-0.00251217156084532,0.0292024209510447,0.00611205418117317,-0.00080435836075106
1.07581985470606,1.42563708970293,-2.83957700947567,0.47036469803656,1.89207263986724,0.169785050941316,0.0364331532253398,0.0178591403271005,0.00129143760078483,0.101298747935365,0.0655074487199226,-0.00269126039103739
0.481972274824511,1.8969812117708,-0.768901312767276,0.515803256143607,1.27705157070338,0.37219653398273,0.671122550102901,-0.233225041516336,-0.117081059616561,0.103512095012422,0.38313440006371,-0.168243455825401
0.618210042547435,1.54493330990294,-0.923346328371198,0.439495368376669,0.99380486747024,0.164678123429912,0.41354054811194,-0.0294436825343273,-0.154824899443504,0.361755229246029,0.764673900956915,-0.031536085089709
2.08975097396178,0.934795914526273,2.33136299410225,0.488404570118719,0.841929709874429,0.184580732355457,1.14751770661402e-06,-2.46347679959177e-06,3.63931124909587e-06,2.60673080008685e-05,-7.125978057887e-07,-1.64103884036084e-07
0.234875047695823,0.851360374578367,-0.700785457464586,0.259553698542984,1.39488870978871,0.276221488857319,0.586535488136942,-0.0304071367982337,-0.128080674481509,1.09316281161601,2.0495712996501,-0.0729819131160965
1.3673560608644,1.02432022147053,4.9139470011839,0.488994068521631,1.45626655801065,0.193256441678024,1.98981531665049e-05,-3.68248093991176e-05,8.9091188077535e-05,0.00020146628843453,-1.73768481142279e-05,-2.75522653093587e-06
1.42900308276294,1.5953075811778,1.93755494188865,0.322221568742714,0.498899752892897,0.0440407982887538,0.00382276490115883,-0.00925680243036475,0.00917308277406562,0.00686363876950408,-0.000627962342620815,-0.000185917997201615
0.379068074026145,1.10208544729034,-0.885698996316155,0.457922857707986,1.66392505871313,0.18579848267334,0.525432637675234,-0.0445396704736779,-0.154703889669809,0.809197264960554,0.787962269396731,-0.0507962789087822
2.67617973020533,1.23906351713852,-0.808331459985538,0.5248945264014,0.262778105917945,0.677715933467669,0.000214470438725121,0.000269804721012243,-3.61627323189651e-05,0.00271616373219256,5.9462264877999e-05,-0.000129138704020391
2.9302651450038,2.30693586748141,-1.12428888296183,0.427110141467923,0.767992332957882,0.401973439598083,0.018828457850303,0.0154863822675173,-0.00562092084094528,0.0336440663290997,0.0376360473196111,-0.00319298508630075
2.17476882865885,0.544444030031316,2.38129900328939,0.492348548626656,0.657546022128072,0.639251934290922,3.66699356662713e-17,-1.02779334500751e-16,1.62449643338493e-16,4.72209794550248e-15,-1.21477910187377e-17,-2.03007696813766e-17
0.16968568759039,1.93079646928441,-1.70691834216958,0.613686355156182,2.48565523302353,0.502826772505615,1.44040426012836,-0.54872944082737,0.276614518338694,-1.18025720120889,-3.50619895127699,-0.2610351007324
2.20275875442894,2.16846544041776,2.06464764624338,0.516311343291758,1.8589807059192,0.266500654995342,0.0125385965929339,-0.00825634481054155,0.00415338215560439,0.0165849511696104,0.00323531701119479,-0.00226661451163496
1.89755021275487,1.8212089624261,-5.88122985070057,0.509309800702018,2.75292791223362,0.51856855592857,0.00277428586840108,0.00183611492830249,0.00240528088757839,0.00689487616953055,0.00311885688200105,-0.00088656869565104
2.66718248794787,1.20492684000221,0.139042311772038,0.512909405900151,0.737388019379344,0.170119406367354,0.000157277477287649,-6.34677201555398e-05,-0.000107289160798264,0.00211219230374,-5.18253631004783e-06,-2.14417081209815e-05
0.120470916165505,1.20015990791311,4.55953706127515,0.552678582691797,2.68773249359938,0.570993695964766,0.198048085254847,-0.115493036403433,0.150849492876279,-0.286256560819582,-0.674884066947294,0.0462783692371247
2.30915071630152,0.601873488797103,3.55004064736255,0.67198992502683,0.39723939319318,0.626379280893323,1.10055132752928e-18,-6.88969738581347e-18,1.63952625701622e-17,1.0977345174629e-16,-3.05530472228456e-18,-1.68062676319163e-19
2.77869366260711,1.14310005544961,0.847807418825007,0.475404203805941,1.47397864626941,0.0196580848001944,2.12892951651953e-05,-8.77115288038694e-06,-7.06438919013708e-06,0.000354115642294772,6.32914965524587e-06,-3.2914434046743e-07
1.08375514039071,1.60378706885553,-1.70554232963491,0.52413522777392,1.08133967045447,0.0350799063889337,0.113837510465806,0.0505875115727761,-0.0345263108991227,0.223475441037429,0.186341982175749,-0.00196869848262988
0.580914390087128,0.92432417799764,3.81023498082637,0.407649886646861,1.37845264451109,0.440628262777603,0.00566589063445699,-0.00696425709786223,0.00966585673117842,0.025584906564813,-0.000996121791032717,-0.0022294374417589
1.45338855501032,0.936037241299861,2.54245931029279,0.472532891268447,1.93945108554266,0.0364168472624393,0.000168273195065069,-0.000107661084731985,6.02463028098634e-05,0.00257284352962084,2.43528547472825e-05,-4.80820113928822e-06
0.729466734325979,1.07942293580465,-1.13429632964868,0.514957731721982,1.0431748376487,0.164823355134446,0.108949387025566,0.0163625954060807,-0.0435620229872293,0.476609322449143,0.0953893680087168,-0.0126557943958936
0.265447182732169,2.03196667270699,-3.81415855067433,0.557639908490993,2.76990969161699,0.621553702132886,1.70693256133668,-0.11959655469334,-0.331671517720667,0.462615626778352,2.12413366381743,-0.535110705878893
1.64772058965173,1.75985050911412,2.53328588820066,0.516944365112441,0.414933682045252,0.22658187058817,0.000185626959475733,-0.000731510705017068,0.00109785812337849,0.000170001196948748,-0.000612258506964659,6.11812022516606e-06
1.65302402395755,0.939235946644479,-1.88949689381506,0.495570081764602,0.888818480932306,0.544708610574755,8.54789530155658e-05,9.77815470230875e-05,4.52307598204748e-05,0.00154526970021087,6.27124173452604e-05,-3.64642337899756e-05
1.03337477353634,2.45245716109332,-1.76053188976598,0.469101999091789,0.24138222686786,0.544006912716964,0.347947609108161,0.157681658527324,-0.0561250464028657,0.23989292699274,0.984440295184949,-0.00235598727411886
1.35887611998478,1.56159930159393,1.10086435229036,0.517323950947914,0.475098684003459,0.492245192370286,0.0188953929553612,-0.03277360599033,0.0179052615565467,0.0358301988764491,-0.0199069082645188,-0.00660802791544391
2.7492189235636,1.48844635438987,3.74685312832968,0.533207246560804,2.33577282494986,0.472983166548094,0.000195812731533394,-0.000135685003880975,0.000141086601497914,0.00135328819882361,-5.6662092367739e-05,-7.44855210915506e-05
2.83700873132329,1.4327942711337,2.1732180836982,0.422269899552081,0.754779776487621,0.409269951322274,4.53890477886214e-05,-0.000117415032687002,0.000192238855684768,0.000355556486687399,-3.04040799192905e-06,-1.63302467303815e-05
2.57115375992144,0.635323263641291,-2.45559283433106,0.503902979220735,0.853111282837122,0.575759761222682,8.00665605863641e-15,1.66895646584739e-14,2.35702145777487e-14,7.71022459986719e-13,3.08927894884711e-15,-3.90341769108218e-15
2.78513497930253,1.26291146794693,2.73930921371917,0.543564385904248,0.84421593437886,0.506872396414883,3.18749878167959e-06,-8.84217552343607e-06,1.8205621625602e-05,3.72168160746116e-05,-3.77083510841597e-06,-1.12661773987178e-06
0.881387395667844,1.17196477232328,-4.38012605093705,0.606601331949211,2.42577483334856,0.619401460131074,0.016538128151252,0.00840226149883032,0.00467851574199173,0.0757059170513711,-0.00202400896493922,-0.0103448972662568
1.4444719249499,1.69261750752581,2.34313744985682,0.266354802608237,1.67247019767344,0.468747939604001,0.0106893919913617,-0.00831087431345083,0.00571248179088161,0.0184807923942392,0.0285742366632905,-0.00465003582186859
0.237452611105982,1.33427989389335,1.78575412964455,0.59132405023076,1.47359528405746,0.742611796014994,0.268818333125509,-0.189693180700452,0.144859074701019,-0.195595058388555,-0.509029242948178,-0.0751795537855535
1.15344493525336,1.36147365800188,1.53028704862291,0.445133845359357,0.480495326864269,0.468972946077216,0.0108075963723243,-0.0200648473253279,0.013269720754965,0.0278097317785083,-0.00714655872543501,-0.0041636512564245
0.677018912055064,1.88862753658298,-2.87810456704901,0.426364969799834,1.43864569701897,0.539136072076292,0.258714737776004,0.10707630646968,-0.0368617881583778,0.242178892508742,0.810419910132629,0.0347838919113811
1.50311152155045,1.66548280241542,1.03223940496015,0.532531027339674,0.148496479611274,0.414650884073095,0.0139849984006752,-0.0324097348989411,0.0082025371199418,0.0211760363138036,-0.0240921479907924,-0.00322282267506326
1.3761880860664,1.39124788010722,-5.96698619901567,0.43794392126611,1.12146234825004,0.406349203105526,1.57475028858672e-05,4.34280093086149e-05,0.000125464415261665,7.61608698126779e-05,5.70617379247874e-05,2.7058074613223e-06
0.324746650247835,1.04197611609957,-3.18123845905683,0.455513486338199,1.29182018956878,0.285832153387066,0.549350143646903,0.191654135533166,-0.0610083627303543,1.20016508256357,1.55543707885887,-0.00788729901228839
1.02095652107382,1.68332389145498,-4.16870419722189,0.653127798810341,0.553420609204373,0.16565856283526,0.00633957147070245,0.0151707913167211,0.0173755204105905,0.0199121959192303,0.0248797872389158,0.000326459299443049
1.22492812878918,0.938510841093231,1.63060610501515,0.269114947925311,0.577919755549544,0.0588044202781712,0.000555818815295064,-0.000887666904379543,0.000540092930391754,0.00677992374652468,0.000978655901081849,-3.91027561892602e-05
0.906145252787974,1.53581004860496,5.80741108932718,0.515686380971041,1.36200637040048,0.248342369861382,9.09141207665081e-05,-0.000204608045781385,0.000585530096730297,3.19323611502584e-05,-0.000234056337361447,-2.78775793800269e-06
2.06163957183016,1.5861134231134,1.90140179125661,0.416192739904766,1.64020146384325,0.480417669448352,0.0038642673149281,-0.00271912062733603,0.00114869579412486,0.0148628335385341,0.00324583738977456,-0.00146219917526922
2.23195767701836,2.25183016653284,-1.88731120048323,0.657621046039001,2.78060713994948,0.530336359953743,0.0188286926747166,0.0028396606047157,-0.0051933576892518,0.0285069245670047,-0.0121112089313968,-0.0109402939985146
2.47425684543559,1.57117399859491,-1.87998107831586,0.495448093628982,0.595791233806615,0.241851613889022,0.00146382144014699,0.00300768207836645,0.00253591437415495,0.00820443394135653,0.00258416692949686,-0.000183823423267474
2.27473666364094,1.63783014622445,-1.96879363556976,0.433019299792956,1.43967922327438,0.744120318433743,0.00398220049038334,0.00254697940366126,7.94537754289545e-05,0.0168552752580418,0.00483668257536159,-0.00201844711054616
0.629943488677964,2.24384314469912,-2.40386519087062,0.538550077259019,1.58837872291997,0.309619079585711,0.576884231114553,0.0593391135557518,-0.207981605855027,0.315245116406053,1.24579921014293,-0.0306507992684718
2.03911047076108,1.19463890019317,1.48608847230755,0.488443126868238,2.17967768765122,0.218842656311728,0.000461282069609541,-0.00015602375516827,-7.67492996498791e-05,0.00470099344502788,0.000116614397753332,-7.80673399088547e-05
0.129937432473525,1.17370787293597,-1.43369503458414,0.599436184090696,1.76560501958437,0.304982893367602,2.35579700266676,-0.842973419773854,0.169424790969542,-1.88189140391874,-3.56892308923771,-0.474997304482096
0.873529708967544,1.8375533388145,1.71477167893858,0.438808225732024,0.227955196372606,0.334888126216979,0.0196852493657223,-0.0426073812105468,0.0173928688831641,-0.00549428000757908,-0.0446563831431275,-0.00266849132845634
2.82537366552278,1.4207942570238,-3.02083721763341,0.508835578378696,1.47037037706802,0.108587917423756,0.000139607019454459,0.000153403169156285,0.000166267687841329,0.00120678739679319,0.000114555394521406,-1.08730276821884e-05
2.09398395398166,1.43796427505741,-2.10143789884726,0.513354858922124,0.82572934607473,0.536459598570183,0.00182355204672653,0.002718551479528,0.00205895753982985,0.011228978857614,0.00190180942706174,-0.000690928568005025
0.514437465032097,1.56890657033764,1.6958698257973,0.48168798868672,1.12540007992961,0.0381609511341179,0.130594009631139,-0.128726913993999,0.0970346234946928,-0.0186149237792426,-0.141486149704726,-0.00299120783251583
0.616509126219899,1.32398676767671,3.4018376570171,0.498732872980241,1.11033489718803,0.249658861983644,0.0100766497824922,-0.015710578013425,0.0233099049540274,0.00401793691271293,-0.0192409787831124,-0.00104001415359226
1.02253130488098,0.772391338008999,1.92066103636981,0.481559014712418,2.41780365844251,0.5586138489284,0.00027180660495671,-9.11649918462534e-05,-2.21907927478863e-05,0.00525841969237514,5.5844367827026e-05,-0.000126750020303563
2.89805648105685,1.68413185949235,2.60466708027453,0.428312950217732,1.92732905536757,0.333237398189747,0.000782263085837452,-0.000550633109001453,0.000375905987015441,0.00376228803902915,0.000575407475065382,-0.000200033529384971
0.096734233875759,0.979894986849166,4.98066123579808,0.391214290533114,2.66195491695887,0.41530234778085,0.375296454275721,-0.185541777084293,0.191125339861724,-0.333066929216223,-0.720705004787623,-0.108758964988228
1.92467685411684,1.12202295457818,3.21892427500352,0.540960704895133,1.50988783157279,0.246359823626509,6.51837668057025e-05,-8.2243695163797e-05,0.000121541519495791,0.000748555338915007,-5.0270464836352e-05,-1.20443071718622e-05
1.58180552402046,1.8108761268815,-0.489653174582696,0.382715643421359,0.588735954518714,0.257064188526431,0.0759666242504415,0.00299742082324603,-0.0452990631726222,0.130825732015928,0.152894784796996,-0.0106048086687504
0.963113589887507,1.03777311684167,2.03388732599365,0.645993306576208,1.46819623456845,0.215515689750552,0.00699001478121502,-0.00595859946293813,0.0042487027202512,0.0451196458001118,-0.0122011304938874,-0.00107319679137169
1.26690260273172,1.70558397705987,-0.788970309526925,0.41369620292786,1.66950632277682,0.634294038015505,0.0625088860359992,0.00263045091604971,-0.0285939512962877,0.10610042381492,0.100971170433185,-0.021409116505147
2.44919000385562,1.8988861276828,-2.70446957396129,0.543557796345691,0.859033486381945,0.586241060902455,0.00209733929032862,0.0041132258075956,0.00537765505850994,0.0067724064841937,0.00256462235928515,-0.000820990206104444
1.14726248285733,1.75883301082068,2.11251090016564,0.55598978349052,2.06874359860733,0.574308571283889,0.0378113478529648,-0.0217326987734028,0.0108276630838458,0.0435624792226499,-0.00633913456494239,-0.0166433034278226
2.49906561259413,1.10314300385864,-1.43414936997937,0.523224826464351,1.92503763124579,0.0305424598578944,2.85885787299157e-05,8.37747452671364e-06,-8.67777429607495e-06,0.000478638961669057,4.40892353744574e-06,-6.88410203002933e-07
1.98372337386245,0.908454522929807,1.54674206729742,0.541558959162433,1.7461429625804,0.301133256715305,6.53492196753341e-06,-3.29821486187467e-06,-3.03451006691085e-07,0.000156256287949169,-2.73954913369582e-06,-1.58734237272263e-06
2.21770374405896,1.81736605006587,-0.429631227342952,0.491869517565655,2.13605216870805,0.451372159966073,0.011594361507407,3.65293613340889e-05,-0.00492903901965491,0.0320871908931301,0.00818151809315859,-0.00368293351909219
0.494910413282923,1.73702123833676,2.91352905228816,0.495878470625393,1.33044707195938,0.680319553065906,0.0378716020027936,-0.0439742019275414,0.0559485546077084,-0.0155837764655149,-0.0526147775745953,-0.0134345070711713
2.21016353197629,1.75099722450219,0.424104022380136,0.52740974349632,1.01546957210498,0.451229658709713,0.0141974174741258,-0.00805437642405605,-0.00501212065179507,0.0427973255172403,-0.000558548584492701,-0.00506277378179107
0.233641418360639,1.92840020288689,0.724041042632902,0.468286076341369,1.37340560777684,0.600544259739378,0.458953001822258,-0.287474309764337,0.16831881031246,-0.283899324859635,-0.979974048323002,-0.147848704159952
2.56557987827109,1.70541433763489,1.44854220791885,0.353342360115409,0.954872367374456,0.381789392081372,0.00230958706111403,-0.00300408580711839,0.00204318941476731,0.00887119969044094,0.00273168230170843,-0.000788909645363759
2.83875359920785,1.09678557425888,0.302336464390212,0.48392003266716,2.06605599948668,0.0821021509093842,6.44242329657487e-06,-6.82289111907402e-07,-2.73116585434264e-06,0.000125528446952679,2.07541061773899e-06,-4.14850347333685e-07
2.32737649288029,1.28315123994747,0.892223999556931,0.417931368592753,2.4918828919524,0.350214401528642,0.000405309677603632,-6.88936083192569e-05,-0.00012287693449331,0.00380541293048001,0.00041162450534926,-0.000107387380437526
1.96961815775139,1.04895918349566,0.94940090450384,0.562782875387478,2.50320836279061,0.605043512705241,9.34152611023155e-05,-1.71170550539083e-05,-2.66318297780771e-05,0.00140661924526493,-4.59865788984332e-05,-4.9096664494717e-05
1.25843622783432,1.19339037714714,-4.11090325435265,0.202496757296283,1.55816221957192,0.152598277259883,0.000788593926870618,0.000956489040275461,0.00142656025894273,0.00463856942709696,0.00439298783867592,4.54299533931182e-05
2.45318763802061,1.37722623693722,0.897418899754275,0.482132830363567,1.84940271914769,0.316568198063088,0.000803937512959977,-0.000245690474158326,-0.000249288919251,0.00634485006879492,0.000291974230673015,-0.000196797195123265
0.262427495780867,2.34511341415551,1.72347671815248,0.413688187057132,0.982681659089873,0.125935296667619,0.121552438717723,-0.135687066511588,0.124355266236683,-0.158015623827368,-0.909215441282078,0.0442062514010556
2.08905672481051,1.47153279757882,3.34705866792754,0.42722252449333,1.49745466991982,0.229465615515765,0.000473358077347397,-0.000634741759387299,0.00101425922445285,0.00235174596555578,0.000120056098620421,-8.72300640227842e-05
0.887322305806447,2.11368467400644,0.983531029028496,0.401365444886875,0.433862644831587,0.634200352244502,0.0735449239621826,-0.10572401610184,0.0445514680197622,-0.00916810567373298,-0.0127925251484981,-0.049687654977509
1.42212933879346,1.1382606032943,2.02700483008694,0.100759179541193,2.51508636825858,0.119594693043709,0.000771283118352684,-0.000232268505348787,-0.000100035426291793,0.00597538067350973,0.00730410505583207,-9.1642360053167e-05
0.800711888179649,0.713727987371985,-2.42832335475475,0.395079533979078,1.78452317597526,0.694633337933897,0.000729201649984892,0.000331526487877645,-2.29617381100183e-05,0.0141515617757459,0.00106420749925335,-0.000358936705369365
1.33652843396412,1.00871592743785,-1.60867824763302,0.531604558607113,2.17646406584428,0.50208799700424,0.00153170650062977,0.000336316932422712,-0.000445828266963679,0.0171342898739498,0.000206272268555093,-0.000633797821580494
1.23249747431837,1.52509837644911,-2.4126089649675,0.461371486196506,2.2592135163218,0.699701273664498,0.0291607027399816,0.00871698748120567,-0.00515655928900681,0.0762026677978789,0.0341918806562752,-0.0128310072254216
2.63371022257488,1.33319554186211,-2.97702359575534,0.461174539206041,2.86687247107297,0.570928393427129,0.000151011295360197,4.79833366377327e-05,-6.60291259853419e-06,0.00145841273686271,0.000111147386309143,-6.72942525698923e-05
1.81896576086292,0.919385343476676,1.84681356167865,0.403158227429696,0.8200743298144,0.180103131128521,1.06535718038827e-05,-1.78771932939804e-05,1.74573516459115e-05,0.000219848952263237,3.68112514192896e-06,-1.6893136167765e-06
0.936021851515398,1.68858826913472,-1.99594941296817,0.449789740019094,0.759823324701214,0.153329165799674,0.154959139008833,0.110522540552503,-0.0113776224320568,0.229604764515207,0.469301076736658,0.000361618291330714
1.79062941728625,1.15668818014076,-0.246193108974995,0.350002983119187,1.64748675339375,0.614978055006272,0.00106835603296618,-6.2644908654184e-06,-0.00053610049521859,0.0104819606456279,0.00191597158311439,-0.000496691125160954
2.98873193485197,0.971871035365407,1.92711628595076,0.47893379419619,1.37436708723276,0.556553947062925,7.32131628124141e-08,-6.86060561290016e-08,4.31517596369278e-08,2.19687813738993e-06,7.10708435847717e-09,-3.48311387143661e-08
1.84332250696607,1.49339308346348,-2.67927479453224,0.452631491968831,1.63675663767047,0.216506159820309,0.00471560510191887,0.00337780632010759,0.00156616723937511,0.0211003397943589,0.00736384050926619,-0.000566050593245142
2.81373001958709,2.0762947196631,-0.262005678988661,0.527867894363278,1.49118139703361,0.314979137971763,0.0128156857756211,-0.00064781018724365,-0.00734861414591419,0.0300300310246301,0.00558784460233384,-0.00292038050668038
2.58089962927625,1.16699426393437,1.36873206741374,0.472432486800932,2.03528920071917,0.56033704942275,4.13690786873332e-05,-1.449092050488e-05,-8.23678650093061e-06,0.000594182336885713,1.42133771218662e-05,-1.92878215110025e-05
2.18530526488321,1.2265519772154,-1.5271452369477,0.571495698315838,0.961313906243733,0.517488094169728,0.000531864718658091,0.000464169178179486,2.10825584914257e-05,0.00557280449002803,-2.75587907858589e-05,-0.000246500478553738
1.19728552609449,2.45413887035262,-0.220786447654164,0.514050610299749,2.42848962017178,0.43982684692379,0.121890462864056,-0.0159564743597011,-0.0384773640544727,0.0572148647802464,0.169228884154326,-0.0192167439259928
1.21527112963377,1.17771646853439,0.952466479005115,0.512300914276604,1.48807545413452,0.542757891527765,0.0114360473737293,-0.00545400987489053,-0.00169399884431183,0.0653352329982618,-0.000354654896315674,-0.0050416429160108
0.07550225390587,1.48380624048401,2.29323209728159,0.453693613062158,1.90904158577793,0.324486356528837,0.379297043802971,-0.219101339225962,0.20375866165176,-0.876246400690271,-3.27506057098544,0.572271166662896
1.85904164842796,1.07730671921079,-0.471738085160689,0.478434126746855,0.595830027088693,0.105416541850247,0.000809959496203676,0.00017610683517196,-0.000517466862206202,0.0105355326965372,0.000513768965561209,-6.60311151495447e-05
2.1862966578803,1.47483489252964,3.92921010162987,0.624706952580477,1.23326639634251,0.628845417477578,4.10407331306983e-05,-8.92933637126685e-05,0.000214160639595084,0.000206785405337106,-7.68017033864173e-05,-1.50236740581291e-05
1.16297459783964,1.30026090371254,2.8194196271827,0.508078833865813,1.11422851166757,0.134723573647666,0.00311786502687671,-0.00502324529389819,0.0073657542785505,0.0101931658051503,-0.00352151748297582,-0.000271621561693081
1.47545720462222,1.03659763307049,2.65372566553969,0.516368345764622,0.622078419826901,0.493165892462823,3.80593355028589e-05,-0.000106995529965045,0.00016506685599613,0.000395514592157879,-5.52310713810431e-05,-1.15252088617875e-05
1.16351772960043,2.20798245658442,1.94730171930609,0.330328097082359,1.51167607745578,0.547305357525013,0.0368181782698016,-0.031043998697046,0.0222904895651132,0.0111447483601825,0.0617528103734779,-0.0171240246069395
2.22243448731024,1.7771198857793,1.48411583234732,0.523625245212391,2.37775962886088,0.477015002912924,0.0069415449162682,-0.00216771184735077,-0.00108957186588909,0.0204376381282662,0.00116819149097729,-0.00253651362186517
1.77035482984502,0.595230803315974,-3.31795745012065,0.607034447167003,1.67073215157505,0.363047353940319,1.54980729506921e-11,1.439116580873e-11,1.46142210187474e-11,1.23876145813694e-09,-1.11614531936155e-11,-5.04953256204645e-12
2.62796861343086,1.5732741571089,-1.51590246087855,0.43234679895345,2.12485051998603,0.447080215099961,0.00159291113937486,0.000405056873691337,-0.000471751884118437,0.00886332830745858,0.00184281621316188,-0.000496648650680882
2.37278233473189,1.9375721939566,2.18774110125559,0.635787117524148,1.94335287304227,0.0905269746971511,0.00611690773408078,-0.00394340775577532,0.00210910201556704,0.0143332694772782,-0.00583709731539273,-0.000443413565773488
0.462123156175949,1.02351033927124,-2.02348972252741,0.533673000245718,1.65161360776502,0.102604771994287,0.287816182731603,0.0493710158930363,-0.0831034587539543,0.899315390706439,0.353038277584546,-0.0177715108257615
2.88232384985313,2.05858677066385,2.11074079172229,0.435296892041318,0.906103133995049,0.434287853875401,0.00119515722884351,-0.00247669296078662,0.00372924033041965,0.00253326510350892,-6.35908751926595e-05,-0.000426118044343768
1.55130257611163,1.44453575965091,1.90987430983478,0.460968068234068,1.91545672501318,0.676911007154402,0.00756312138275868,-0.00413394328668098,0.000991299743988671,0.028484184763021,0.00360357051145115,-0.00419681926667507
2.25800603399985,1.96334552906201,4.48500146646597,0.490871042481039,2.09375131265271,0.0453678801956533,0.00138196625282029,-0.0014063488581077,0.00239703152846815,0.00264588834495278,5.69482009071754e-05,-4.35274415879814e-05
1.67604320995742,1.80598014772281,-0.698969132022911,0.426730923917468,1.57089980295351,0.293155255190266,0.0379181228891032,0.00280368732408451,-0.0190616757354364,0.0734247548056696,0.0604579960747112,-0.00590049529522652
2.92591715669259,1.52057738580016,-2.65330702978324,0.623909055772338,1.09705260762705,0.028927908099679,0.000231223757059765,0.000348499558110359,0.000412084170916154,0.00171615922128136,-3.10044826453492e-06,-6.08601063799474e-06
0.909056847344618,1.4852771687908,1.67761978587952,0.445652594906819,1.89595592583802,0.0320985259225315,0.0611514202874156,-0.0313379426048546,0.00575340678000548,0.0903556883198191,0.0463593537806197,-0.00126744682540404
0.254308844392654,0.834801433592491,-2.56476951410916,0.497908107807251,1.84908162498429,0.192383908862624,0.714935849261446,0.0887798023888755,-0.158642813162189,2.14311570618323,1.21447170570237,-0.0654857293122008
0.353903664660174,2.05553268885587,-3.64669438309259,0.719481920840702,2.09020200140483,0.447094730275454,1.58949235857857,-0.130619082333332,-0.406160854294258,0.577107762319154,0.30661432150101,-0.802534819260309
1.35887564125005,0.866064076732177,2.57597969824909,0.517777644358854,1.29950101944299,0.372911043251535,5.39966585360985e-05,-6.46124243110798e-05,7.15844572099363e-05,0.000975064490641979,-3.24183640634546e-05,-1.57250313086765e-05
2.19082209879998,1.71772881477697,2.87925999332952,0.461433705131355,0.643357852609117,0.249951858463246,5.33866893480096e-05,-0.000198336367607359,0.000434728145170861,0.000133351749127721,-9.61451211718592e-05,-6.78381481959621e-06
0.545334311341867,1.21707482729568,1.69238520391879,0.404847524456893,1.88190472265287,0.713818073092876,0.106776182769706,-0.0535977606377237,0.0144011927727037,0.154618480899067,0.110959595896107,-0.0621561261405065
2.37895566987572,1.15618725111113,-5.4594379794791,0.409195571659253,1.27827792509799,0.278464013372228,1.92043183056666e-07,4.91074245957963e-07,1.48575814500093e-06,2.69010316656367e-06,4.41735460653688e-07,-2.12048694195364e-08
0.203513618523721,0.861844206723238,-2.39796118978007,0.524049743744093,0.445161037326961,0.58410295777145,1.56396019163337,0.00437784930211333,-0.124647823238733,3.19550565762472,1.68889024955153,-0.666443347735588
0.355749568925239,1.3023984133527,3.9950599739489,0.352504033314794,2.18124079366269,0.21867400219246,0.0805933597682207,-0.0563231793114511,0.0627925506694175,0.0133874258139374,0.0239325199722311,-0.0154234154261304
2.55636013151379,1.34550872843849,4.44379933863849,0.563827489464531,2.21526918841117,0.32501088225676,5.60692257538974e-05,-5.01288294667165e-05,7.58521322696657e-05,0.000495875359378702,-3.96797992345367e-05,-1.41768322101951e-05
0.891206818458159,0.76768485446815,-0.677497247489456,0.458939771100821,2.47577419218747,0.136255064600861,0.00126446355441556,4.90291320855933e-05,-0.000426930939061804,0.0215461115673292,0.000935592371965867,-0.000128626737291345
1.82399433618411,1.09960841577783,-2.38518356691454,0.576716195386337,1.53966962343894,0.548539768977615,0.000307841774075951,0.000215059824070216,6.93886189054611e-05,0.0037403776074983,-6.06297447976004e-05,-0.000153082821156222
0.865854550700169,1.10806495016271,-0.966540762292893,0.433548148471628,1.09951960665069,0.370257041927063,0.0569307409180766,0.00939592845429433,-0.0245783845149198,0.274928019548346,0.0805350584493701,-0.0134168715959552
0.452072955772746,1.09547292812731,0.502707133246196,0.584044413083829,1.56379957032426,0.358819593778527,0.272559700441559,-0.111650996088074,-0.0188060115252319,0.499881475433496,-0.110692312070433,-0.0770427932938271
0.828310833289288,1.29730659914868,2.7357150869913,0.47089429026825,1.11556325740007,0.211121093955357,0.0121245023193556,-0.0171482568850218,0.0215598829207298,0.0212504755716205,-0.011379813946512,-0.00173181924866394
0.710474272666033,1.69443935693184,1.28441771156654,0.61904353784457,0.864592259218711,0.331148447263254,0.0843242860072389,-0.106258551443899,0.082704032070968,-0.00647508285799566,-0.170686037419901,-0.0131122733182745
2.51417350802803,1.25173597243234,3.98262714417568,0.427455757411109,1.14598133114543,0.284712246085804,2.04734407474351e-06,-5.01936499001219e-06,1.27321792458802e-05,2.19710799394414e-05,-3.23608111822314e-07,-4.91845829964153e-07
2.37968348128488,1.3361828090812,2.52460790234765,0.656372771738686,1.55140957930997,0.202205731779283,0.000219228831711613,-0.000224088541590158,0.000235099309131058,0.00182136338286513,-0.000386549006462743,-3.33499179936832e-05
2.30726178841433,1.30141837794793,-0.141200307110661,0.518760881915064,1.49155233341387,0.478641864267645,0.000903086976762107,-5.19103200394328e-05,-0.000501224657159468,0.00807619406224886,8.65558994411299e-05,-0.000352476935485259
0.922780783870258,1.00654005501663,2.45588688315589,0.513842890192717,0.0170663333395812,0.436689295508274,0.000584166801241938,-0.00160310369519743,6.60247615111436e-05,0.00337436908749617,-0.00129416093446169,-9.13327432802842e-05
2.312381538318,1.59389786657585,-0.702132956515054,0.423381028166376,0.591017850009004,0.468001616479362,0.00924573117357717,0.00462132303176271,-0.00555505803450494,0.0427585491724359,0.0134037102835392,-0.00284296749999474
0.13220914414851,0.743660229530692,0.164406675124992,0.437926115666222,1.43124401014627,0.640031201998199,1.3715471452929,-0.392751937982977,-0.0239015807386131,1.09455696675179,0.867460270008324,-0.744128406428378
2.85400691735558,0.877614244337919,-1.89950586415615,0.514598087313978,1.62545331550359,0.0492771030345377,9.95260628031979e-09,5.79118543974625e-09,7.13667625239373e-11,3.93918778543079e-07,1.72177074425092e-09,-3.93432832736483e-10
1.24387491695816,1.84564228567869,1.78711799348472,0.56991896701903,1.2955698092341,0.333836219464983,0.0313181491098391,-0.0330781881206235,0.0290485191603584,0.0266246395143737,-0.0242483992886836,-0.00714410405862245
2.20421559365932,1.52421395488938,-3.42645386568829,0.537866127539697,0.998834283073282,0.446359681787932,0.000306665032603035,0.000641801364563251,0.00113162676686675,0.00171473019174455,0.000403147509473526,-8.78950925401185e-05
0.635169161902741,1.5068898478498,-4.47514620296204,0.563904620834484,1.74388973568189,0.622088329260362,0.114521768671771,0.0736011182536669,0.0405619891962052,0.230157006262629,0.194256827622088,-0.0333217981977279
2.58132654388901,1.95714266886975,-0.568580940916636,0.523776171936575,1.90183807546615,0.304575824565176,0.0108124843658529,0.000454307414720024,-0.00509342929264976,0.0281282366119307,0.00558298562860701,-0.00234366958133605
1.69824888553703,2.14001897581485,-0.333739563237486,0.580148071789814,0.557288626565867,0.249237255482071,0.120792004784271,-0.0534661199289146,-0.0609856441618483,0.124488393863912,0.0118433222026118,-0.024461280464171
2.47329965621466,0.918016863638975,1.61338325508786,0.458786613664726,2.00819941239592,0.264608583888807,4.03277515346627e-07,-1.62193531400393e-07,-5.14852189506224e-08,1.18479305220046e-05,1.67969056967445e-07,-8.61144199855476e-08
0.944113746646326,1.28129267943311,2.20809940873692,0.464257721932786,0.912927142842811,0.3121513266846,0.0115502694564177,-0.0172647763575513,0.0180306370340923,0.0281203205741963,-0.00900092559303286,-0.00264492012053065
1.17062674249755,1.10010157439685,1.45415986372916,0.515517609608895,1.43007816036906,0.129746822090963,0.00709219429204514,-0.0047412914670152,0.00103620814896884,0.0483412367340782,-0.00175606851420902,-0.000700663201256746
2.98640039026504,1.54564259978125,-5.16896291362977,0.55154011838021,1.27978424148212,0.478193112176336,2.76231407956289e-06,6.82377344257671e-06,1.97852928350417e-05,2.0268284531712e-05,2.4085337831544e-06,-1.00769988398098e-06
1.49048141626408,1.25463659528333,2.960656927673,0.511316349707043,1.24049831841475,0.230192194606459,0.000858111284141048,-0.00131561553857041,0.0020210835978821,0.00476404326415646,-0.000714941540313532,-0.000140394655044621
0.356925470544957,1.46452082296044,-1.04254642751262,0.484112607763628,0.938378731692364,0.276139833990047,0.991416204733537,-0.260806568877531,-0.181131751164155,0.365677385191434,0.92501711037999,-0.195542013858502
1.42677576016868,1.38488737275047,2.82901574471305,0.468493054207905,0.41587936026205,0.32652317441701,8.89006745683124e-05,-0.000331828154281807,0.000473163978557404,0.000256570781414598,-0.000217042820009382,-8.1789217959444e-06
0.842908210679889,1.26204045304217,-1.60233617930531,0.45757471902211,0.689293206355904,0.219642762875014,0.113591717942715,0.0618536406957362,-0.023659993503692,0.361640849174987,0.232147077783145,-0.0108964424303585
1.4045005615917,1.78256675104969,-3.12573465804896,0.564170057762036,1.4111867897246,0.21820503623675,0.0271447317878815,0.0241091495540316,0.0160811611422253,0.0568544898513013,0.0450826839437237,-0.00291703182867006
1.21759332481306,0.69354681650951,1.87747256839762,0.363929429597871,0.438077402555166,0.361293361800594,2.26516546293727e-06,-4.6676966027609e-06,3.23746211819345e-06,7.38275822938155e-05,1.22694770534286e-06,-8.30414141411566e-07
0.464267532655504,1.98413580530148,2.18514620193379,0.487581691320457,1.30920419356156,0.807405249377304,0.0750786480313461,-0.0748861219512408,0.0768173188650138,-0.0305400407694731,-0.0681358745789439,-0.0430054552149157
2.70737671914976,1.07575792248508,-0.918066322970221,0.499323541469931,1.29111145613616,0.0353890523399285,1.03954919954087e-05,3.6738153577496e-06,-4.91478178735358e-06,0.00020550696930944,3.74429296481857e-06,-2.879376543765e-07
2.52851371420547,1.26348500367737,-0.843852099449648,0.436618859829246,1.89511488722796,0.0568586049063127,0.000247381426512491,3.88135588317889e-05,-0.000106044927546549,0.00269945252092459,0.000244214487289296,-1.02360641914723e-05
1.68268292545108,1.72012754244401,1.86172987973931,0.525471065792695,1.04374496924614,0.59507622432683,0.00771982320846992,-0.0108963397659544,0.0113438187030265,0.015085779150827,-0.00496692191206056,-0.00349120231032081
2.42664574605878,1.95975937040685,2.01786492845169,0.392540131087482,3.15614493023769,0.219744564836412,0.00582758664402702,-0.00131451958488128,-0.000836793873719375,0.0131520686336001,0.00892206290770128,-0.00077936398128399
0.425243848387618,1.51611465540904,0.0727039508259449,0.332615320655073,1.01573988901472,0.379244934412448,0.448157029111286,-0.176498694239544,-0.0584061157767112,0.158488339158378,0.765587222334987,-0.147580067676212
0.786869112798013,1.80915127920476,-2.49292046575811,0.55180765526321,1.58389997501644,0.259088289132118,0.252210948374706,0.0798838450284353,-0.0648163483755873,0.27201133904432,0.517974441119406,-0.0171437380523213
0.951721860759426,1.31397526387875,-1.70248504056778,0.532658172546974,2.24557211783981,0.429746460298012,0.05571598006612,0.00869167333264539,-0.0173954212298087,0.17449136211729,0.0382838591562569,-0.0168763197566238
1.16517671851907,1.55014788256664,1.45251364405801,0.237130035216701,1.88757281189591,0.213630235047767,0.0261781486249793,-0.0105701288559959,-0.00310433461463902,0.047565851679712,0.0885448726803451,-0.00405040233948816
1.72698296013987,1.48301575729578,-3.36220546263434,0.442679502825401,1.68361034608062,0.028392062211506,0.00369900245885538,0.00323127825042301,0.00292796751461988,0.0157935503711921,0.0069725605527808,-4.88842488725481e-05
0.858544302999508,1.64605545754881,0.327193790762333,0.477613062693374,2.79632666893285,0.562576182195853,0.106250271812125,-0.0154569969044908,-0.0264646969718744,0.119985936971151,0.120352555854946,-0.032996511696251
2.71272371213418,0.790515393355577,1.05203460537087,0.543019254235066,0.400752120436993,0.135478312738389,5.32382291046508e-10,-1.21703903433144e-09,7.11928275776221e-10,2.73091483600425e-08,-5.11226279118804e-10,-5.45510143276214e-11
0.492164888163097,1.10873998579596,0.0706572899169546,0.410857260017149,1.66493604708516,0.23952742599557,0.243078446440396,-0.0511895357812226,-0.0658837247157846,0.488280366238896,0.343630024426006,-0.0357050901391295
1.10584076482337,1.21539490981074,-0.778738694103835,0.313998384062966,0.748276229932828,0.0972914704821198,0.0346436688285784,0.0102020530575262,-0.01544497570119,0.160351979629798,0.0975355600696312,-0.0016080022696191
2.60405346474145,0.889302734843559,0.617224728104885,0.542746454668647,1.20334362759345,0.275529362225908,1.34529981113852e-07,-5.88683429058773e-08,-5.73303721867146e-08,4.61495504764136e-06,-5.52688014809977e-08,-3.02104488303746e-08
2.7254686162225,0.934634132376332,-4.2070871779754,0.448502671454707,2.43104832989495,0.091316910493019,4.91060786661015e-08,3.17083974896789e-08,3.07559422097366e-08,1.52145026973446e-06,4.29944152506151e-08,-3.39113140571112e-09
1.73837934336625,1.63946540734793,-3.00607302543678,0.545587824944338,2.46735427784619,0.412241928647036,0.0103971056359641,0.00387399787373297,-0.000281656980728538,0.0321683697881095,0.00600783812857504,-0.00314118455374468
2.62689794965554,1.09099813597445,0.437330720418514,0.517245245676328,0.924705167553008,0.56239222022648,2.14006257052976e-05,-1.12621818329449e-05,-1.04809455136154e-05,0.000388316957372528,-3.44039604235519e-06,-1.02192671611531e-05
1.55996553171426,1.12025464703948,-3.12102351947765,0.529466937725762,1.38736130922138,0.263819792867555,0.000682033615397392,0.000727584389808801,0.000708474908790867,0.00664281118019663,0.000569238418502703,-0.000131408826945411
2.92742794733495,0.838397051994975,1.56599419024579,0.524231324289469,0.68763084300111,0.377220026834958,5.48947833650285e-10,-1.15511327459392e-09,1.20841811329436e-09,2.54431313547257e-08,-3.62777129893429e-10,-1.64574201759246e-10
2.05208214606391,1.58216665675472,3.80444723644711,0.415117856626606,1.6030905616208,0.394468053101951,0.000546263730730443,-0.000737650742377274,0.00131106717394681,0.00203062489997506,0.000221582475734972,-0.000178443386876577
2.1695227813907,1.34015715372305,-2.20262503327578,0.428208509448411,1.46143446776507,0.497090394945837,0.00089583290308772,0.000662084614589103,0.000212302397206288,0.00689735856375752,0.00123340892202983,-0.000293355743647174
1.25043536373414,1.43774196465411,-1.11971284888342,0.440702216654206,1.01923426153617,0.179645578934196,0.0523141589339015,0.0172932118998306,-0.0231194281635163,0.162695620191109,0.0876800826661772,-0.00506928420906927
1.24055640887236,1.26255653205653,3.78697406054308,0.460915392374522,1.13906936760411,0.695812855228202,0.00033468386431397,-0.000672071096802729,0.00135894800365601,0.00134299895231961,-0.000146610044269095,-0.000200341232079311
1.00396327967756,1.3332705601816,1.47227123967523,0.48178341830051,1.97878434594548,0.20942460387369,0.0375961775944987,-0.0161839388375914,-0.00134147607320934,0.104828692706324,0.0169652716682642,-0.00550544026926587
1.87889731070027,1.74572179145458,-1.75038861616714,0.526567328380632,1.38996082366546,0.239277049207394,0.0202838700794537,0.0103430283853928,-0.00409179795644066,0.0557735959023518,0.0204461626336498,-0.00313439983888669
0.286553404515143,1.67469390530257,-2.67014293574782,0.571120402431681,1.00148500419957,0.640923890626213,1.75388523418524,-0.320010744878241,-0.247711784537154,0.250098778702796,0.938847466177421,-0.989907676354776
1.04529836801812,1.38836148806556,-0.980183283246576,0.433173358773628,1.45763302100874,0.351420524906552,0.0684564624324265,0.00850494760555806,-0.0306625727507565,0.188104710244552,0.106461365123926,-0.0134047833631368
1.58173800387885,1.44582652521098,-0.351022256574097,0.501834496225676,1.74533446747389,0.111802357356706,0.0174804254913489,-0.000514556488016219,-0.00826573724161689,0.0699934868056147,0.0107037480172716,-0.00137217559475807
1.00478098881431,0.596852698995088,1.99628734519695,0.492312926964086,2.76329204523055,0.337372706805963,1.98732953600669e-06,-5.27110802256246e-07,-2.49690013625809e-07,8.60700160881255e-05,1.81962708898456e-07,-5.45705734548964e-07
0.965695781295653,1.80541228447418,-1.05339166220203,0.442046229389866,1.31264900072536,0.568104134661866,0.176194858172886,0.00826005003427166,-0.0809133219349362,0.179578074110007,0.310529410190749,-0.0423260833032867
2.83255118762609,1.31185939588282,2.85914997287391,0.532690944895055,0.619396976429325,0.283181565145475,5.71901048697727e-07,-2.40653299250615e-06,5.79242570904763e-06,5.84052666260031e-06,-1.05650486524801e-06,-8.26339247837556e-08
1.70313592434395,1.57456176629738,4.10236962756927,0.509545397094393,0.8536795721414,0.337503142706434,1.20167823526603e-05,-4.15675279920094e-05,0.000114997290462615,2.72943227600358e-05,-2.82493911884965e-05,-1.09108926908119e-06
0.869087475852575,1.0057653310176,-2.37327100701741,0.540214489036192,1.23605291341563,0.365263353417265,0.0185800858981244,0.0120448356334071,0.00112243800961179,0.133968898775871,0.0154781056928235,-0.005037402552452
1.28196184168337,0.990103464318102,-2.18345782186112,0.519499687931319,1.99247725831025,0.426911819490318,0.00151056015548944,0.00056510386470897,-0.000211272723165971,0.0172088618342011,0.000591442087002497,-0.000509927596968854
2.88117668399354,1.5599111833451,-1.26098737870491,0.503495998756137,1.77221294941607,0.119334313025245,0.00113671321135011,0.000322011360734374,-0.000415861807111623,0.0072717186827432,0.000611376600765699,-0.00010001182021442
1.57895492452662,1.58176184316745,-6.14744818564156,0.595056752060064,0.870625755245164,0.344678978737217,7.53325810022819e-07,2.98619890837579e-06,9.83747880838517e-06,3.5104354193305e-06,2.60604474892185e-06,5.73141609878635e-08
0.0598378393100575,1.87233174913646,2.55373438434273,0.57757586754757,0.429954395605582,0.506459594142089,0.0119029727423585,-0.0098215828608314,0.00320516995012756,-0.0538780782686365,-0.274320157675732,0.113657766969602
2.92418543993263,1.25442900246229,2.12755122409985,0.506676409231943,0.968721824619416,0.304820541853123,1.29665240167957e-05,-2.37277815971846e-05,3.22623617545915e-05,0.000166263857322811,-7.01164124026402e-06,-3.07533888526554e-06
1.7946061423514,1.05066320055363,1.29710722901424,0.4484579068116,1.91534156777443,0.229361051087042,0.000261463890866402,-9.65937354974241e-05,-5.0119099983539e-05,0.00350263469405175,0.000149461849847601,-4.68483889096127e-05
1.39423472794006,1.49435945368225,-0.721744958846977,0.491796375482423,1.19660643159828,0.288149286131214,0.0436529158686149,0.00381136534217288,-0.0238200948722966,0.13477224562081,0.0397338217325955,-0.00849979016538805
1.65469133406878,1.08217385855043,1.4594559066658,0.519073575410471,0.0758846928814762,0.133359247554332,0.000192732318512169,-0.000567754348679206,0.000102969763068716,0.00198380496832787,-0.000332761080361654,-1.47679572226543e-05
0.548007117549423,0.766233000613986,-3.91282898433766,0.538941734478393,1.60236140446591,0.581904793354143,0.0113450117580107,0.00806039867946052,0.00508265987046621,0.120436795720322,0.00830206871948287,-0.00523501101157418
0.955036176997237,1.70004623077776,3.168563978093,0.340196379466623,0.567272975041498,0.554889017763526,0.000941182886459309,-0.00254901781522085,0.00354486412975304,0.000135970142131386,-0.000625717474229556,-0.000672752010690424
0.695022421784233,2.03599854736409,0.157012280700146,0.442906910675453,0.663524184849645,0.351453489523706,0.292323226238214,-0.226315487433381,0.0176797426491175,0.0041693794545894,0.0147420008854348,-0.087900211427951
0.447055442177225,1.08054176043884,1.04402007372041,0.377676714326939,1.64450174292974,0.713314882955277,0.171541195783102,-0.0730068092074962,-0.00386818301916181,0.301457440331052,0.232109470358975,-0.101686270801495
1.61778615674702,1.45468747418284,-0.401924480799059,0.590700846638456,0.78180491933805,0.411164655345441,0.0269622743015386,-0.00274647709519806,-0.0167787880898879,0.110273973166793,-0.00948247258872898,-0.00971225822865967
1.56251692475053,0.903112645233771,2.2104205297907,0.57090031392901,2.66193815929814,0.256692495255709,5.91905746903307e-05,-1.94477891136762e-05,-3.37992654543491e-06,0.00111227038140526,-3.61924535490371e-05,-1.22392873089186e-05
0.258405547798611,2.12871635517658,2.24045956829783,0.428865649611598,1.34104156216195,0.195559696218157,0.124590981485198,-0.123570411733603,0.13590891955948,-0.139803303968602,-0.709269417422993,0.033644964824397
0.0929244127706625,2.6180509450377,1.32631488461078,0.463202426483995,1.1166229729063,0.226955215770693,0.0113788508009675,-0.0115378175324296,0.0120802356772288,-0.0437765939443532,-0.295326132229916,0.0977568540610281
1.10671626074472,1.53745247126626,1.72108791703943,0.452966666824542,1.81207645290286,0.0939383759195063,0.0389069199860492,-0.0218452843739392,0.0053942844022771,0.0687189471202556,0.0250047639644512,-0.00244515840391716
0.168095842527691,0.908466621422947,0.863408754662988,0.587441829267543,0.679879905200635,0.538847667468924,0.739165389537156,-0.437139361081796,0.104704251224875,-0.371749307027595,-1.25118633811002,-0.231471892318285
0.517965546972118,1.89657446086747,-1.25790234946298,0.564116689194982,1.27996476063516,0.183766207225083,0.756512744852085,-0.173097051189241,-0.217781689305447,0.238556925810895,0.648860582356233,-0.0814825305745586
0.0837331345886923,1.50805586530457,-1.0182366399804,0.582356800337153,1.96382238722103,0.475212731348115,1.07331876558211,-0.498736285620241,0.346784858780075,-2.18677126392627,-6.58186466370984,1.12624861584971
2.14518695469014,1.47605572934571,1.52935879004928,0.487293792383447,1.68180429086434,0.429295057119241,0.00260883217089566,-0.00147843750569534,8.01168487129513e-05,0.0137568193574411,0.00056719506620474,-0.000875515742364146
0.269051370443776,1.54822188162201,-2.84497228487487,0.473582559925918,1.38112907613689,0.153135353817618,1.6922237705627,0.0285411722771395,-0.410172158754606,1.13822859088637,3.72656390926456,-0.11721745420911
2.92262666798197,1.29089738212753,-0.473286719651704,0.415717195877499,1.21354668397289,0.38105659749132,0.000133909696520081,2.09140617332506e-05,-8.54687250019385e-05,0.00160268159109733,0.000150719628705655,-3.85266134120427e-05
1.32281930455938,0.908281506876766,-1.89382273961712,0.456302538969643,0.48143965339262,0.288033728394422,0.000355618926136814,0.000565996762033102,0.000260910973855315,0.00566760781285012,0.000612426863081969,-5.83977425789787e-05
1.01690010968596,1.49203971423758,0.671351044695943,0.554982527757447,1.79913882064842,0.283854323386512,0.0737505676138713,-0.0259809981452799,-0.0148684219895173,0.143227255141159,0.00664004088363967,-0.0152354718161378
1.98881441273261,1.61418640847983,0.493571500115941,0.696335255514196,2.02883253967945,0.560947461983016,0.00778737994749375,-0.0017193201229154,-0.00264047030683249,0.0289032327455262,-0.0145899661646537,-0.00472278512636603
2.22149162647547,1.47582045152594,0.589620045549339,0.463396335947015,2.52051350546291,0.2051420692335,0.00247788187750882,-0.000327500297616833,-0.000808729854867778,0.0138375181983944,0.00178142539929301,-0.000366252191403523
1.59704668491613,1.33096637222432,-0.271109707619471,0.507282339932601,2.13570766001651,0.442627899629487,0.00770536959986948,-0.000233961269535859,-0.00315071315337549,0.0416430631864882,0.00295078173582154,-0.002611395187097
0.0629144345642999,1.29610756574361,1.88680134192717,0.525543239360601,1.37472633021098,0.252467317945986,0.236212157653937,-0.153558762406224,0.120422897944545,-0.978425546028706,-2.65352516060208,0.500648769455419
2.71091634223703,1.42771618638435,2.06011573839952,0.536461860715508,1.0022492914256,0.532889580589872,0.000152134612099604,-0.000258362636473048,0.000329203120509673,0.00115894859547753,-0.000113207850726767,-6.30461329612253e-05
1.86249022400007,1.02195090483402,1.24387575739331,0.537532808355545,0.514288921385842,0.235408401839098,8.93801007738887e-05,-0.000171308246790887,0.00011159782697877,0.00132946014997483,-9.74461430753636e-05,-1.51990709467004e-05
0.768914506130386,0.704133721006673,-0.256252916101406,0.497945321192551,1.37986298348212,0.0952547580173727,0.00205482952936626,-0.000128203849764952,-0.00087358551668309,0.0392154212010067,0.000580262223569805,-0.000153706269309986
0.482406453567091,1.35691340159238,0.602202453692802,0.459936704580886,1.26599816699901,0.496589054402871,0.296225133172954,-0.155021990101211,0.00483751158140855,0.177549624044179,0.139321530490979,-0.109729071993113
1.7313782854937,1.35254649317402,-1.29679765795797,0.492856728186845,1.91875713948592,0.233206273932925,0.00599184984503536,0.00127896907904695,-0.00217377080457178,0.0340577040100808,0.00437695276025462,-0.000992241858319093
0.143000281671993,1.40106916380038,-2.4987081337816,0.461196595109654,1.01679975414741,0.377706033829596,3.13411126439872,-0.779394239561806,-0.14794232314275,-0.555797566538315,-0.413608561234429,-1.5605930476618
0.89351431641262,1.1666913731225,-0.625540354951762,0.555181294558329,1.47015156729606,0.304188379981747,0.0634059804111294,-0.00196383980011482,-0.0282151641748232,0.26822051914928,0.0122072763422474,-0.015091684678599
0.935936918342486,1.30229177412188,-3.08624448133802,0.494389505234972,1.50468109492907,0.25985567367977,0.0357439569114382,0.0255641918888213,0.0114231066646628,0.121261651975296,0.0663453667985169,-0.00399343084884505
1.60806025207276,1.28337880065297,1.8921526750746,0.459025646753975,1.51045164405064,0.546859937836207,0.00290878830678061,-0.00226865475578054,0.00116672491137559,0.0171946790759452,0.000878483794246951,-0.00130955247976447
0.542189373786096,1.29096859000048,-1.66627169342764,0.463048334529265,0.369590261719302,0.271784428325256,0.460974671597491,0.123310079092352,-0.0723644265889469,0.798754523317957,1.03635021509157,-0.0474703463272481
0.42627511236351,1.41145751812297,-1.41550054294316,0.52869280886881,1.08891837613911,0.385742611507719,0.793908306261778,-0.0870540866327147,-0.225493513113217,0.645546684519716,0.940204405471447,-0.185174142003413
0.26551823328482,2.11559589822792,-1.03631309024948,0.549290570357929,0.631359289963132,0.364176489830869,0.846929504892701,-0.607417147966046,0.164428178121281,-0.810180473308809,-3.10447899178744,-0.0247627463555724
0.596993789391127,1.98930619462314,2.93724307396709,0.477391707307189,0.28735978648234,0.239760525677351,0.00251424935498309,-0.00633727393733009,0.00418991755541317,-0.00347521223953368,-0.0154714122157697,0.00138920309677302
1.8011132153566,1.05739484223546,-0.975646984342902,0.567930479383042,0.641335843423832,0.548354812710988,0.000575155309630401,0.000382703144416283,-0.000215297545032975,0.00779198566768665,-8.28213372483436e-05,-0.000286441665460254
0.874827912542969,1.37389026633494,3.76977814023538,0.430574429441113,1.42026758510909,0.329691437770121,0.00510888478316811,-0.00717511377538932,0.01203167738132,0.00762691944937146,-0.00244317886269906,-0.00127893553943741
0.0622418129583821,1.33153486503307,2.44993719963522,0.588031190327728,1.91347543453297,0.649342985778361,0.293695616766675,-0.151442627604431,0.125493512870414,-0.693035638802992,-2.38929450824598,0.74255877146826
0.698894527170342,1.21589987269841,-2.3376200563891,0.518346385019299,1.14822449412756,0.387632457355731,0.130579195975853,0.0664358701350694,-0.0150240356119984,0.404352430708544,0.206420450742181,-0.0269887863286716
2.90354305783985,1.73564397489977,0.820596291923108,0.388725417558558,2.30584749414233,0.307044534976361,0.00197242766631142,-0.000369223715520529,-0.000643612073274389,0.00868389986100984,0.00280557208138542,-0.000420811183795293
1.78167987678898,1.25796261748027,3.35590974225209,0.543236551353782,1.20214314994197,0.234753555610058,0.000138001185493956,-0.000256921149932482,0.000492415891298803,0.000950567755401899,-0.000169419716739571,-2.14483809516534e-05
1.97958999607945,1.6589304192063,-1.24789946539719,0.341015644661618,1.72538821526314,0.172860072810819,0.0103362055910315,0.00284095932777278,-0.00377179074487486,0.0333372771644522,0.024848633680598,-0.000867218263705256
2.7126082601375,0.943636707420622,0.608974791913746,0.435884563062041,2.21629130064668,0.25827417631065,2.5713038966296e-07,-3.71061965053158e-08,-9.60377435398571e-08,7.65944736814906e-06,1.87795786744316e-07,-5.28925520512795e-08
0.589180398359895,1.76621620687382,-0.454644246820732,0.521243355951631,0.182710774963949,0.132869628128537,0.549972074353353,-0.351874362566293,-0.0164875767936048,0.0566219005976616,-0.0777041821837784,-0.0615838525546606
2.60658412176417,1.5698409882927,-2.76329288699334,0.503298390237368,1.52058373373057,0.402158828162073,0.000902383869547286,0.000820959898784324,0.000627575631262118,0.00516404110894825,0.000778389720733202,-0.000258614493691836
0.813473999244161,1.36472708954483,2.83348805990156,0.492780355507998,1.77471201446843,0.697249130384273,0.0247236444435018,-0.0206024459617703,0.0206678929464838,0.0404206507632077,-0.00244846750022607,-0.0139562812772528
0.832434744213242,1.52263247528317,0.257751198578924,0.509684615771527,1.31988189314238,0.268928256185129,0.161983882539446,-0.0658003041463961,-0.0368710787601785,0.201733308625625,0.0796959595391532,-0.0296439196828917
2.77751313573681,1.59608071945854,-0.590230266863921,0.569185866418427,1.83345034975749,0.0647696850967287,0.00197962226910846,0.000139992501319881,-0.000957088746287351,0.0112636131294102,-0.000263680367257166,-0.000101683108537678
2.84399184179492,1.39829016370776,2.81122913447196,0.609953495688009,0.941293029718925,0.403814213848101,1.33506080117413e-05,-3.34216883378504e-05,6.86262135007297e-05,0.000113407020402242,-2.44881953102708e-05,-3.2267611281154e-06
1.26914241020568,1.6929994708177,-3.69992478161166,0.142667101676099,1.39788479304284,0.165739261684865,0.00319544569000432,0.00406027103796026,0.00558494236445721,0.00522984514329078,0.0266764270581406,0.000948644485855974
2.30739160176599,0.732237977590258,-2.08597952316384,0.51849218353933,2.22804199628066,0.523279740015747,6.48964868703259e-10,2.31003496467882e-10,-8.45750885805839e-11,3.59818816027434e-08,-3.00269413575979e-12,-2.89325272457709e-10
2.64427754852222,1.01971124418837,0.760583405651887,0.489407989530194,0.827421255160232,0.369172142583572,4.1468863041437e-06,-3.70342621660871e-06,-4.86968415054926e-07,9.36450464220348e-05,-1.24644367691999e-07,-1.26056403276088e-06
1.97837626480032,2.11173254997579,3.17020659319357,0.246692495327021,0.894301406463743,0.484047702902242,0.000331015311508669,-0.000879757382137165,0.00186719521184938,0.000286086473650769,0.000685296321271462,-0.000309745288695232
2.62612841208465,0.793879080981144,2.15272205883147,0.400474504165752,1.78995330747444,0.164591178240949,8.89832400630254e-10,-5.64576700112405e-10,1.96885840327763e-10,4.38115976133395e-08,8.21105957789563e-10,-1.20710290676465e-10
0.452709286264144,1.73183761237278,2.57577250429508,0.515779516984757,1.79974687274236,0.308504145447524,0.108605312347357,-0.0899231044479109,0.0988629519077067,-0.0344636184131051,-0.130365428710336,-0.0159250800989635
1.53147369482322,0.933400425094231,2.39783081804082,0.587952871081488,1.44262896761492,0.389692617452304,7.5272092103768e-05,-7.56283720337587e-05,6.99678370686588e-05,0.00122496378339336,-8.56979901689924e-05,-2.2344601684411e-05
2.52065815399401,1.68689904607619,-2.78844966415495,0.517817539735101,0.967617522729998,0.435473967217532,0.000894283360489845,0.00162753408832075,0.00222009677062492,0.00410580436444927,0.00121651974647713,-0.000238095392393713
1.72911284338916,1.67837126242708,-5.67000951300641,0.472361816541466,0.940742723102144,0.605838325645788,4.27086520096824e-06,1.48932158779095e-05,4.61481258249089e-05,1.68208207050879e-05,1.4355141821858e-05,1.05226073385179e-06
0.616143607790582,1.60861813473928,3.68080623915011,0.464498491032214,1.78216905432151,0.274425517904944,0.0278583727189726,-0.0283407344496828,0.0411274962170559,0.00216067031415865,-0.018261831399486,-0.00462039242048945
0.858625137049239,0.662786259280442,-1.91275614357762,0.415586884661054,0.123562962462646,0.559417459021789,0.000145529838700279,0.000191466642109015,1.60519538741353e-05,0.00392527757235208,0.000255306426246385,-4.69036065404764e-05
0.0871773280552589,1.29770371114839,-1.4433764907564,0.591785311555119,2.00703468666134,0.574157617526615,1.93713680238108,-0.718440359658806,0.34445871398534,-2.84752124531462,-6.41418077504636,0.164227255947387
0.938901778147556,1.28417837383039,3.70162174648955,0.52624445049547,0.763599461229429,0.52442588034565,0.000306805238146757,-0.000807430828262336,0.0014834935798604,0.000558696797625434,-0.000740278999327767,-3.21740906491857e-05
2.47417393641081,1.09317240317189,-2.4553526140302,0.580964134755841,0.707075970587575,0.32269605653981,4.45393819029728e-06,1.08221504217346e-05,1.51160577960328e-05,7.83477088483794e-05,1.83639049867294e-06,-1.24529878120559e-06
1.01177374747349,1.73248587899592,1.15694394513993,0.529665184777257,2.19133201566888,0.458409266579608,0.0799436911235865,-0.0287101395597101,-0.00740829939023782,0.0860753151073326,0.0358934643499782,-0.0243448898382001
0.719357951078564,1.34908526227075,-1.10340686979119,0.534837548953381,1.84587376318227,0.620104697049167,0.165445633774297,0.00177942198457576,-0.0623267615631759,0.335385163332576,0.0961796231347836,-0.0770480476411234
1.82600567454938,1.51359697457035,-0.625834955338939,0.60311993137048,1.63072324564261,0.0978088353241379,0.0131298522786976,0.00051620565858461,-0.0066423540347848,0.0550212704029842,-0.00358337965362762,-0.00105989283833469
2.27279932859819,1.92802780091255,-2.06401152731638,0.497225503391198,1.3918097064549,0.411688029119002,0.0117700360658358,0.00805124666586768,0.000801435105546187,0.0292237031585329,0.0147081499941884,-0.00288673425010943
1.58714832859114,0.90840967528635,-0.942248088723569,0.351589391594832,2.33485735342535,0.336839056252816,7.83173690595145e-05,9.4135954757923e-06,-2.74114389338023e-05,0.0014727761547465,0.000141885351506192,-1.92135716041926e-05
2.94140182528645,1.55406470821593,2.59711771029214,0.457558007718942,2.24878141165307,0.413290417708703,0.000384118691231315,-0.000202332327481048,7.97283650657191e-05,0.00249117979321964,0.000196090449095836,-0.000124110567776379
0.819695525185671,1.25934116298986,1.33030656010487,0.383965545791261,2.03529045839927,0.342404100404111,0.054201658801063,-0.0196226888087549,-0.00602958084371772,0.138094986378336,0.0750963260054499,-0.0126568912746504
0.45214282219531,0.955152613755924,2.10583701845098,0.528173461513538,1.63468385928446,0.582462094023269,0.0807753037194399,-0.0526931065107688,0.0297712998376969,0.231775007895327,-0.0429172443874878,-0.0365776444567601
0.992425223253667,1.65957419508543,2.17802212602393,0.590596370624939,0.21208372215114,0.173475733943903,0.0025271583221632,-0.00755696821107269,0.00428667097584239,-0.000701337715343172,-0.010808358552802,0.000296373319972717
1.05668945425423,2.16159091625362,-3.49498847209688,0.35603028107243,1.07061260595024,0.324083108529978,0.0325123439604145,0.0415723328297373,0.0405192061081788,0.0340428463012983,0.166559301383929,0.0149760919842309
1.74127704087878,1.54626261358122,3.94467046845776,0.516436625741152,1.66790605225431,0.233821546362759,0.000978421852089605,-0.00128294691897672,0.00232011211629304,0.00313667440554435,-0.000587975570380246,-0.000162204259277756
2.8371613453608,0.993558970196397,0.730980493434605,0.469154814082755,2.20408599835608,0.551367520173269,4.85047060203141e-07,-8.3684870595937e-08,-1.73248711243332e-07,1.29001172140543e-05,1.86438690338231e-07,-2.24421931863392e-07
0.288481473259162,1.2987760677833,-3.96155171414525,0.530994814527173,1.64263888715836,0.551869788724053,1.07003682029023,0.221449393649795,-0.190347583738485,1.47110656966709,2.46331586234029,-0.0980252795593327
2.96374679481378,1.33653674712966,-5.36119551726208,0.573230711126225,0.697120230372206,0.769199939072527,3.76055435807566e-11,2.31539652070682e-10,9.62245215623217e-10,4.62395576453383e-10,1.72489686611247e-11,-2.97954062701677e-11
1.56390378560172,1.0677762181415,3.15105150101208,0.458884559614345,2.06476673253502,0.581014777124185,0.000314034535922808,-0.000222280868844902,0.000192917409239214,0.00337833283623559,9.74499538468455e-05,-0.000153702303112023
0.750738032360096,1.10742661933589,1.04372285535352,0.482485089650509,1.31692447501667,0.36656595690614,0.0571571769797019,-0.0327598312655865,0.000366054070449258,0.20775969111956,0.00704095309205094,-0.016187586856418
1.55992789162556,1.25568512464034,-0.354014116208934,0.47732796167593,2.07611363215341,0.5415915084031,0.0054555019678422,-4.77797508246944e-05,-0.00228008920803387,0.0348722431236867,0.00323818910782541,-0.00228026150839668
0.444207460270263,1.47884885375947,0.0360250504597259,0.591761823175472,2.26533735729567,0.049037329820286,0.474309979425814,-0.128899737771631,-0.0661353527359866,0.264357843555392,0.213845169122813,-0.0132886037090474
0.648873506707605,1.60599524767485,1.81435892546677,0.439704916382541,1.54309752827422,0.111423082647859,0.110203492620352,-0.0815716346368974,0.0498838066725599,0.0396363028514317,0.0254817188082076,-0.00824513875974317
1.26759889114182,1.83548375839704,-1.84199377173121,0.555691500028451,1.46442456503892,0.642919545256304,0.0815603604733786,0.027376338656998,-0.0264151939410521,0.130903056030863,0.0562591702576783,-0.0403625557463272
1.54516772794304,0.884515527230945,1.95975103386998,0.569532413639891,1.72009566994072,0.363017308992306,4.85325309135434e-05,-3.06981873087546e-05,1.02708026234381e-05,0.000957624372088258,-3.72142654901504e-05,-1.40915124754594e-05
0.863085818279069,1.50205758590593,-1.28668500374299,0.40401542651248,1.51920863325107,0.437182491111373,0.133208430852302,0.0200631603589629,-0.053059969177392,0.217009409162089,0.282124278976752,-0.0217075926470138
0.850222999835387,1.33816057162996,-1.63149926116748,0.545273004664586,0.948675068826809,0.753624485133615,0.119894362555731,0.0410270162413934,-0.0390877160816057,0.335490307878526,0.0427097415353759,-0.0817313598884843
1.84262776053511,1.15123999343324,-3.00066698770313,0.460813892562984,3.13024171225704,0.20585287729891,0.000420672967078055,0.00011027508374514,-3.68330189489771e-05,0.00436838049624439,0.000365367070739905,-6.23961368360122e-05
0.225924630777445,1.43087213248324,-3.83301349448916,0.56002923198895,1.92974699836452,0.238579064322219,2.15829666033921,0.0601318961491779,-0.496183932119318,1.66019676168403,4.17065287219949,-0.191250237314021
0.62562474164879,1.47716175683595,-2.04888567976165,0.468816815610219,0.504339932275903,0.128418292335643,0.375220113729924,0.188829642523095,-0.053794818123943,0.56189131377603,1.10023001276625,-0.00354135150826969
1.33420143632684,1.21294982759285,2.54684911957806,0.512251196038327,0.747437125840468,0.215384347392844,0.000653684376163163,-0.00150249249915699,0.00220866147305452,0.00332894722467229,-0.00104190680527134,-8.03764449958397e-05
2.2512744543259,1.07773949469879,1.64632926890484,0.54716747626252,1.44822020851149,0.0601397259469923,4.13510740257982e-05,-3.10465254969969e-05,1.01956977937568e-05,0.000655609870381591,-2.25749648930958e-05,-1.94229190001482e-06
1.23778176266933,1.32381420090258,0.44672575377348,0.637319820523702,0.996353767837174,0.363593083332641,0.0296293916189415,-0.0183213922196897,-0.00499976292987515,0.114506174739447,-0.0372344887466588,-0.00901194017736642
2.65445971555309,1.48303061757784,3.38841079255593,0.522129822429018,2.07430071825546,0.683496911792145,0.000228655023951249,-0.000179562161250029,0.000191358284551226,0.00153090879970148,-5.25833611818146e-05,-0.000133228433359501
1.35467115178471,1.76127353607076,4.39187032177502,0.567582412598795,1.2375121990831,0.314630572726444,0.000282796936565731,-0.000636130765781868,0.00161749255974883,0.000223979247323334,-0.000628204640139841,-2.73786632200101e-05
0.989598831115291,1.60692209807948,-1.51652317635616,0.48513782811318,1.11276172756731,0.284655441423906,0.146086274630006,0.0460246218161439,-0.0556023871380393,0.244858078944369,0.262487222043118,-0.0180614951201962
2.16777412896045,1.92129460598865,3.40736386394487,0.495920338490335,1.26746622649321,0.149600629822409,0.000757213979157919,-0.00140826473713989,0.00285578800238137,0.001339960674148,-0.000570320839555682,-7.57582355235197e-05
1.82151667791186,1.42641950124508,1.89397367163236,0.520329671329016,1.55701696106546,0.186214632754086,0.00376272604861678,-0.00291184006649661,0.0015392804553799,0.0180034811612439,-0.000849412283187471,-0.000526960155332873
0.0722397584700957,0.74455800282576,-3.16939940484535,0.489418928510126,1.44918255175371,0.409347698698011,5.8085877671165,-0.726122239658539,-0.350651444647676,2.40529233472224,4.54089724371985,-2.02154670531696
2.66458153041313,1.03696145177617,-3.57396865209469,0.565122390864194,1.22747874989709,0.539240754758215,2.95920631225547e-07,5.27181190571656e-07,9.60142794493187e-07,6.56028106193888e-06,7.48275510912547e-09,-1.43654858083993e-07
0.154233951412607,1.42870785170626,-2.80604712534352,0.499963679478993,2.08283420155826,0.528538322518734,2.73554201546028,-0.488303771700995,-0.258833316897918,-0.0111480150440847,1.32525007240803,-1.32273161665103
1.29022704840172,1.66679323355364,1.03661700545256,0.50735370598207,2.00174221843312,0.144634500932117,0.0446870766562952,-0.0158233206202049,-0.00747898258172829,0.0779918798404552,0.0241692633782514,-0.00421708925567476
1.22601824004669,2.20616609003423,-0.497483668465441,0.507399655729524,1.81060550085375,0.501059168374764,0.128150147943905,-0.0146107794233207,-0.0528020594007733,0.0864516928891234,0.157997748147475,-0.0311214305024637
0.584730986971408,1.0594978372884,1.95859179108947,0.632124753935774,1.77054756188969,0.538826859564309,0.0565460842232546,-0.0354926271915596,0.0190705182079523,0.168927994454982,-0.0788402440792181,-0.0241956772502435
0.606369268486742,1.53059798932214,-2.01881254289704,0.548389614385584,1.31311948159743,0.322285545955327,0.420174923324118,0.0742551552529868,-0.143768102670753,0.525587680126136,0.703199637735236,-0.0607135125231982
0.904209204902872,0.893513847377754,-1.18810420159094,0.854151814493246,0.703651070410492,0.224078020692159,0.00687931917690231,0.00157837406302852,-0.00276216049374468,0.0768102442041024,-0.0386673917961611,-0.00277883954921653
0.496752108528744,1.11375132258345,-3.73456575119082,0.438811630537013,1.64441625899897,0.333038141941974,0.12846593134159,0.073290752960973,0.024381216721086,0.359128815950616,0.359198745211843,-0.00209525593567551
1.28677450970281,1.02898034630437,-1.4608973336104,0.300252241041066,1.00871042146179,0.113092672417594,0.00268395548946171,0.00182184986523107,-0.000260575457959438,0.026698459316276,0.00820900224642103,-0.000131364673839149
0.218855419487227,1.62053180664704,1.97801833851008,0.577148005367447,1.1537162437842,0.406885313981525,0.135020182022147,-0.130866038540844,0.122396257105968,-0.2262145673306,-0.692738276691391,0.0789824448024235
1.12309068358736,1.95803288732364,-2.9715693159542,0.385534272528612,1.74256304139614,0.277866759430444,0.0580413905020346,0.0334396918251018,0.00793617665616537,0.0594022280655159,0.189508258121741,0.00288735213316272
1.47645276130643,1.19447900249277,1.33575304332619,0.480420977813911,2.9209098950707,0.465636008492213,0.00316572388307366,-0.000595270214053358,-0.000675961700769098,0.0222231898250604,0.00144296170447569,-0.00113778961178494
1.04124247314176,1.63704874516099,2.4138857783126,0.535651924676148,2.46385897486892,0.387980264056764,0.0409235226026576,-0.0189768911747934,0.00740152741362811,0.0549495338443772,0.0076185710320777,-0.0108780616319497
2.82841030325508,0.840799938301193,0.72189236523746,0.52579489218508,1.24287841580334,0.293174312642626,4.15406101676585e-09,-1.92052293159224e-09,-1.61535714055096e-09,1.85199881717805e-07,-1.08501180629541e-09,-9.96327817601695e-10
2.93151147145545,1.70328183071745,0.518539567155634,0.440409849638417,2.30020126133331,0.0804329381263502,0.00186228696894271,-0.000256170342924155,-0.00067950326644769,0.0088894946956706,0.00176836500273489,-0.000104893829869179
0.156959654029924,1.7499758316851,-1.53546234381345,0.486958587286548,1.04535220935966,0.319247762738988,1.77163066155109,-0.848050794004676,0.206955972590474,-1.58848628183467,-5.45175764586644,-0.391675236966807
2.66619977399241,1.31584623602153,-2.48111762127945,0.486745567651007,1.76255896151388,0.202901344091299,0.000154183789468634,9.91797051646014e-05,3.44124572697619e-05,0.00158310704179241,0.000114788630324194,-2.29773427337801e-05
0.513618806668092,0.971282837000591,-2.09192291913126,0.427491619119034,1.77160433225165,0.331515755317472,0.134140938194205,0.032965797905097,-0.0320923712155724,0.546589396788981,0.252979899082508,-0.0208838517562723
2.35002755041933,1.47624551987254,0.259979704346341,0.626053385148093,0.135559392812524,0.284817271967347,0.00457899396080948,-0.00666575014025342,-7.48934918213738e-05,0.026152217260827,-0.00746631042395711,-0.000970588766901283
1.43316440848866,1.10881035465294,1.52351542713522,0.524573240575922,1.17549281590106,0.525193402947577,0.00193407745059823,-0.0017861608571943,0.000852313620382443,0.0163542789361691,-0.000876158561911929,-0.000820049128531475
2.90273513220018,1.74289594128561,0.0429715708418461,0.495944189584411,1.82796940756695,0.188379263552031,0.00312899140829136,-0.000290013584435585,-0.00150216704249276,0.0137611361306947,0.0015372521251051,-0.00042992506755607
0.268203794304281,1.20839019948411,-0.972864459545089,0.392846818429185,0.890478297541855,0.428594740779223,1.07612343620732,-0.217767466966769,-0.159546843779733,0.59378585654085,1.75857777161794,-0.324354830751158
1.4693933513714,1.25013822899778,1.9012388398183,0.548075360289144,1.82767626438845,0.447460754866435,0.00427115426061468,-0.00250849846445839,0.000756699291185767,0.0250575681204204,-0.00177998718186284,-0.0015172839798948
1.66052215202944,1.14270422376952,1.01166739122366,0.474802316742273,0.300900551235244,0.400258580498592,0.00118431124260548,-0.00227791542726051,0.000808372586685343,0.0104740829896772,-0.000683762546776858,-0.000384782035439192
2.00424729898805,1.4969445165128,-3.44030395477942,0.491210875007493,1.00882939812693,0.509404265998339,0.0004679190404162,0.000938504604049821,0.00158989146621774,0.00248768644018118,0.000807487273270515,-0.000116497565166491
0.385830732306931,1.28061716730344,2.72832477967684,0.307185164380107,1.92853986431852,0.564750160720715,0.115364957694119,-0.0711162541086428,0.0505830896134448,0.0448321935727072,0.200369081473955,-0.0722063374672473
2.92954742205329,1.52918360562096,-2.34336491487933,0.405358000859479,1.24182948574871,0.413707286317031,0.000343873274892182,0.000386704586283056,0.000313738210516018,0.00242304522086956,0.000602040703799624,-8.28896834299094e-05
2.9193591070245,1.25443031706327,-4.68033702470329,0.496457094177884,1.13218766089994,0.562176032314479,2.00935390968419e-07,5.50721192826935e-07,1.56924812182285e-06,2.73869653574824e-06,2.21612045976996e-07,-7.88076121185344e-08
2.03424263079651,1.61662679187789,-0.670120845781172,0.503408808651213,0.951760263651046,0.482170622262063,0.0161207029162169,0.00299039916776227,-0.0103630851757609,0.060993817577584,0.00995996009963638,-0.00588729136446938
1.40157185759163,0.790247385278594,0.244302870118844,0.433334654746745,1.57267636166846,0.259397297101652,3.52759730519794e-05,-5.43613665831834e-06,-1.60816449471362e-05,0.000901710953923026,2.71502360668737e-05,-7.23921501645164e-06
1.18923636404797,1.87824741093096,3.34418910942535,0.49323181609819,1.79992249583505,0.446730437886701,0.0128263823954275,-0.0129493340205873,0.0179279899759028,0.00889418212301927,-0.00144985984929424,-0.00389386388393574
0.972791541414335,1.08143656570209,-3.72330126311766,0.516281695980552,1.49250094541755,0.0376860473485701,0.00635952039012295,0.00615172943435827,0.00596606812135527,0.0416680021394027,0.0097515835304739,-0.000134250506548103
0.0676167985307984,1.69822449963692,-4.13795845060172,0.397238517752081,0.457452087142175,0.476652858503333,4.51676970781106,-1.12330997287497,0.048422518964645,-3.67197603660469,-12.2647745629905,-2.86119924625714
0.347877765388694,1.22238016460375,-1.34631907454618,0.395779005800556,1.97964096950927,0.617422908712655,0.562798094767523,-0.0246368764606577,-0.154433810348642,0.587084711033495,1.17276937071133,-0.125133490470306
0.298563490633387,1.81258433887162,-1.49100042086301,0.526159159267473,1.56870634106074,0.449101714845569,1.26963983882705,-0.376070117651556,-0.1339910966667,-0.0286480321547529,0.249415580061595,-0.464590330816112
0.342171757074539,1.75258775333624,4.52524361334913,0.511206381527401,1.35709771377721,0.173566771939681,0.00679124571022826,-0.0100807788565039,0.0183979438680466,-0.0107923778972575,-0.0378962489904432,0.00216563868192584
0.939416766213253,1.45297989986389,1.36725095463046,0.521666408470228,1.20379088778737,0.0537822931099892,0.0569175224094656,-0.0492266181532624,0.0239991670832327,0.0901294110965771,-0.0225706565809558,-0.00215963417689446
0.315315235429443,1.80944491635615,0.356669353444056,0.427089347520969,1.14806584126194,0.35592929337957,0.572489474027856,-0.3495460381153,0.10925286735587,-0.16673009440666,-0.543536323984986,-0.199126289127508
1.31873183448333,1.0183640483141,1.69469598154835,0.48482141357879,0.429737474955133,0.486926400281148,0.000530879449112639,-0.00115588403715982,0.000842328171565214,0.00518278717638419,-0.000477369238121279,-0.000197073482097584
1.97973024474923,1.5921039503996,-2.46114393189556,0.423745155713868,2.06891439234214,0.538289796187347,0.00534865581884068,0.00233497296879685,-0.000196896248101412,0.0207241311019189,0.00788397785567756,-0.00174726917843225
1.56594817452133,1.82421355683255,-2.99899276005506,0.450051656190944,1.17682246625617,0.295961447166088,0.0139981954324584,0.0169559187804103,0.0160667471671565,0.0291048855214977,0.0380867241252937,-0.000334132459689802
2.1215943619376,1.17941019808424,3.94520243686185,0.525780687537879,0.656315529474681,0.71175749150379,4.13522685929448e-08,-1.92042626947149e-07,5.55572223913787e-07,4.22686870986338e-07,-6.42043456858953e-08,-1.53483108655168e-08
2.19764382209396,0.9315113036412,-1.81506181784085,0.549785450576365,0.975094494701719,0.474105151435561,3.01205076584876e-06,3.3874326215674e-06,1.6301601128491e-06,7.56147387784653e-05,1.85609546025329e-07,-1.23452970279344e-06
0.597761187423021,1.58773427585936,3.06932114496194,0.499518833374077,1.87083703774636,0.329426406255297,0.0556717679832043,-0.0471828151787291,0.054918694063553,0.0100178219288022,-0.0262012672204303,-0.0110759623134389
2.80403107379098,1.15825801576079,-2.49912235942417,0.557711138314016,1.38027561926131,0.205998696541544,1.02888857576665e-05,1.03199365355322e-05,8.0101212025432e-06,0.000168869785161534,8.29321256926706e-07,-1.74742180444169e-06
2.57607242956292,1.49510825378388,1.09203815308716,0.466784746238676,2.81125542331711,0.19551702280254,0.000993446298242095,-0.00016344636635095,-0.000261196571896276,0.00632738654218165,0.000626293153739684,-0.000142844459015029
2.75705411453964,1.38583733770041,-2.33041213796107,0.539502933335366,1.96719636975175,0.137932772970027,0.000265140421346235,0.000128985057733047,2.19136079299997e-07,0.00239236463830725,5.8013105758382e-05,-2.85898256639018e-05
1.44137012640713,1.08239365313298,1.06853009872693,0.394715518794853,0.744440985244849,0.128707062219782,0.0021888575672186,-0.00239506693793306,0.000646074487563968,0.02011127948508,0.00128308964442039,-0.000243654778458156
0.121613144257572,1.38279100720442,-2.30122090236691,0.546682534908789,1.39557042967683,0.502323652128549,2.71045799537517,-0.909252768977728,0.135189929420822,-2.22325455642676,-4.56598272521418,-1.16708685406829
2.78805582023924,0.734718003423607,-0.0330474553076529,0.323276335343817,1.1722812060473,0.289398071366274,1.87321125176124e-11,-6.03978494937795e-13,-1.26457036516301e-11,1.24917199855412e-09,3.74679534154136e-11,-4.35557263882373e-12
2.39449705720181,1.53164916664782,-2.81202084446401,0.519700682915325,0.824533420154869,0.171583525832793,0.000368369711192851,0.000831361204747047,0.00127054278436692,0.00218876424751678,0.000631585337204596,-3.34320060480122e-05
2.40039533829549,1.10003050225783,1.00949140123238,0.455049980315253,0.786723287319287,0.296912327096431,4.53719812836547e-05,-5.33906686624978e-05,1.50065190424833e-05,0.000719301984049175,7.28669382587983e-06,-1.11449043962919e-05
1.46491617817665,0.594972721188827,-3.2259961232031,0.342876988671715,0.930474100951909,0.486910487718211,3.08918071327519e-10,6.1179860627687e-10,9.42087020018716e-10,2.03522748288863e-08,7.30030646300922e-10,-7.94093007442512e-11
2.6610215868568,1.04811245649468,-2.12128660570602,0.239740296798209,0.797312529430376,0.265127859250078,1.0102182118153e-06,2.01462500815588e-06,2.40766797716863e-06,2.13445382308909e-05,4.1786797480995e-06,-6.69789831698391e-08
2.84170473711565,0.988538973426028,-2.18356406736518,0.506605565180367,1.9573135641621,0.591618267564652,3.0545514513762e-07,1.46411916203825e-07,-5.46213709689962e-09,8.30732944282162e-06,5.29010437933275e-08,-1.5390664625093e-07
2.52728912244784,1.03304529887762,1.98200714692761,0.491336248969299,2.64932815613392,0.408253219349728,4.0793474883097e-06,-1.20148127982646e-06,-5.1964936385406e-07,8.45916596996667e-05,6.57959235277523e-07,-1.35656573700645e-06
1.36004803512478,1.58621901742943,1.83801545516757,0.422017933598758,0.624715870624369,0.101707653609247,0.0071571101439072,-0.0148120375903546,0.0151819081938134,0.0119667082712729,-0.00599847905957669,-0.000556345257507757
2.44180170247564,1.3520403766289,-3.58554138437346,0.515927630721413,0.551511340964478,0.30232353708705,9.50170174102036e-07,4.37823966006763e-06,1.03943440829702e-05,8.97382535790679e-06,2.44362687870365e-06,-6.22813165132268e-08
2.09266409195261,1.72680115437427,-2.47923666978603,0.458231363035126,2.13152405472007,0.689066810790557,0.00651595232299892,0.00267225274926794,-0.000418088372746358,0.0207873854201149,0.00681675165160407,-0.00308861063943791
0.827820127445739,1.45105794855796,-0.417469361041587,0.476707029023699,1.52330229165714,0.0971884591354774,0.162637313512487,-0.0193492082798828,-0.0666593205854634,0.265849674222487,0.193877391185937,-0.00902616971774669
0.79819894846296,1.22337626595874,-4.50821759193591,0.40070237490047,1.1425248497176,0.203127101677123,0.00610758336671964,0.00924647214904705,0.0132741488438695,0.0227499770243356,0.0243806474227732,0.000659661934121362
0.661009791970719,1.58527052838324,1.59448981771657,0.522095828717556,2.31630358664874,0.153175134418569,0.146961700421354,-0.0608738384355277,0.00899423877105215,0.099549840899932,0.0747177222363705,-0.0127000188203506
2.46170126616489,1.10277564665445,2.4023597427102,0.525904850816043,1.3130702480198,0.517820082104663,9.70341596696997e-06,-1.19908428516243e-05,1.34870454546099e-05,0.000156909407444501,-4.72805425357541e-06,-4.09244616213964e-06
2.01412419741973,1.40718893657709,0.651090988460387,0.470850462739223,1.50113039221378,0.429268230581307,0.00387416487879644,-0.00138830653896334,-0.00136263854784322,0.0224537160828568,0.00183918380175255,-0.00128949757510676
0.78408332382096,1.23474085334036,-2.19646216786588,0.498615387336023,1.11537713792605,0.564090401315957,0.0915289399583223,0.0487756059161683,-0.0106225793295771,0.305455901400986,0.127474545191624,-0.0301193092258281
1.48289239659207,2.16836933384537,-1.92840861157154,0.490125747658243,0.833716834170357,0.492356187989236,0.0836982621813824,0.069419843972955,-0.0015804695757226,0.103566142763442,0.197617314415971,-0.00739097264461568
1.50966759652365,2.46210111700464,0.377744817821687,0.468721471144994,2.63232280941977,0.406847343064243,0.0624098791603441,-0.00968573597727117,-0.0175850269191282,0.0343967675300948,0.0962052519534474,-0.00933333159831297
2.60558977393666,0.791674353241708,0.198414538164971,0.466684856292623,0.363808524181139,0.152590954407916,4.80921811940728e-09,-3.17126538485104e-09,-2.62784443559698e-09,2.36854628461297e-07,1.17219839301707e-09,-6.05286232175186e-10
0.912962955259718,1.60821673587095,3.22133117471922,0.506744902276801,0.812380510476578,0.0562216508625562,0.0019471562102838,-0.00456219799881235,0.00778298546148253,0.000141378390059905,-0.00549234751015496,-7.66934967553546e-06
1.97851303457283,2.22520050732139,2.91722372994614,0.558900683158168,1.24214245380695,0.267959233022057,0.00289465810365816,-0.00499973985241044,0.00897773713815011,0.00211341131349161,-0.00331695236487728,-0.000461609809120029
0.7235273012775,1.40971292573164,0.404646658345437,0.573525211265831,0.0188508300994063,0.325857839132062,0.166262866539471,-0.180256720213671,0.00146938964572311,0.14585540120816,-0.216898032833264,-0.0392871028038413
0.641297478810884,1.02410047605958,2.0274996425209,0.519496721970282,1.37027896255673,0.042891304930771,0.0374426515313875,-0.0311233407513088,0.0205237855621854,0.138433400377692,-0.0251385599227008,-0.00114632921120019
1.99517179081449,1.10427423219557,1.22010268395651,0.545060286162907,1.26476907596509,0.471331577155864,0.000224143206251438,-0.000161782580394314,1.30847204236199e-05,0.00286553834665006,-0.000113617989032522,-8.61654077700923e-05
2.65099676969694,1.03484610430371,1.22222012428558,0.500114255586568,0.340162635149178,0.60997193755568,1.50567074313441e-06,-4.30023157358356e-06,3.14721534155179e-06,3.20030762351785e-05,-9.39650573463378e-07,-7.54089847612538e-07
0.748746728047263,1.56947591120655,1.14961303066323,0.601645662872851,1.84407480461461,0.146073670719137,0.1378946800631,-0.0701599268072506,0.0122252283680531,0.125276214770462,-0.0380457433800716,-0.0142477566322444
1.70372883558739,1.52023831183149,2.77612866023099,0.46993212227025,1.05427277577584,0.0120164638986919,0.00120312766815103,-0.00226356323517783,0.0037429815287136,0.00378811534675584,-0.000894859119262176,-1.02618260982832e-05
1.38126195367659,0.753868201816265,2.46277078080357,0.439552014351483,1.05923214899966,0.178642121678822,2.98425509691507e-06,-4.36926607126519e-06,5.06429905229132e-06,8.59663868805257e-05,7.67868186633499e-09,-4.46847619380003e-07
2.81765526246745,1.00642963138581,5.70608928074572,0.5447003942699,1.44801016287538,0.425184482256443,1.03903382797398e-09,-2.49830707718057e-09,8.0850461402025e-09,2.59191149425766e-08,-1.04895203412025e-09,-3.27506315215663e-10
2.09959415078629,1.7724619157258,3.1428951855449,0.53679900095574,1.14219886265812,0.151483202707724,0.000619724340293445,-0.0012506602864828,0.00248568394646831,0.00143861149892293,-0.000776006978348985,-5.7583274722928e-05
2.3004674491589,1.05603722916923,2.9138226370246,0.52977338914417,0.643109894488022,0.181471701542383,2.26991807973574e-07,-8.4420061209691e-07,1.84716575372697e-06,3.78240948892872e-06,-3.87621995658626e-07,-2.32394665415705e-08
1.59598128104117,1.07644414150584,3.15060167496454,0.493584632782287,2.21291904178603,0.44642536353553,0.000343464595957369,-0.000216611988076616,0.000164880687838998,0.00369195025108128,2.66939042344302e-06,-0.000123417993626864
1.18662106782431,1.26266808577809,-0.798829470860355,0.556412850415818,1.59965605340704,0.628760980849004,0.0255463208762641,0.00153012831743213,-0.0117534602778531,0.117952403730664,-0.00123292299059268,-0.0140358184409764
2.96724986097543,1.01654687050718,-1.41719403148958,0.541728191292668,2.3244747668265,0.303345580922205,4.55087230851453e-07,9.76773204775718e-08,-1.35525807357604e-07,1.18562753160595e-05,-7.87324039827612e-08,-1.13599374937233e-07
2.71783898102585,2.07209809297953,-3.69787877197639,0.482074991145832,1.83248738146258,0.241790412962339,0.00269977018553895,0.00240883082680039,0.00261165365290354,0.0064711664699027,0.00421144779707694,-0.000330094258748301
0.45631531404797,1.12136279196235,-3.02924675603465,0.524429409972516,2.55724002254363,0.417647788388909,0.245056629515634,0.0473226677516754,-0.0477340361389562,0.58220194249585,0.343782511065173,-0.0523845399096768
1.54669001783477,1.12972278887664,-2.2115516368625,0.693480357463575,0.358828475988084,0.303003579285736,0.000823755105514903,0.00181254372877139,0.00105174295681993,0.00836334423030101,-0.000216634597595661,-0.000323310310525239
2.41302657482447,0.849280841555827,4.71784241592688,0.561479462725648,0.376554334414807,0.421274845455954,9.77565645654139e-17,-8.60912427966883e-16,2.78896153146446e-15,3.39655962895983e-15,-3.05252864048922e-16,3.16960141135232e-18
0.906439444550779,0.8461803012425,2.8208286631865,0.550437625219411,1.58057388585424,0.409626974717619,0.00105022319948987,-0.000968924614892937,0.000953451789439861,0.0127424654653732,-0.000920118199961804,-0.000324311257813422
0.222287647332996,1.02451984912601,-1.57314151939438,0.50379289419901,3.11389271978867,0.548127443478446,0.989711297855469,-0.0638115189017928,-0.197031752728351,1.16801898573419,1.27390480302876,-0.261825772504658
1.23525768292602,1.23564143335106,3.06171699520437,0.619745085442774,1.26193940876426,0.234169325003505,0.00152396369332939,-0.00233000850018759,0.00369635453275245,0.00680231490451731,-0.00301050575573208,-0.000198239848079595
2.22690421573352,0.744357538431214,1.48379961394465,0.48868973035547,1.31301844699481,0.259833562786627,3.36557584974114e-09,-2.55099731324099e-09,5.05836060898395e-10,1.70026856204934e-07,-4.2746690984854e-11,-7.14605600547133e-10
2.13667997800512,1.16084975857322,-2.36510104316417,0.648062109591024,1.66299651930319,0.0758678649901166,0.000192840387635792,0.000120062781340591,2.51394880687841e-05,0.00234775891152721,-0.000160907858357969,-1.35905571315941e-05
2.27154623735696,1.34819002804964,3.52026898954084,0.474439874383408,0.68792097779519,0.347269953640598,9.73532087908666e-07,-4.04080653082252e-06,1.08073581491501e-05,6.77312753612693e-06,-1.58901628837546e-06,-1.91411348352417e-07
1.83026647201041,1.3136384914887,1.08128244435117,0.406503788015698,1.90714273951769,0.259155229849969,0.0028270275518425,-0.000930832549525024,-0.000703364948114229,0.0183688794749568,0.00309284029695017,-0.000542610748844224
0.405614495766349,1.70153478887104,-2.81080274153999,0.500133832582675,1.75977652329515,0.407243780103851,0.825628193114845,0.08507151712028,-0.235380073641215,0.614150146321847,1.91558356489056,-0.0483329218706803
1.75483048465103,1.8944876224634,-2.17139038147444,0.564791941436203,1.75400063195291,0.159096024511114,0.0298436342640989,0.0127636739473491,-0.00477117306393494,0.0589055138486373,0.0277125423840103,-0.00307323404248322
2.13491098930826,1.44827360590391,1.69638063998819,0.460976435707329,1.4095591927544,0.220824498483917,0.00204776417246578,-0.00167631608159291,0.000759526756162936,0.0113143596634647,0.000593888122805516,-0.000348572061615661
2.76870217761025,1.93884408614213,-1.04408580652562,0.55452721046334,1.02325426898869,0.508806907092865,0.0105260490850168,0.00485520161151823,-0.00530454738483225,0.0320408780204608,0.00307628194117567,-0.00439389720249078
2.18043996695196,1.86192915658565,-2.07360185780127,0.502029895055997,0.984530917574317,0.576323932117779,0.00998509085284886,0.0112468436475518,0.00567085366021561,0.0280376356527278,0.012890488103993,-0.00349712795745102
0.905787374195643,1.32395540728559,1.7381659506153,0.481925531431724,1.41217068494669,0.543452868507034,0.0356728272554203,-0.0281179409906551,0.0152885099897497,0.0814619962082272,0.000417077788982927,-0.0152633424390379
2.05243594476487,1.5954113786476,1.97086965857289,0.459150315743867,0.845343315900032,0.417903492485333,0.00162946525216447,-0.00314894621777749,0.00400596791508652,0.0056610881540689,-0.000641763678323781,-0.000542220292375178
0.10515238775406,1.74567554133588,-2.89320167853987,0.486704847753572,1.98347081898994,0.354727422974834,2.95868028985784,-0.998014896176885,0.308121520405787,-2.85043628574402,-9.6749120672467,-0.753001644391303
0.956124621955678,1.4446874501805,2.66776178241056,0.49732566440685,1.70467699496832,0.317798556130842,0.0232654007918006,-0.0201147251019827,0.019657051981779,0.0390363177514845,-0.00446056774129984,-0.00523476399576292
2.25966640692204,1.28165524741492,2.53307106414907,0.463821157988956,2.70228773205598,0.256313916577448,0.000325805173045258,-0.000117689913569054,1.23005580060874e-06,0.00295978590721144,0.000158187236342512,-6.4076854897241e-05
1.86545041390928,1.14904877280092,0.900870644593949,0.467608144089855,2.27100847227743,0.140497238020657,0.000644995243206883,-0.000134745041617289,-0.000193316544176734,0.0067588084790721,0.000335630143913485,-6.8701947798038e-05
1.8682950673392,1.67472451226795,2.62028645846607,0.524294972515775,2.09532732628544,0.0518951299506408,0.00640627010764423,-0.00401917403611207,0.0025584087961893,0.0179490218685085,-0.000107042050806492,-0.000238137294443287
0.704846590023954,1.5162555411203,-1.67631618080819,0.513168037378531,1.3116065006716,0.323064035802205,0.28783955409148,0.0495079122520409,-0.10762707531113,0.40082517088312,0.479109500540512,-0.0416987785148734
0.495504527888261,1.02540789892354,0.490633865296017,0.541241465076743,1.02379091575611,0.372470442978358,0.198853835254238,-0.103877753344518,-0.00981647993487948,0.520633887425854,-0.0731789923938656,-0.0585235581472161
2.99556318888208,0.750017161457981,0.92862000904704,0.537728219661466,0.375059396958652,0.0964222086134323,5.59392817301292e-12,-1.25329956401219e-11,6.11037212266174e-12,3.75236345361261e-10,-4.64656901213255e-12,-4.16841147866257e-13
0.732052041974384,1.39006652049524,4.63694574162522,0.485344655887215,2.59323558205038,0.584537699368821,0.0185160384518752,-0.0127329646567945,0.016839776392787,0.023865846693775,0.00198519397693627,-0.00795294198806067
1.01711990318727,1.70385990092891,-2.30321224621407,0.57610464865004,1.25494673682409,0.40415711362557,0.124585274237555,0.0634785301163163,-0.0196807296276484,0.214951962881285,0.169535368028704,-0.0302523492296535
2.11065233162371,1.39170952745056,-0.716333531531373,0.477094359906023,0.680362206883793,0.413824480761306,0.00508455352271382,0.00213424990328579,-0.0030607687413699,0.0333098629656211,0.00431200066589501,-0.00157000632389383
1.07709943708032,1.95895022651992,-1.85668812695238,0.493733579798967,0.959877550330083,0.680019815045112,0.164711309526729,0.0720094057415031,-0.050760520378329,0.196892520281253,0.281027670086271,-0.0459764011321613
0.42366060258355,0.932062490570849,-4.0236943822629,0.601749291573256,1.49567545706752,0.298665150946392,0.140972762200988,0.0820962654216545,0.0259894298899468,0.659166931279296,0.180008406653576,-0.0300887385462775
1.30347699702252,1.17277024496041,-0.695723154352829,0.625577547640087,0.518515924487435,0.101857257841213,0.0204911483842012,0.00263634738937704,-0.0100726328513979,0.136956827956894,-0.0110736346865195,-0.00192272375645197
1.5843868486234,1.52658870279192,-2.53006957123273,0.501553436496923,2.25539321691768,0.492787572431136,0.0120496898993736,0.00427302056598,-0.00132104520339968,0.0419283333328722,0.0104316670411032,-0.00408088759110854
2.48008472985821,1.44772829325042,-2.43469601543296,0.511274773073624,1.03983010767267,0.156647764298954,0.000541230928767516,0.000778370089878902,0.000785053684899456,0.0038633582344155,0.00061507247609385,-5.64996012181663e-05
0.440226136054844,1.66344051618932,3.2372300113138,0.446488710602138,1.10834585965917,0.147750844911798,0.0254956751119382,-0.0357177621453484,0.0474448166675366,-0.0198403552606781,-0.0774576549857171,-2.89138042422873e-05
0.24786228222074,1.84130653107297,0.429042024789787,0.820248196962022,1.28106621544191,0.337904493688903,0.113011337939045,-0.120107006118849,0.139572628636932,-0.301361994753204,-0.822420625971299,0.0938296372929306
0.593740736087784,1.78572571292336,1.3219209637309,0.494674288749007,1.28432269026246,0.358500230353969,0.158761552836489,-0.132923472180631,0.0834818882425187,-0.00768063090622545,-0.0838240747674683,-0.0368719738896591
1.2477341699996,1.37730138492608,-1.51629524745124,0.681699294642048,2.23187806896771,0.447794866896867,0.0246135399841043,0.00333479829989447,-0.00846147826042602,0.0943322176804442,-0.0284953832828469,-0.0121696482931349
2.79298124848865,1.3049015840824,-4.14262698476136,0.470867473062546,2.29409213919058,0.441345747967941,3.58811966152716e-05,2.49981070644753e-05,2.53179698370082e-05,0.0003986713749383,2.89614103965369e-05,-1.18787333308947e-05
1.91531884094002,0.938920120426175,2.227404403,0.530529255969569,2.37047175526256,0.0996005101402156,1.4656183963605e-05,-5.93616224174161e-06,4.23606853337836e-08,0.000303878639651742,-3.76774977102226e-06,-1.15478426078177e-06
2.37045506098075,1.39444654746093,2.28859570585082,0.483403094353707,0.782388930193903,0.557016324940907,0.000100212920012842,-0.000248221245118964,0.000405788190322337,0.000685875339222318,-6.24578686300052e-05,-4.44053513513594e-05
1.57998446107376,1.81256363766818,1.77942641605337,0.505650049545121,1.90317551515418,0.102708447472878,0.0232180938946353,-0.0128769780241097,0.00320971873881166,0.0378841740513429,0.00804294192004951,-0.00159171483028544
2.9545608410961,0.898763438307889,-3.67479469501433,0.538833894717008,1.62979315746572,0.0836395006514107,2.49164793318911e-09,2.92111976381651e-09,4.22541647214384e-09,9.52877487322164e-08,2.88603460972014e-10,-1.6977605564284e-10
2.17679341362091,2.35500311238733,-2.26794946047009,0.501823087157395,1.89467016856443,0.552757995523714,0.0244659750153778,0.0101704439072989,-0.00336350410178718,0.0300754645781672,0.0322257205371859,-0.00713676391298688
0.428898198844399,1.77652080205905,-0.32821683759142,0.517016023863721,2.21479873429977,0.307390126358039,0.57532206807869,-0.146413330440029,-0.0903420875599554,0.155531621167453,0.49427830854672,-0.086749318336377
2.865200814337,1.40795371928391,-2.38373601118911,0.63278320045098,1.21525287540989,0.374120078875791,0.000167672315970089,0.000190609526665529,0.00015188935154157,0.00153549168774737,-9.09882527645189e-05,-6.09519846539334e-05
1.10037690355675,1.6387144840334,-3.19354027324675,0.504030343279384,0.506544985554021,0.286453307816913,0.0148148886466198,0.0305286001792826,0.0255029950064108,0.0394088020602929,0.0593954650839531,0.00263902085758636
1.51116165411659,1.4659230591794,2.01106802560941,0.53235672809266,0.770235136566147,0.463524567260094,0.00295389593948484,-0.00589023390183983,0.0072559848578648,0.00873790990832519,-0.00388257896716501,-0.000869590302666603
1.31570173281943,0.82942642076031,-4.76059111016803,0.482655091604589,1.80428438489364,0.3822879147186,1.34603332406224e-05,1.49102622093535e-05,2.37589782644995e-05,0.000281649520506881,1.36151498226922e-05,-3.67699539117212e-06
2.43532478357665,1.06085097745885,-2.67641584164804,0.57148218836683,1.43872665929975,0.535359015334444,7.40655166991976e-06,7.25242096589651e-06,5.9283280473797e-06,0.000137938303893552,-1.56349234690833e-06,-3.56796112615914e-06
2.60601487457752,1.65057081599275,-2.48259302510433,0.490569078666758,2.01886431586632,0.381054422428393,0.00191517122184569,0.00092983340207067,4.5286818044831e-05,0.00912988785369085,0.00157757982582157,-0.000515531461725639
2.92465437742649,1.65513610278592,-2.31303619644239,0.516369480813909,2.20075156559111,0.628018653888112,0.000994221173059875,0.000385924350770293,-9.15554035688402e-05,0.00537128296773477,0.000304126819267911,-0.000513576260493238
1.20398850394413,1.12299117662126,2.72870063759975,0.329742168133721,1.61206339723337,0.200866280127764,0.00257180093821952,-0.00228033403206086,0.00205148146013622,0.0166396321577741,0.00361711450401095,-0.000463165394920283
0.69044034112012,1.21475400994987,3.7117543239967,0.472890455347429,0.672322390503103,0.0339447635336098,0.00102247437912918,-0.00244445420198244,0.00356738276160651,0.000936103663382573,-0.00300315649037495,-2.3268795574364e-06
2.93015263753477,1.03593746957678,-2.65590280768136,0.477797690373275,1.37983228306373,0.231044314148993,4.12996060208665e-07,4.572422754037e-07,4.44759406748958e-07,1.00553593192575e-05,3.14683099124949e-07,-7.2318674606912e-08
1.71903810731601,1.68243075781887,-2.45939778514186,0.528933551464156,2.94007607513308,0.486218507207219,0.0131182208069446,0.00274192057104399,-0.00248766260520516,0.0359970439925367,0.00770391628331296,-0.0046144532611324
2.3078602755093,0.95558595242278,3.95160310675764,0.492477509917287,1.57743114621893,0.553403603315641,2.44809671827585e-07,-3.47961962060188e-07,6.48161777438671e-07,5.83069315913774e-06,-5.31346457900554e-08,-1.13893725305598e-07
1.59746492392151,1.46484246958211,-2.96186345365098,0.529267014527855,1.31069132630097,0.229846631264289,0.00614016678457056,0.00647325850377788,0.00551648737168105,0.0262148380108772,0.0081139105690325,-0.000855271049730486
1.481923872279,1.03230174513495,0.255872027945704,0.531808497816958,0.653480969159962,0.660077570199481,0.00185572134371602,-0.00103982428510547,-0.000705077030429214,0.0210767825824793,-0.000606431433353462,-0.00106798352578
1.45714918801095,1.25965182290433,0.377910741074876,0.495904937431872,1.27809392567832,0.314322249285276,0.0110894758304229,-0.00386515057355186,-0.00437225201396785,0.0632969291142867,0.00290238295556829,-0.00268482969628771
0.139388908818364,0.556493265265041,-3.56000825666788,0.451208654169391,1.49474611024308,0.845034613929129,0.843039447080596,0.120364861405319,-0.0995026153369837,5.23148477348156,0.966111465903036,-0.459784049299904
0.573183555726428,2.41640830247767,-2.67823747442659,0.544102687546334,0.300293881876501,0.333994028848859,1.10156330778158,0.170088544461977,-0.157527448283144,0.593493514580711,2.69185724397853,-0.181276005451319
1.16613495999482,0.501363943780487,-0.999756759155338,0.811564515297313,1.73154088308815,0.221245730432328,3.7226900704521e-10,6.35974720682407e-11,-1.48335622176886e-10,3.26568392237694e-08,-1.66029348977793e-09,-8.29906589581387e-11
1.55644079473568,0.862028378889099,1.66336243321363,0.515863554746542,0.765697886697008,0.487221500779389,2.05207327634896e-05,-3.24136387966201e-05,2.64735425713941e-05,0.000437013211064696,-1.36169895939921e-05,-7.94941945234212e-06
1.49290593704209,1.16476541789063,-2.45653662175222,0.553987848512887,2.02626733552573,0.742654358550905,0.00221805344216341,0.00093929704831392,-0.000130761108055558,0.0178133521163365,-0.000328931641384255,-0.00154123404125742
2.76684307963587,1.22383237005895,-2.62247949451585,0.547483708492551,2.96546477083453,0.216937331629513,3.536691202306e-05,9.19553051990455e-06,-4.36446242283315e-06,0.000475648570653879,-2.73617622531993e-06,-6.18533119615495e-06
2.58003088715486,1.20765321091816,-1.2936276784503,0.549283032589502,0.720105735143148,0.236475148673741,0.00013243285557916,0.000151380576511592,1.94795676597085e-05,0.00174663773864501,4.18214319475024e-05,-2.5595721319209e-05
0.379448869382031,1.03965070142797,-3.00663764357413,0.569205832979558,1.36229698930763,0.24752956376344,0.473112215803187,0.149956420932646,-0.0775648469041359,1.30535005890851,0.768021080675917,-0.0640775381507778
1.14468840383925,1.74683908776048,-1.73639079176265,0.452791576995908,0.340030609403307,0.20747194543085,0.114047049590735,0.118517040775077,0.00299612045494635,0.19800806415346,0.358691273287461,0.000740155892518398
2.32501787608489,1.50746088529256,-2.87560260536796,0.494310518201568,2.17954632660197,0.339641374010721,0.00147277973024413,0.000724923978422382,0.000158539739683847,0.00831728041985427,0.0011611153929651,-0.00035608771238614
0.428424919082318,1.26334286798709,-0.305581222467569,0.507409840267864,1.09531898952635,0.464348319225495,0.519419614504864,-0.179295275507838,-0.0865813760344077,0.453455767755467,0.256316798634194,-0.178563630346616
0.436614571569953,1.19736291222658,-0.947360756807478,0.433730067679037,1.72289602382667,0.286561372678195,0.422443258899359,-0.0221711866225663,-0.13509462787629,0.589191346111128,0.747746835620333,-0.0549491489144828
1.33465886289487,1.32943940150883,-2.17858691378596,0.467938469681367,1.35228955298486,0.292925894154133,0.0146747432353683,0.00968471332600686,0.000965763588988739,0.0670967526597466,0.0222581077858199,-0.00241360685823272
1.3298871394014,1.19962295065069,-4.02930492292758,0.481721352944964,1.95510600994684,0.271670474100747,0.00249655547019034,0.00195772706893172,0.00193556278623544,0.01609296907024,0.00335199851753397,-0.000408827191924082
0.429423412738834,1.1959552463344,2.1807692379465,0.487715751262987,1.32077505622742,0.803892608482766,0.0947103279448589,-0.0803121190738586,0.0616356409985471,0.053852568617976,-0.0247720674336727,-0.0657341228390194
1.71773689190159,1.93737759296834,1.06702366289253,0.554536013091028,0.879529481884563,0.548094560246105,0.0246232228898151,-0.0303452533712994,0.0172527269320411,0.0307661414365085,-0.0177251864261124,-0.0102470037636573
1.90336525994353,1.62866923039415,-0.346168357381292,0.474960805382248,1.18574681301765,0.22131924044931,0.0205212721125989,-0.000672595044667427,-0.0125534646930791,0.0679383324855264,0.0176527923231363,-0.00312466415591474
2.88729229210876,0.970234155529329,3.41775368137898,0.512526709754643,0.0154550630380675,0.255619859459776,7.85558962953709e-15,-8.12317104952741e-14,1.26323327013984e-14,2.15639909960821e-13,-2.56047708579644e-14,2.04229190463263e-16
0.402006234345026,0.84414742620748,-1.16935464380657,0.482779985177035,1.55954989979425,0.461588738134956,0.220736081327916,0.00525754532380248,-0.0687520849283958,1.05964283914689,0.207016083618326,-0.0715086538678956
0.232703566038981,1.53129512788289,-1.81742023332943,0.470462575240902,0.756816451073861,0.287611806775282,1.94333990216197,-0.517748851091727,-0.17979059567269,0.145290744290003,0.821536320451507,-0.605435738839521
2.59253363114549,1.81208586911982,3.13236034762083,0.396908378455299,1.62591121076984,0.0169033544830141,0.00106623944424331,-0.00120016118205343,0.00162417275353529,0.00334205491808502,0.000821609570083173,-1.39433879638608e-05
2.37026254917728,1.42573197237742,1.15043146755405,0.428583363920124,1.40861308304562,0.581700633744939,0.00125296654191587,-0.000740227595779679,-0.000114827107892862,0.00838386876998592,0.000931123204808813,-0.000601763771065123
2.37032552099554,1.84010714797166,-3.53889904615278,0.49950714859602,0.391526564170604,0.167276674127478,5.44548394151235e-06,2.97498245852613e-05,5.99365343761666e-05,2.20450553314099e-05,2.64748792160785e-05,1.09759730551345e-06
2.44533139027189,0.927431078449645,-2.84393866078913,0.496237686888862,1.83485935587763,0.222475139287433,3.90578677218751e-07,2.74650448316359e-07,1.64587495832461e-07,1.10678058002826e-05,1.80033719506068e-07,-6.82529469699214e-08
1.84681041365257,2.26833425198853,1.63078493026215,0.518292376445027,0.773874723854342,0.383052473458831,0.0104279320601191,-0.0205698477998059,0.0244320746354237,0.00479650897789733,-0.0117524274392198,-0.00245242224498126
1.10041783846682,1.29546791067574,-5.29856082868751,0.12428809213132,3.08798395966727,0.132314418694093,0.00235408350030657,0.00115803950309564,0.0010632520591607,0.00833177460742417,0.0196413407546798,9.86555821311691e-05
2.65374286146834,1.54393688093292,2.19742285529776,0.48562862778857,1.33239390558128,0.507545675572078,0.000545331483438422,-0.00062820376043577,0.000627634746659092,0.00313937396218774,-2.2333154264654e-05,-0.000224567003991493
1.76764545915648,1.7916509689886,-0.323452894678679,0.146900399666326,0.857758381167153,0.115902689523054,0.0191073066018974,0.00245087204333581,-0.0123127929101247,0.0374951515338985,0.128084932173825,-0.000672482255554073
0.59187073642388,1.58222484144562,-0.419776141330711,0.491455183255642,1.54711094648251,0.656469176356492,0.336689880048168,-0.0823357324696951,-0.0896076530694873,0.245133155172888,0.300914206753615,-0.142664563028313
2.64704727893695,1.8139338212591,-3.83507260257563,0.637756959199649,1.36912938001453,0.168476309083007,0.000656165429616161,0.000989793830680619,0.00164551049440899,0.0025716150479973,0.000212419937704012,-0.000101384637192189
1.928451561369,1.02256184526467,-1.06892691387539,0.563519220920754,0.70055429863528,0.373617738348207,0.00018026692365274,0.000137518215545395,-5.12409695181594e-05,0.00292742045141858,-2.25877775493044e-06,-5.81510952086117e-05
0.775077408016659,1.4545357991313,4.65197703474826,0.505920940549659,2.28918288216267,0.364909196047477,0.0133018853611173,-0.0113952301102305,0.0177108198101011,0.0138883242708189,-0.00420077815218303,-0.00322591520638965
1.59221479813568,1.82593302689701,3.48465624782936,0.516667484497833,1.88482243771499,0.806446099766476,0.00489148450079139,-0.00475371883652341,0.00653135486229743,0.0073882653091555,-0.000993416626691916,-0.00337262462522478
1.40954574495554,0.963349119021678,-2.85279310860417,0.531325882180024,0.848304065627503,0.594322529239388,0.000145330906589586,0.000251123653470085,0.000282545361379082,0.00209220687169918,0.000109733811823176,-6.91032607687337e-05
0.714215555030387,1.04321210620292,-0.450329962687727,0.506773837221275,2.00971653771708,0.420155950515273,0.0650588951686788,-0.00361801864562613,-0.0235037579938697,0.302809737918116,0.0346147302846367,-0.0201433962241042
0.0816011674352922,1.92860342224657,-2.18472008290837,0.570938235045047,1.91898621968906,0.0853789083061986,0.315950433335647,-0.220074563963734,0.256864422586338,-1.35541997532255,-4.63832413231594,0.399735618081419
1.96842768460047,2.41557741789505,3.90925056090468,0.536645567146697,1.66051520077759,0.500993542428725,0.00230886662224248,-0.0032193184187246,0.00629007055068377,0.00121982045646131,-0.00127163691548574,-0.000769687631124511
1.10048003070988,1.21834136124298,-2.51032259203112,0.541760823270284,0.544736949485338,0.304649715083601,0.012313021418551,0.0193426759036607,0.0110295464844021,0.0677800975087276,0.0231444061618869,-0.00189931423147373
1.30603431139607,1.40582384375114,1.3396254333169,0.491646135680328,1.35913791588039,0.751435112705066,0.016223498690708,-0.0116261994421399,0.00302619191663735,0.0525258974094656,0.00119413518402883,-0.0105079492477037
0.629969705757685,1.37978221459107,2.52067250872824,0.561308925932313,1.81637358385181,0.06682609084179,0.0683610695485569,-0.0524538364121247,0.0477047064537224,0.0603913808900954,-0.0471517543840885,-0.00292877304894018
1.10265052742325,1.60960598654351,2.35060888838869,0.468065739796728,2.63705433166871,0.477872592600599,0.0336582625225434,-0.0130868907034139,0.00218134451435123,0.0526165371547362,0.0256107995656618,-0.0105958625086457
0.623401046998333,1.11190199160298,-4.76133066413023,0.384854743219445,0.124533906503778,0.286186235212676,0.00148958150816368,0.00368088652062831,0.0010194733240548,0.00699239619661106,0.00901733797287356,0.0009465339843991
1.07252170898719,0.819112007656271,2.35696593531489,0.425060539433916,1.93978141383737,0.339274736702486,0.000357373845615797,-0.000204450054729979,7.94049633957163e-05,0.00598129049795382,0.000215733438717439,-9.94267715739607e-05
1.72775309870485,1.25229299747236,4.77327298247187,0.499249962682264,0.760690618050961,0.630669758001665,7.36892741455405e-08,-3.23438168495542e-07,1.03203881148805e-06,4.5312817971276e-07,-1.35952399957524e-07,-1.97508935768685e-08
0.800460978981573,1.08326714631623,0.272612005621198,0.470064355678693,0.965250701865949,0.341190626546134,0.0647783351125179,-0.0271560676959478,-0.0174560345360586,0.286980278168716,0.0266447296730269,-0.0173033282615096
2.13144955795724,1.11570583516045,-0.526092478252145,0.355418706702072,1.31899771009624,0.46010148430814,0.000209460465980259,3.0625581401301e-05,-0.000118927560455091,0.00282063595344236,0.000371371851657898,-7.08268195507007e-05
2.14770953160478,1.80127747343046,2.38534301669848,0.454471404338928,0.851454067696002,0.102820948386967,0.0010697149977882,-0.00248510934461937,0.00415107060555864,0.00235253246422199,-0.00085568927669998,-7.82420581865353e-05
2.11746920506703,1.38938725660806,-2.09612496013627,0.583389528983697,1.63756689728504,0.640671425835453,0.00166069444013776,0.00090419253201475,-5.26990755317812e-05,0.0111862573771634,-0.000526431751702972,-0.00100509111979889
2.66995027801022,1.03348253618784,0.86905358552069,0.512657966627776,1.58569009004801,0.0719641980301284,4.01328636214567e-06,-1.48292961392778e-06,-1.33388755663562e-06,8.81637703221515e-05,-2.53700366940505e-07,-2.29671674008312e-07
2.41240817593643,1.59326731136421,-0.628540560632304,0.333956222227104,1.85583945035328,0.546614125646933,0.00305428768493815,0.000293528871509018,-0.00141333409560909,0.0145364967875966,0.00652448765406304,-0.00108819847281288
0.887072307372,1.6644046679926,3.27258509189506,0.486099373848967,0.627683697939479,0.261079654025138,0.000930053740496393,-0.00253562361771804,0.00396012144320418,-0.000283976540308574,-0.00317787229489471,6.05908962458711e-05
1.79223253092496,1.53318768692409,-0.296469104414644,0.479172434583007,1.35315492915802,0.600826405663444,0.0152181422872767,-0.000843518738533706,-0.0084872274190658,0.0581375378065289,0.00955269509883087,-0.00703235880218643
0.204509778949432,1.36364183545795,1.20295095560462,0.503607664077178,1.14505000501886,0.229401597715019,0.48825391899312,-0.352614186557354,0.204153598098944,-0.496835826450766,-1.34354960347376,-0.0297886050659166
0.0622367261443287,1.42541276903604,1.56969324746524,0.607028044712738,1.65194025586107,0.699576366978145,0.327390614683921,-0.16639691876567,0.115749501896959,-0.740741504517949,-2.83193693478342,0.948002798404054
2.50322215028573,1.50336329343647,3.97955961782554,0.507568118275256,2.43580105583643,0.0688651413270404,0.000388562191507648,-0.000262885212884224,0.000283770330924649,0.00231529762301909,-8.92559213858282e-06,-2.01557765475976e-05
1.62090947362594,1.19363627105292,-1.76485574183465,0.731477547319971,0.510055288071141,0.177518248914899,0.00264681514521341,0.00370719610923194,0.00111165503888441,0.0231646362942396,-0.00318416684138438,-0.000645095792945977
1.93524087013211,1.73858173462436,1.69589789690713,0.40455957521234,1.81763953394386,0.418456382109284,0.00950995722977398,-0.00516342513471318,0.00058428686465187,0.0241241586761543,0.0106187025858047,-0.00286717086537063
2.3227265204885,1.64166901034991,1.50530655088527,0.504313330754079,0.676166966683908,0.209738916412312,0.00187005752325947,-0.00391682396028956,0.00412561978183592,0.00690054390805913,-0.00169996280151022,-0.000277875287124039
1.20721843374195,1.38900326182388,-1.45173934647439,0.508130208362844,1.03956011341488,0.19737834967992,0.0487642722678964,0.0220310855124361,-0.0161484227487062,0.170749316665157,0.0591911565948864,-0.00604279266098921
2.73702299221186,1.56781880822212,4.16595301743369,0.495582507188494,0.827692834651937,0.529233696443824,2.59334522235713e-07,-1.09289300105962e-06,3.60904925966439e-06,1.33794956467248e-06,-3.85188562470305e-07,-7.95965094169684e-08
2.80116637188476,0.957730216763657,-1.95128796383534,0.515585618889788,2.37493335925657,0.365731942431873,1.81085319658123e-07,5.35838306352969e-08,-3.4038811409839e-08,5.34779610183592e-06,1.55574568254933e-08,-5.42787578705968e-08
0.368041451903991,1.88355785294072,0.0779568169359786,0.504902018490251,1.45563280170512,0.62063391097366,0.529643093267498,-0.280637377306956,0.0810166247541602,-0.123676103461021,-0.211202478590965,-0.256966426431614
0.135656157135963,0.67560912661063,2.61195637493305,0.458865294543529,0.707073758502612,0.539378284894826,0.4277073641341,-0.258988776506763,0.0750493589846137,0.216011433787556,-0.363007299402851,-0.184084387369699
2.44671719474718,0.951166963590198,3.74403532444297,0.548444545867752,2.85175501063983,0.483350285845822,4.61671271792178e-07,-2.13700369423517e-07,1.27996584324833e-07,1.19926315339474e-05,-2.15661862044006e-07,-1.85965025953884e-07
2.73438898412278,1.0393752344622,1.62507380012048,0.568669797540007,1.57148777158308,0.334088319824513,2.15169938199985e-06,-1.39537000866403e-06,2.29967649967213e-07,4.75534456969504e-05,-1.52936827971284e-06,-5.81389569934407e-07
2.8197645690525,1.60910643607647,-1.12478489465858,0.58090470279288,1.33607105774208,0.438287223738485,0.00206054679600298,0.000765292165512453,-0.000903953589144535,0.0117678297972385,-0.000421742300700618,-0.000780323107915072
2.6864898753236,1.0224758889354,2.07850794863176,0.500511794732897,0.042851275154487,0.380927477440251,9.70537848281601e-09,-5.86319902784334e-08,1.40712212242445e-08,2.12191794136136e-07,-1.80801196670794e-08,-1.88206763674872e-09
2.50913149791304,1.52264967080436,0.101401914229819,0.396173602981165,1.14869780856194,0.53826152796392,0.002766597322596,-0.000582023342524894,-0.00170081117635775,0.0160094232041604,0.00349263880848082,-0.00113938621046929
0.704853639856447,1.77592987500546,-3.94151417639578,0.459578014075571,2.54443695973199,0.265533456510002,0.139614269579783,0.0484927594886537,-0.00194783623787776,0.13472870778122,0.393186946274481,0.00409795413951672
2.0139171106508,0.960987605698562,1.15575357298765,0.473076318736187,1.70401277555251,0.431018097331793,2.02614970113562e-05,-8.24526895278544e-06,-4.42662362005433e-06,0.000411996879776705,5.82621177514828e-06,-7.15393393337956e-06
1.77744644413469,1.71527972327721,2.77830646084774,0.411607062995694,1.84275562936907,0.269578534226837,0.00615818032926352,-0.00494772330959984,0.00446243916643228,0.0141362139290839,0.00501515438416252,-0.00121766946543629
2.38911159784766,2.13117726209108,1.75665490968047,0.417170847757712,2.09492766859448,0.0840830536193158,0.0108150606402315,-0.0047906330054758,-0.00026699258570369,0.017081483063113,0.0132841438330314,-0.000556515459342552
1.10548605604563,1.50209727226863,2.36330841921458,0.460338370364304,1.08722673148197,0.346082083250696,0.0113358736348339,-0.0161946483693445,0.0192977434740025,0.0180492343179788,-0.00593821969657227,-0.00290774091590346
1.23171028469224,1.23540779462552,4.25022446054622,0.491652400422896,1.52106361981059,0.47586693027943,0.000572440903694356,-0.00086611829874823,0.0017162681463646,0.00256654847631789,-0.000381124663187111,-0.000202959502558042
0.657453266868834,0.901774500322162,0.672910931898827,0.502145728602404,0.407112233861957,0.277348549705916,0.0444125649794733,-0.0357380723188857,0.00106298780040824,0.282566086757386,-0.0211688681068054,-0.00989136529716114
0.174851629557088,1.59898334408506,3.63697875623036,0.433230648944524,1.84084653576441,0.439303066521157,0.135628233036102,-0.103541012155186,0.121081953631149,-0.139143096197382,-0.539864018585178,0.0259217896919672
0.428700585116167,1.06408062492326,-3.64779540518913,0.569731833743695,1.81743922939381,0.551775960168589,0.241846916301296,0.0919871798352921,-0.0125250080945455,0.741742246804017,0.266014547665203,-0.0937781743927205
0.359297463065013,2.04799957570271,1.89865713248172,0.476474932114257,1.3886070567102,0.333196943542456,0.144945917290821,-0.136738301875865,0.138863085153141,-0.103225673046894,-0.441433773723092,-0.0038429209127506
0.170449061365798,2.24196898093009,0.591330568094597,0.416803915924586,2.29649049736517,0.364488043897744,0.729372480409676,-0.358778448665717,0.27577625958053,-0.502097867710995,-2.63045347789934,-0.0803991658242072
0.233860329946037,1.22313303882384,-1.76167752335152,0.524299464356735,1.33973511991937,0.025343802031436,1.74242859279553,-0.281496174248726,-0.323499138297571,0.904995477294782,1.73638033244853,-0.0288771360174664
0.662896126997657,1.02089963174047,2.8164701287998,0.434559717723523,2.04832092114954,0.352336458794848,0.0250853823113002,-0.0153590011578702,0.0102912725780381,0.10268608567135,0.0107796143453581,-0.00685770940695377
0.82097954461351,2.63078791816348,3.43900553621434,0.393421087599716,1.36601252210435,0.222081699490213,0.00962086988749199,-0.0145683653929832,0.0259296327815358,-0.00319517433843883,-0.0209729618243653,-0.000903055998614119
0.0868521332391538,2.13358701711756,2.67765959710413,0.559638326719657,0.0757915851732299,0.394563385979624,0.0037481106316829,-0.00407344534260196,0.000312528150503229,-0.0171513357169264,-0.0906450381807228,0.0358233196066758
2.45921798396157,1.35485190333938,-2.58965976136609,0.480453088352446,0.407670097800683,0.406181342723628,1.85274306778867e-05,7.45612838757219e-05,0.000109226553897574,0.000171872734212946,4.52065229722469e-05,-1.91500583472585e-06
2.55966439913027,2.00809918914938,1.88589862066312,0.282159214185007,1.59837838470829,0.0821313276713561,0.00479247234771059,-0.00343038034490008,0.00132433753978999,0.0101118570825315,0.0117351855422777,-0.000298900448547645
0.131167711352464,1.71071559174581,-3.75575161502384,0.503777224332554,1.55880520224431,0.156560487434701,4.1726644957193,-1.15018354921598,-0.130844383956745,-2.03184372477118,-6.59609787488911,-0.976897529478822
0.266420953895431,1.07789103486222,2.12621965094462,0.507364893160889,1.46570446466742,0.099482687639377,0.275812790312142,-0.195119974581361,0.133976233443774,-0.0235589411681133,-0.314026207986864,-0.0162914472301624
1.515695851692,0.831031963858747,-3.13900352802875,0.45115453408153,1.27940904915018,0.119564018429459,8.05077266801591e-06,1.01333269408758e-05,1.18341417547174e-05,0.000194404398459173,1.10418456747051e-05,-6.33843702411671e-07
2.0625279544387,1.69173875752426,2.24141462092849,0.557887254198865,0.703714840983729,0.416331654056256,0.000628576813524313,-0.00171605205454604,0.00284958603794995,0.00160705292852785,-0.00116943145951148,-0.000126625569971582
2.31899102209136,0.93776717455454,2.21954100517589,0.398145855299593,1.50870467820679,0.404201880513209,1.01995053381574e-06,-8.98640116202735e-07,6.26597892127799e-07,2.604651001292e-05,8.89184953413264e-07,-3.53120999548193e-07
0.668898925429676,1.46622560589023,-1.68508019629911,0.604371874241597,1.77430484809666,0.264568491030811,0.289055872027636,0.0217431609506889,-0.106905094237131,0.444401806349839,0.233321252631088,-0.0535354987895709
2.40431357804919,1.46580187514201,0.512555536634806,0.47476005712692,0.620966416120051,0.340096761633754,0.002966824540113,-0.00297024847005411,-0.000442072060724457,0.0181356290666603,0.000244346322457824,-0.000818226195165485
1.28215753154363,1.11080049276358,1.50279420191758,0.440037164762047,0.677557444313946,0.318057864419388,0.0029567064952174,-0.0044914841330746,0.00301403033382665,0.0209400205791731,-0.000641568509355118,-0.000789436591199586
0.860160765575711,1.64486524991503,1.2218350326277,0.523519575419148,1.97414979081747,0.417099806111157,0.103059314794686,-0.0455155155333198,-0.000124943708866319,0.0986681515956022,0.0389533660828742,-0.0283084271166274
0.536232909595128,1.30619567462786,-1.90358490806721,0.494807847948233,1.93063496843919,0.639552439350711,0.290333184234074,0.029442862911529,-0.0914544742732012,0.489546745803039,0.374949606237718,-0.102165683297467
1.63120577870868,1.15621081609965,-3.48227183646389,0.469404493507435,1.46437085895307,0.227214011021581,0.00047732090172421,0.000544419771959673,0.000656008704026188,0.00438254503086134,0.00069197709429311,-6.53004066144555e-05
1.70998098200653,1.06101459361239,-1.39209381372521,0.503383406154029,1.56728910710677,0.369604086977957,0.000578708830364204,0.000204803548156612,-0.000184232762326253,0.00724315112802231,0.000264885762770571,-0.000167155450312738
0.890786871255841,1.55727675910852,-2.10413546652153,0.504249959309165,1.62493057224248,0.0567050860783902,0.133720171518361,0.0434151749628088,-0.0348256627377123,0.223514240645507,0.246072511115205,-0.00289160076103911
2.2703551831306,1.22843573491206,1.65766565674407,0.525418238033544,1.53363682150525,0.667124471773501,0.000228848760905394,-0.000158656688248695,4.34179512135186e-05,0.00239369027727745,-6.26449300569586e-05,-0.000130927184222172
1.96611138534499,0.953449233560613,1.60535021043701,0.384338256751369,2.34970510565716,0.312323530329057,1.65812730669232e-05,-4.94064591032935e-06,-3.0004405527969e-06,0.000336756983681002,2.03840043032592e-05,-4.12212301620644e-06
2.02176979914075,1.03611161285857,2.03410222177395,0.43735606339319,1.31338300985849,0.443314431313799,3.83214395348286e-05,-3.90438487002275e-05,2.96114166910001e-05,0.000609028610503986,1.49574414186041e-05,-1.43921829849134e-05
0.851020512823015,1.36479536567568,1.43405850792165,0.557398467116801,0.93025618851872,0.510453312436732,0.0449914311172587,-0.0504354384666044,0.0325863799431782,0.0720244490727779,-0.0483599973058464,-0.0161703301032561
2.23428779501701,1.27199393212534,-1.75557489708532,0.453768194241504,1.95675538147567,0.0321312635791924,0.000565365985776392,0.000197935199831829,-0.000123091617404003,0.0052753648738029,0.000558039829433785,-1.28061669693526e-05
2.87650467881467,0.963380574134225,3.24578069195791,0.490210938033508,1.57695510668776,0.27184283362401,3.50296536942819e-08,-4.21387845557758e-08,6.04525862712135e-08,1.03524204011833e-06,-4.66827086333063e-09,-7.70861727307649e-09
2.69031897494569,1.31985675194326,1.46209769571478,0.51413017410063,1.28117989623597,0.475369082261624,0.000182035146295029,-0.000154829377869784,5.31095914516676e-05,0.00182152250351091,-3.82563150552025e-05,-7.05294310580953e-05
0.65433083671378,1.56019248333376,-2.45261181206332,0.50970327225984,1.54604892826147,0.415578477685447,0.278782913949175,0.082704794037601,-0.06996046916729,0.370732762105418,0.571196160107846,-0.0326791323989763
0.2,7.47,1.76,0.5,1.36,0.33,1.30010992010498e-07,-2.79762520454718e-07,7.93685538331948e-07,-4.69209080872322e-07,-1.00745696779276e-05,4.6433121359017e-06
1,7.47,1.76,0.5,1.36,0.33,0.00706851078881337,-0.0120617553928255,0.0249252767774535,-0.00414954435356764,-0.0726750964544343,0.0161831875941421
3,7.47,1.76,0.5,1.36,0.33,0.0138441605590876,-0.0188652505372306,0.0265514880026931,-0.00126033447891235,-0.0175089385479594,-0.00200180426405269
0.2,0.11,1.76,0.5,1.36,0.33,5.9479183886421e-34,-1.7665566088089e-34,-4.66956071977157e-35,8.70924861140934e-31,-7.19858384909587e-35,-1.63887042582526e-34
1,0.11,1.76,0.5,1.36,0.33,6.25969920106925e-176,-3.98686438496842e-176,4.66018873040014e-177,4.63011672297809e-172,-3.64176402798709e-177,-1.72830120103844e-176
3,0.11,1.76,0.5,1.36,0.33,0,0,0,0,0,0
0.2,1.4,18.51,0.5,1.36,0.33,3.66020858516951e-15,-1.13585603032909e-14,4.72265690943341e-14,-1.78575989328253e-14,-6.92218852741394e-14,3.21065087752007e-14
1,1.4,18.51,0.5,1.36,0.33,9.58426900491055e-30,-6.42970334036655e-29,5.82072309663398e-28,-4.5127449315967e-30,-7.52036989164633e-29,1.34743342377114e-29
3,1.4,18.51,0.5,1.36,0.33,4.09286583037643e-39,-3.51150208617523e-38,4.07181692541075e-37,3.32655013940198e-38,-1.37876195232036e-38,3.1223625210367e-40
0.2,1.4,-18.51,0.5,1.36,0.33,5.41004357984683e-07,1.12671317933886e-06,3.0861918461201e-06,3.8019138936198e-06,8.77506210691087e-06,2.77628590196446e-06
1,1.4,-18.51,0.5,1.36,0.33,9.33069587269462e-26,5.79766182348975e-25,4.8549059625384e-24,5.78782549426528e-25,8.44230558335264e-25,1.74836708943904e-25
3,1.4,-18.51,0.5,1.36,0.33,2.18109934634743e-37,1.82445245245743e-36,2.06195011446597e-35,2.39780833821934e-36,8.45804552028306e-37,3.98467471429073e-38
0.2,1.4,1.76,0.5,3.45,0.33,0.725545192303368,-0.225417876002096,0.0973218032544998,-0.0533570705647043,-0.0741072739817799,-0.141356348342079
1,1.4,1.76,0.5,3.45,0.33,0.0351102992747188,-0.00671782404497741,-0.00494115642498468,0.0857049454785877,0.022932652750458,-0.00762580420390374
3,1.4,1.76,0.5,3.45,0.33,0.000122695009472143,-1.99984564104045e-05,-2.33438704818362e-05,0.0011602282187621,2.81123289899012e-05,-3.17269503394716e-05
0.2,1.4,1.76,0.5,1.36,0.85,0.310396174022575,-0.199015902826473,0.127499279090523,-0.20394159342617,-0.291434010477344,-0.189327881975216
1,1.4,1.76,0.5,1.36,0.85,0.0253612591505965,-0.0217647213636103,0.0136665034768511,0.0538788075549307,-0.00207101886807924,-0.0193629740357703
3,1.4,1.76,0.5,1.36,0.85,0.000105746882952536,-9.64643477027889e-05,5.40794501349828e-05,0.000987987578459022,-3.50262205056116e-06,-8.29554524682323e-05
0.2,1.4,1.76,0.5,1.36,0.01,0.353932502298815,-0.271784515581544,0.213566538656101,-0.425804321012135,-1.19556107530751,6.1806713719248e-05
1,1.4,1.76,0.5,1.36,0.01,0.0338292668888522,-0.0292040650370356,0.0181420100176484,0.0705878314076976,-0.00795540130476129,-0.000240819201378223
3,1.4,1.76,0.5,1.36,0.01,0.000143439550464859,-0.000130980995805369,7.32972692106858e-05,0.00133775906261058,-1.42664493460967e-05,-1.11241429549597e-06
0.2,1.4,1.76,0.04,1.36,0.06,0.154972303928174,-0.0472607706630033,-0.0111142052208718,0.0993977607583473,3.60495282712983,-0.0840466865473913
1,1.4,1.76,0.04,1.36,0.06,0.00536081590305186,-0.00343549242867283,0.000436164955257829,0.0115986326166226,0.129824699648858,-0.00130766137221401
3,1.4,1.76,0.04,1.36,0.06,1.98751399611064e-05,-1.62257308633809e-05,5.6329174478327e-06,0.000185833821923989,0.000488634460681127,-2.67121192477173e-06
0.2,1.4,1.76,0.96,1.36,0.06,0.0136116085431015,-0.0167475488581315,0.0253262356818388,-0.0560735066222707,-0.340257979173097,0.000608916150384957
1,1.4,1.76,0.96,1.36,0.06,0.00434061837741004,-0.00471239378754142,0.00488652131491125,0.010340703334188,-0.106732806563896,-0.000569235809141748
3,1.4,1.76,0.96,1.36,0.06,1.8163833861098e-05,-1.83435680224257e-05,1.38780462422569e-05,0.000171915120456105,-0.000449491417169333,-1.5472046634184e-06
0.2,7.47,-18.51,0.5,3.45,0.85,2.91490335154272,-0.157241919427052,-0.000940049391054643,-0.38901504254006,0.0086946283573138,-3.42387021406178
1,7.47,-18.51,0.5,3.45,0.85,0.000580911679673932,0.000559346337654846,0.00170989070254586,0.00052998220255445,0.0049062740936646,0.00176998827681368
3,7.47,-18.51,0.5,3.45,0.85,4.57014710433203e-07,6.22397357937002e-07,2.79711330912166e-06,2.18270210684539e-07,2.07708989742492e-06,5.10073788032221e-07
